Source,eType,Target,Time,Weight,SourceLocation,TargetLocation,SourceLatitude,SourceLongitude,TargetLatitude,TargetLongitude,graph,datetime,date,day_of_year,week,month,hour,edge_type,source_node_type,source_node_type_name,target_node_type,target_node_type_name,pair_min,pair_max
41,0,34,86400,1.0,,,,,,,template,2025-01-02 00:00:00,2025-01-02,2,1,1,0,email,1,person,1,person,34,41
37,0,27,94461,1.0,,,,,,,template,2025-01-02 02:14:21,2025-01-02,2,1,1,2,email,1,person,1,person,27,37
34,1,27,107548,1.0,5.0,5.0,,,,,template,2025-01-02 05:52:28,2025-01-02,2,1,1,5,phone,1,person,1,person,27,34
41,0,37,127838,1.0,,,,,,,template,2025-01-02 11:30:38,2025-01-02,2,1,1,11,email,1,person,1,person,37,41
34,1,37,137358,1.0,5.0,5.0,,,,,template,2025-01-02 14:09:18,2025-01-02,2,1,1,14,phone,1,person,1,person,34,37
27,0,41,137514,1.0,,,,,,,template,2025-01-02 14:11:54,2025-01-02,2,1,1,14,email,1,person,1,person,27,41
27,0,41,146000,1.0,,,,,,,template,2025-01-02 16:33:20,2025-01-02,2,1,1,16,email,1,person,1,person,27,41
41,1,37,149161,1.0,5.0,5.0,,,,,template,2025-01-02 17:26:01,2025-01-02,2,1,1,17,phone,1,person,1,person,37,41
37,0,34,158428,1.0,,,,,,,template,2025-01-02 20:00:28,2025-01-02,2,1,1,20,email,1,person,1,person,34,37
41,0,34,169247,1.0,,,,,,,template,2025-01-02 23:00:47,2025-01-02,2,1,1,23,email,1,person,1,person,34,41
27,1,37,177201,1.0,5.0,5.0,,,,,template,2025-01-03 01:13:21,2025-01-03,3,1,1,1,phone,1,person,1,person,27,37
37,1,41,183172,1.0,5.0,5.0,,,,,template,2025-01-03 02:52:52,2025-01-03,3,1,1,2,phone,1,person,1,person,37,41
41,0,27,216582,1.0,,,,,,,template,2025-01-03 12:09:42,2025-01-03,3,1,1,12,email,1,person,1,person,27,41
34,1,41,218423,1.0,5.0,5.0,,,,,template,2025-01-03 12:40:23,2025-01-03,3,1,1,12,phone,1,person,1,person,34,41
41,1,27,230069,1.0,5.0,5.0,,,,,template,2025-01-03 15:54:29,2025-01-03,3,1,1,15,phone,1,person,1,person,27,41
41,1,37,233022,1.0,5.0,5.0,,,,,template,2025-01-03 16:43:42,2025-01-03,3,1,1,16,phone,1,person,1,person,37,41
34,1,41,236079,1.0,5.0,5.0,,,,,template,2025-01-03 17:34:39,2025-01-03,3,1,1,17,phone,1,person,1,person,34,41
41,1,37,239793,1.0,5.0,5.0,,,,,template,2025-01-03 18:36:33,2025-01-03,3,1,1,18,phone,1,person,1,person,37,41
37,1,27,265109,1.0,5.0,5.0,,,,,template,2025-01-04 01:38:29,2025-01-04,4,1,1,1,phone,1,person,1,person,27,37
37,0,41,268112,1.0,,,,,,,template,2025-01-04 02:28:32,2025-01-04,4,1,1,2,email,1,person,1,person,37,41
37,0,34,272059,1.0,,,,,,,template,2025-01-04 03:34:19,2025-01-04,4,1,1,3,email,1,person,1,person,34,37
34,1,27,276813,1.0,5.0,5.0,,,,,template,2025-01-04 04:53:33,2025-01-04,4,1,1,4,phone,1,person,1,person,27,34
34,1,27,288578,1.0,5.0,5.0,,,,,template,2025-01-04 08:09:38,2025-01-04,4,1,1,8,phone,1,person,1,person,27,34
41,1,37,293985,1.0,5.0,5.0,,,,,template,2025-01-04 09:39:45,2025-01-04,4,1,1,9,phone,1,person,1,person,37,41
34,1,37,318223,1.0,5.0,5.0,,,,,template,2025-01-04 16:23:43,2025-01-04,4,1,1,16,phone,1,person,1,person,34,37
34,1,41,345461,1.0,5.0,5.0,,,,,template,2025-01-04 23:57:41,2025-01-04,4,1,1,23,phone,1,person,1,person,34,41
37,1,34,346631,1.0,5.0,5.0,,,,,template,2025-01-05 00:17:11,2025-01-05,5,1,1,0,phone,1,person,1,person,34,37
34,1,37,350177,1.0,5.0,5.0,,,,,template,2025-01-05 01:16:17,2025-01-05,5,1,1,1,phone,1,person,1,person,34,37
41,1,27,362034,1.0,5.0,5.0,,,,,template,2025-01-05 04:33:54,2025-01-05,5,1,1,4,phone,1,person,1,person,27,41
40,0,0,368628,1.0,,,,,,,template,2025-01-05 06:23:48,2025-01-05,5,1,1,6,email,1,person,1,person,0,40
41,1,34,374986,1.0,5.0,5.0,,,,,template,2025-01-05 08:09:46,2025-01-05,5,1,1,8,phone,1,person,1,person,34,41
37,0,34,395798,1.0,,,,,,,template,2025-01-05 13:56:38,2025-01-05,5,1,1,13,email,1,person,1,person,34,37
37,0,34,399788,1.0,,,,,,,template,2025-01-05 15:03:08,2025-01-05,5,1,1,15,email,1,person,1,person,34,37
37,0,41,401565,1.0,,,,,,,template,2025-01-05 15:32:45,2025-01-05,5,1,1,15,email,1,person,1,person,37,41
37,0,27,411242,1.0,,,,,,,template,2025-01-05 18:14:02,2025-01-05,5,1,1,18,email,1,person,1,person,27,37
34,0,37,412501,1.0,,,,,,,template,2025-01-05 18:35:01,2025-01-05,5,1,1,18,email,1,person,1,person,34,37
37,1,27,417194,1.0,5.0,5.0,,,,,template,2025-01-05 19:53:14,2025-01-05,5,1,1,19,phone,1,person,1,person,27,37
34,1,37,431903,1.0,5.0,5.0,,,,,template,2025-01-05 23:58:23,2025-01-05,5,1,1,23,phone,1,person,1,person,34,37
34,1,37,459754,1.0,5.0,5.0,,,,,template,2025-01-06 07:42:34,2025-01-06,6,2,1,7,phone,1,person,1,person,34,37
37,0,41,476347,1.0,,,,,,,template,2025-01-06 12:19:07,2025-01-06,6,2,1,12,email,1,person,1,person,37,41
41,0,39,494408,1.0,,,,,,,template,2025-01-06 17:20:08,2025-01-06,6,2,1,17,email,1,person,1,person,39,41
34,0,27,509489,1.0,,,,,,,template,2025-01-06 21:31:29,2025-01-06,6,2,1,21,email,1,person,1,person,27,34
34,1,27,533633,1.0,5.0,5.0,,,,,template,2025-01-07 04:13:53,2025-01-07,7,2,1,4,phone,1,person,1,person,27,34
41,0,37,540456,1.0,,,,,,,template,2025-01-07 06:07:36,2025-01-07,7,2,1,6,email,1,person,1,person,37,41
37,0,41,552924,1.0,,,,,,,template,2025-01-07 09:35:24,2025-01-07,7,2,1,9,email,1,person,1,person,37,41
34,1,27,558469,1.0,5.0,5.0,,,,,template,2025-01-07 11:07:49,2025-01-07,7,2,1,11,phone,1,person,1,person,27,34
37,0,34,573446,1.0,,,,,,,template,2025-01-07 15:17:26,2025-01-07,7,2,1,15,email,1,person,1,person,34,37
65,1,39,575922,1.0,5.0,5.0,,,,,template,2025-01-07 15:58:42,2025-01-07,7,2,1,15,phone,1,person,1,person,39,65
27,1,41,576871,1.0,5.0,5.0,,,,,template,2025-01-07 16:14:31,2025-01-07,7,2,1,16,phone,1,person,1,person,27,41
41,1,34,585647,1.0,5.0,5.0,,,,,template,2025-01-07 18:40:47,2025-01-07,7,2,1,18,phone,1,person,1,person,34,41
41,0,34,588261,1.0,,,,,,,template,2025-01-07 19:24:21,2025-01-07,7,2,1,19,email,1,person,1,person,34,41
27,1,34,589534,1.0,5.0,5.0,,,,,template,2025-01-07 19:45:34,2025-01-07,7,2,1,19,phone,1,person,1,person,27,34
41,1,34,600413,1.0,5.0,5.0,,,,,template,2025-01-07 22:46:53,2025-01-07,7,2,1,22,phone,1,person,1,person,34,41
41,1,34,609669,1.0,5.0,5.0,,,,,template,2025-01-08 01:21:09,2025-01-08,8,2,1,1,phone,1,person,1,person,34,41
41,0,34,611246,1.0,,,,,,,template,2025-01-08 01:47:26,2025-01-08,8,2,1,1,email,1,person,1,person,34,41
37,0,27,614378,1.0,,,,,,,template,2025-01-08 02:39:38,2025-01-08,8,2,1,2,email,1,person,1,person,27,37
41,0,34,631688,1.0,,,,,,,template,2025-01-08 07:28:08,2025-01-08,8,2,1,7,email,1,person,1,person,34,41
34,1,27,637600,1.0,5.0,5.0,,,,,template,2025-01-08 09:06:40,2025-01-08,8,2,1,9,phone,1,person,1,person,27,34
41,1,37,642322,1.0,5.0,5.0,,,,,template,2025-01-08 10:25:22,2025-01-08,8,2,1,10,phone,1,person,1,person,37,41
37,0,34,647884,1.0,,,,,,,template,2025-01-08 11:58:04,2025-01-08,8,2,1,11,email,1,person,1,person,34,37
27,1,37,665052,1.0,5.0,5.0,,,,,template,2025-01-08 16:44:12,2025-01-08,8,2,1,16,phone,1,person,1,person,27,37
41,1,0,700042,1.0,5.0,5.0,,,,,template,2025-01-09 02:27:22,2025-01-09,9,2,1,2,phone,1,person,1,person,0,41
65,1,41,1539767,1.0,5.0,5.0,,,,,template,2025-01-18 19:42:47,2025-01-18,18,3,1,19,phone,1,person,1,person,41,65
65,0,41,1815123,1.0,,,,,,,template,2025-01-22 00:12:03,2025-01-22,22,4,1,0,email,1,person,1,person,41,65
65,0,39,2025218,1.0,,,,,,,template,2025-01-24 10:33:38,2025-01-24,24,4,1,10,email,1,person,1,person,39,65
65,0,41,2219841,1.0,,,,,,,template,2025-01-26 16:37:21,2025-01-26,26,4,1,16,email,1,person,1,person,41,65
40,0,39,2274508,1.0,,,,,,,template,2025-01-27 07:48:28,2025-01-27,27,5,1,7,email,1,person,1,person,39,40
40,1,39,2299346,1.0,5.0,5.0,,,,,template,2025-01-27 14:42:26,2025-01-27,27,5,1,14,phone,1,person,1,person,39,40
65,0,41,2531012,1.0,,,,,,,template,2025-01-30 07:03:32,2025-01-30,30,5,1,7,email,1,person,1,person,41,65
40,0,41,2606356,1.0,,,,,,,template,2025-01-31 03:59:16,2025-01-31,31,5,1,3,email,1,person,1,person,40,41
40,0,0,2728873,1.0,,,,,,,template,2025-02-01 14:01:13,2025-02-01,32,5,2,14,email,1,person,1,person,0,40
41,0,39,2811368,1.0,,,,,,,template,2025-02-02 12:56:08,2025-02-02,33,5,2,12,email,1,person,1,person,39,41
41,0,39,2916910,1.0,,,,,,,template,2025-02-03 18:15:10,2025-02-03,34,6,2,18,email,1,person,1,person,39,41
67,0,39,2918105,1.0,,,,,,,template,2025-02-03 18:35:05,2025-02-03,34,6,2,18,email,1,person,1,person,39,67
47,0,39,2950842,1.0,,,,,,,template,2025-02-04 03:40:42,2025-02-04,35,6,2,3,email,1,person,1,person,39,47
39,0,66,2988949,1.0,,,,,,,template,2025-02-04 14:15:49,2025-02-04,35,6,2,14,email,1,person,1,person,39,66
67,0,47,3046943,1.0,,,,,,,template,2025-02-05 06:22:23,2025-02-05,36,6,2,6,email,1,person,1,person,47,67
41,1,0,3056926,1.0,5.0,5.0,,,,,template,2025-02-05 09:08:46,2025-02-05,36,6,2,9,phone,1,person,1,person,0,41
41,0,65,3194279,1.0,,,,,,,template,2025-02-06 23:17:59,2025-02-06,37,6,2,23,email,1,person,1,person,41,65
67,0,39,3239797,1.0,,,,,,,template,2025-02-07 11:56:37,2025-02-07,38,6,2,11,email,1,person,1,person,39,67
40,0,39,3253335,1.0,,,,,,,template,2025-02-07 15:42:15,2025-02-07,38,6,2,15,email,1,person,1,person,39,40
67,0,47,3274683,1.0,,,,,,,template,2025-02-07 21:38:03,2025-02-07,38,6,2,21,email,1,person,1,person,47,67
65,1,0,3305014,1.0,5.0,5.0,,,,,template,2025-02-08 06:03:34,2025-02-08,39,6,2,6,phone,1,person,1,person,0,65
41,1,40,3329197,1.0,5.0,5.0,,,,,template,2025-02-08 12:46:37,2025-02-08,39,6,2,12,phone,1,person,1,person,40,41
40,1,65,3411168,1.0,5.0,5.0,,,,,template,2025-02-09 11:32:48,2025-02-09,40,6,2,11,phone,1,person,1,person,40,65
65,1,0,3498622,1.0,5.0,5.0,,,,,template,2025-02-10 11:50:22,2025-02-10,41,7,2,11,phone,1,person,1,person,0,65
41,1,65,3516325,1.0,5.0,5.0,,,,,template,2025-02-10 16:45:25,2025-02-10,41,7,2,16,phone,1,person,1,person,41,65
41,1,39,3600085,1.0,5.0,5.0,,,,,template,2025-02-11 16:01:25,2025-02-11,42,7,2,16,phone,1,person,1,person,39,41
41,0,0,3659034,1.0,,,,,,,template,2025-02-12 08:23:54,2025-02-12,43,7,2,8,email,1,person,1,person,0,41
39,0,47,3759876,1.0,,,,,,,template,2025-02-13 12:24:36,2025-02-13,44,7,2,12,email,1,person,1,person,39,47
67,0,47,3961182,1.0,,,,,,,template,2025-02-15 20:19:42,2025-02-15,46,7,2,20,email,1,person,1,person,47,67
40,0,39,4053111,1.0,,,,,,,template,2025-02-16 21:51:51,2025-02-16,47,7,2,21,email,1,person,1,person,39,40
67,0,39,4070126,1.0,,,,,,,template,2025-02-17 02:35:26,2025-02-17,48,8,2,2,email,1,person,1,person,39,67
47,0,39,4070519,1.0,,,,,,,template,2025-02-17 02:41:59,2025-02-17,48,8,2,2,email,1,person,1,person,39,47
39,0,66,4090886,1.0,,,,,,,template,2025-02-17 08:21:26,2025-02-17,48,8,2,8,email,1,person,1,person,39,66
47,0,39,4095752,1.0,,,,,,,template,2025-02-17 09:42:32,2025-02-17,48,8,2,9,email,1,person,1,person,39,47
67,0,39,4127140,1.0,,,,,,,template,2025-02-17 18:25:40,2025-02-17,48,8,2,18,email,1,person,1,person,39,67
41,1,0,4131639,1.0,5.0,5.0,,,,,template,2025-02-17 19:40:39,2025-02-17,48,8,2,19,phone,1,person,1,person,0,41
40,1,0,4154217,1.0,5.0,5.0,,,,,template,2025-02-18 01:56:57,2025-02-18,49,8,2,1,phone,1,person,1,person,0,40
67,0,39,4183004,1.0,,,,,,,template,2025-02-18 09:56:44,2025-02-18,49,8,2,9,email,1,person,1,person,39,67
40,1,41,4270052,1.0,5.0,5.0,,,,,template,2025-02-19 10:07:32,2025-02-19,50,8,2,10,phone,1,person,1,person,40,41
41,1,40,4277208,1.0,5.0,5.0,,,,,template,2025-02-19 12:06:48,2025-02-19,50,8,2,12,phone,1,person,1,person,40,41
41,1,39,4277404,1.0,5.0,5.0,,,,,template,2025-02-19 12:10:04,2025-02-19,50,8,2,12,phone,1,person,1,person,39,41
47,0,39,4382315,1.0,,,,,,,template,2025-02-20 17:18:35,2025-02-20,51,8,2,17,email,1,person,1,person,39,47
40,1,65,4484132,1.0,5.0,5.0,,,,,template,2025-02-21 21:35:32,2025-02-21,52,8,2,21,phone,1,person,1,person,40,65
65,1,40,4496982,1.0,5.0,5.0,,,,,template,2025-02-22 01:09:42,2025-02-22,53,8,2,1,phone,1,person,1,person,40,65
41,1,65,4551749,1.0,5.0,5.0,,,,,template,2025-02-22 16:22:29,2025-02-22,53,8,2,16,phone,1,person,1,person,41,65
39,0,47,4586298,1.0,,,,,,,template,2025-02-23 01:58:18,2025-02-23,54,8,2,1,email,1,person,1,person,39,47
39,0,66,4621522,1.0,,,,,,,template,2025-02-23 11:45:22,2025-02-23,54,8,2,11,email,1,person,1,person,39,66
41,1,65,4782814,1.0,5.0,5.0,,,,,template,2025-02-25 08:33:34,2025-02-25,56,9,2,8,phone,1,person,1,person,41,65
40,0,39,4886159,1.0,,,,,,,template,2025-02-26 13:15:59,2025-02-26,57,9,2,13,email,1,person,1,person,39,40
40,1,65,4957547,1.0,5.0,5.0,,,,,template,2025-02-27 09:05:47,2025-02-27,58,9,2,9,phone,1,person,1,person,40,65
41,0,39,4976943,1.0,,,,,,,template,2025-02-27 14:29:03,2025-02-27,58,9,2,14,email,1,person,1,person,39,41
65,1,0,4987301,1.0,5.0,5.0,,,,,template,2025-02-27 17:21:41,2025-02-27,58,9,2,17,phone,1,person,1,person,0,65
47,0,39,5007419,1.0,,,,,,,template,2025-02-27 22:56:59,2025-02-27,58,9,2,22,email,1,person,1,person,39,47
65,0,0,5031586,1.0,,,,,,,template,2025-02-28 05:39:46,2025-02-28,59,9,2,5,email,1,person,1,person,0,65
47,0,39,5196460,1.0,,,,,,,template,2025-03-02 03:27:40,2025-03-02,61,9,3,3,email,1,person,1,person,39,47
39,0,66,5310512,1.0,,,,,,,template,2025-03-03 11:08:32,2025-03-03,62,10,3,11,email,1,person,1,person,39,66
67,0,39,5385092,1.0,,,,,,,template,2025-03-04 07:51:32,2025-03-04,63,10,3,7,email,1,person,1,person,39,67
39,0,66,5509228,1.0,,,,,,,template,2025-03-05 18:20:28,2025-03-05,64,10,3,18,email,1,person,1,person,39,66
39,0,47,5539314,1.0,,,,,,,template,2025-03-06 02:41:54,2025-03-06,65,10,3,2,email,1,person,1,person,39,47
41,1,65,5686004,1.0,5.0,5.0,,,,,template,2025-03-07 19:26:44,2025-03-07,66,10,3,19,phone,1,person,1,person,41,65
41,0,39,5691175,1.0,,,,,,,template,2025-03-07 20:52:55,2025-03-07,66,10,3,20,email,1,person,1,person,39,41
41,0,39,5742139,1.0,,,,,,,template,2025-03-08 11:02:19,2025-03-08,67,10,3,11,email,1,person,1,person,39,41
65,1,40,5766198,1.0,5.0,5.0,,,,,template,2025-03-08 17:43:18,2025-03-08,67,10,3,17,phone,1,person,1,person,40,65
40,0,0,5775248,1.0,,,,,,,template,2025-03-08 20:14:08,2025-03-08,67,10,3,20,email,1,person,1,person,0,40
65,1,41,5830690,1.0,5.0,5.0,,,,,template,2025-03-09 11:38:10,2025-03-09,68,10,3,11,phone,1,person,1,person,41,65
41,1,39,5971021,1.0,5.0,5.0,,,,,template,2025-03-11 02:37:01,2025-03-11,70,11,3,2,phone,1,person,1,person,39,41
39,0,40,6040991,1.0,,,,,,,template,2025-03-11 22:03:11,2025-03-11,70,11,3,22,email,1,person,1,person,39,40
67,0,39,6042993,1.0,,,,,,,template,2025-03-11 22:36:33,2025-03-11,70,11,3,22,email,1,person,1,person,39,67
67,0,39,6049965,1.0,,,,,,,template,2025-03-12 00:32:45,2025-03-12,71,11,3,0,email,1,person,1,person,39,67
40,1,41,6105265,1.0,5.0,5.0,,,,,template,2025-03-12 15:54:25,2025-03-12,71,11,3,15,phone,1,person,1,person,40,41
41,0,65,6165002,1.0,,,,,,,template,2025-03-13 08:30:02,2025-03-13,72,11,3,8,email,1,person,1,person,41,65
47,0,39,6317557,1.0,,,,,,,template,2025-03-15 02:52:37,2025-03-15,74,11,3,2,email,1,person,1,person,39,47
65,1,40,6482840,1.0,5.0,5.0,,,,,template,2025-03-17 00:47:20,2025-03-17,76,12,3,0,phone,1,person,1,person,40,65
40,1,0,6786345,1.0,5.0,5.0,,,,,template,2025-03-20 13:05:45,2025-03-20,79,12,3,13,phone,1,person,1,person,0,40
41,1,65,6855138,1.0,5.0,5.0,,,,,template,2025-03-21 08:12:18,2025-03-21,80,12,3,8,phone,1,person,1,person,41,65
47,0,39,7171539,1.0,,,,,,,template,2025-03-25 00:05:39,2025-03-25,84,13,3,0,email,1,person,1,person,39,47
39,0,67,7312933,1.0,,,,,,,template,2025-03-26 15:22:13,2025-03-26,85,13,3,15,email,1,person,1,person,39,67
41,0,40,7402620,1.0,,,,,,,template,2025-03-27 16:17:00,2025-03-27,86,13,3,16,email,1,person,1,person,40,41
65,1,0,7414374,1.0,5.0,5.0,,,,,template,2025-03-27 19:32:54,2025-03-27,86,13,3,19,phone,1,person,1,person,0,65
40,1,39,7533645,1.0,5.0,5.0,,,,,template,2025-03-29 04:40:45,2025-03-29,88,13,3,4,phone,1,person,1,person,39,40
39,0,47,7781464,1.0,,,,,,,template,2025-04-01 01:31:04,2025-04-01,91,14,4,1,email,1,person,1,person,39,47
40,0,65,7808457,1.0,,,,,,,template,2025-04-01 09:00:57,2025-04-01,91,14,4,9,email,1,person,1,person,40,65
47,0,39,7819876,1.0,,,,,,,template,2025-04-01 12:11:16,2025-04-01,91,14,4,12,email,1,person,1,person,39,47
41,0,65,7943328,1.0,,,,,,,template,2025-04-02 22:28:48,2025-04-02,92,14,4,22,email,1,person,1,person,41,65
40,0,65,8044475,1.0,,,,,,,template,2025-04-04 02:34:35,2025-04-04,94,14,4,2,email,1,person,1,person,40,65
39,0,67,8104116,1.0,,,,,,,template,2025-04-04 19:08:36,2025-04-04,94,14,4,19,email,1,person,1,person,39,67
40,1,0,8119939,1.0,5.0,5.0,,,,,template,2025-04-04 23:32:19,2025-04-04,94,14,4,23,phone,1,person,1,person,0,40
47,0,67,8133038,1.0,,,,,,,template,2025-04-05 03:10:38,2025-04-05,95,14,4,3,email,1,person,1,person,47,67
41,0,0,8185766,1.0,,,,,,,template,2025-04-05 17:49:26,2025-04-05,95,14,4,17,email,1,person,1,person,0,41
39,0,67,8329065,1.0,,,,,,,template,2025-04-07 09:37:45,2025-04-07,97,15,4,9,email,1,person,1,person,39,67
39,0,47,8343434,1.0,,,,,,,template,2025-04-07 13:37:14,2025-04-07,97,15,4,13,email,1,person,1,person,39,47
67,0,39,8355747,1.0,,,,,,,template,2025-04-07 17:02:27,2025-04-07,97,15,4,17,email,1,person,1,person,39,67
41,0,65,8362608,1.0,,,,,,,template,2025-04-07 18:56:48,2025-04-07,97,15,4,18,email,1,person,1,person,41,65
39,0,47,8368424,1.0,,,,,,,template,2025-04-07 20:33:44,2025-04-07,97,15,4,20,email,1,person,1,person,39,47
67,0,39,8417268,1.0,,,,,,,template,2025-04-08 10:07:48,2025-04-08,98,15,4,10,email,1,person,1,person,39,67
39,0,67,8457147,1.0,,,,,,,template,2025-04-08 21:12:27,2025-04-08,98,15,4,21,email,1,person,1,person,39,67
67,0,39,8476012,1.0,,,,,,,template,2025-04-09 02:26:52,2025-04-09,99,15,4,2,email,1,person,1,person,39,67
41,0,65,8517950,1.0,,,,,,,template,2025-04-09 14:05:50,2025-04-09,99,15,4,14,email,1,person,1,person,41,65
39,0,67,8734801,1.0,,,,,,,template,2025-04-12 02:20:01,2025-04-12,102,15,4,2,email,1,person,1,person,39,67
40,1,39,8900010,1.0,5.0,5.0,,,,,template,2025-04-14 00:13:30,2025-04-14,104,16,4,0,phone,1,person,1,person,39,40
65,1,40,8903126,1.0,5.0,5.0,,,,,template,2025-04-14 01:05:26,2025-04-14,104,16,4,1,phone,1,person,1,person,40,65
47,0,39,8904333,1.0,,,,,,,template,2025-04-14 01:25:33,2025-04-14,104,16,4,1,email,1,person,1,person,39,47
47,0,67,9000765,1.0,,,,,,,template,2025-04-15 04:12:45,2025-04-15,105,16,4,4,email,1,person,1,person,47,67
47,0,39,9011916,1.0,,,,,,,template,2025-04-15 07:18:36,2025-04-15,105,16,4,7,email,1,person,1,person,39,47
41,0,0,9046447,1.0,,,,,,,template,2025-04-15 16:54:07,2025-04-15,105,16,4,16,email,1,person,1,person,0,41
39,0,47,9067046,1.0,,,,,,,template,2025-04-15 22:37:26,2025-04-15,105,16,4,22,email,1,person,1,person,39,47
40,0,41,9105534,1.0,,,,,,,template,2025-04-16 09:18:54,2025-04-16,106,16,4,9,email,1,person,1,person,40,41
65,1,39,9304539,1.0,5.0,5.0,,,,,template,2025-04-18 16:35:39,2025-04-18,108,16,4,16,phone,1,person,1,person,39,65
39,0,47,9383841,1.0,,,,,,,template,2025-04-19 14:37:21,2025-04-19,109,16,4,14,email,1,person,1,person,39,47
40,0,0,9393786,1.0,,,,,,,template,2025-04-19 17:23:06,2025-04-19,109,16,4,17,email,1,person,1,person,0,40
47,0,39,9719464,1.0,,,,,,,template,2025-04-23 11:51:04,2025-04-23,113,17,4,11,email,1,person,1,person,39,47
47,0,67,9726589,1.0,,,,,,,template,2025-04-23 13:49:49,2025-04-23,113,17,4,13,email,1,person,1,person,47,67
39,0,47,9736761,1.0,,,,,,,template,2025-04-23 16:39:21,2025-04-23,113,17,4,16,email,1,person,1,person,39,47
39,0,67,10119416,1.0,,,,,,,template,2025-04-28 02:56:56,2025-04-28,118,18,4,2,email,1,person,1,person,39,67
47,0,39,10213514,1.0,,,,,,,template,2025-04-29 05:05:14,2025-04-29,119,18,4,5,email,1,person,1,person,39,47
67,0,39,10297266,1.0,,,,,,,template,2025-04-30 04:21:06,2025-04-30,120,18,4,4,email,1,person,1,person,39,67
47,0,67,10330246,1.0,,,,,,,template,2025-04-30 13:30:46,2025-04-30,120,18,4,13,email,1,person,1,person,47,67
39,0,67,10872933,1.0,,,,,,,template,2025-05-06 20:15:33,2025-05-06,126,19,5,20,email,1,person,1,person,39,67
47,0,67,11077036,1.0,,,,,,,template,2025-05-09 04:57:16,2025-05-09,129,19,5,4,email,1,person,1,person,47,67
47,0,39,11199155,1.0,,,,,,,template,2025-05-10 14:52:35,2025-05-10,130,19,5,14,email,1,person,1,person,39,47
67,0,39,11816688,1.0,,,,,,,template,2025-05-17 18:24:48,2025-05-17,137,20,5,18,email,1,person,1,person,39,67
39,0,67,11880804,1.0,,,,,,,template,2025-05-18 12:13:24,2025-05-18,138,20,5,12,email,1,person,1,person,39,67
27,1,34,12319485,1.0,5.0,5.0,,,,,template,2025-05-23 14:04:45,2025-05-23,143,21,5,14,phone,1,person,1,person,27,34
43,1,37,12329138,1.0,3.0,5.0,,,,,template,2025-05-23 16:45:38,2025-05-23,143,21,5,16,phone,1,person,1,person,37,43
47,0,39,12334140,1.0,,,,,,,template,2025-05-23 18:09:00,2025-05-23,143,21,5,18,email,1,person,1,person,39,47
67,0,39,12337839,1.0,,,,,,,template,2025-05-23 19:10:39,2025-05-23,143,21,5,19,email,1,person,1,person,39,67
34,1,37,12339486,1.0,5.0,5.0,,,,,template,2025-05-23 19:38:06,2025-05-23,143,21,5,19,phone,1,person,1,person,34,37
27,1,41,12343663,1.0,5.0,5.0,,,,,template,2025-05-23 20:47:43,2025-05-23,143,21,5,20,phone,1,person,1,person,27,41
27,1,56,12346487,1.0,5.0,0.0,,,,,template,2025-05-23 21:34:47,2025-05-23,143,21,5,21,phone,1,person,1,person,27,56
27,1,56,12358432,1.0,5.0,0.0,,,,,template,2025-05-24 00:53:52,2025-05-24,144,21,5,0,phone,1,person,1,person,27,56
41,1,34,12375838,1.0,5.0,5.0,,,,,template,2025-05-24 05:43:58,2025-05-24,144,21,5,5,phone,1,person,1,person,34,41
41,1,43,12376404,1.0,5.0,3.0,,,,,template,2025-05-24 05:53:24,2025-05-24,144,21,5,5,phone,1,person,1,person,41,43
57,0,27,12384573,1.0,,,,,,,template,2025-05-24 08:09:33,2025-05-24,144,21,5,8,email,1,person,1,person,27,57
43,1,27,12391413,1.0,3.0,5.0,,,,,template,2025-05-24 10:03:33,2025-05-24,144,21,5,10,phone,1,person,1,person,27,43
58,0,37,12417098,1.0,,,,,,,template,2025-05-24 17:11:38,2025-05-24,144,21,5,17,email,1,person,1,person,37,58
63,1,27,12430499,1.0,4.0,5.0,,,,,template,2025-05-24 20:54:59,2025-05-24,144,21,5,20,phone,1,person,1,person,27,63
41,1,57,12446577,1.0,5.0,0.0,,,,,template,2025-05-25 01:22:57,2025-05-25,145,21,5,1,phone,1,person,1,person,41,57
27,1,34,12458588,1.0,5.0,5.0,,,,,template,2025-05-25 04:43:08,2025-05-25,145,21,5,4,phone,1,person,1,person,27,34
56,1,43,12466742,1.0,0.0,3.0,,,,,template,2025-05-25 06:59:02,2025-05-25,145,21,5,6,phone,1,person,1,person,43,56
63,0,34,12467201,1.0,,,,,,,template,2025-05-25 07:06:41,2025-05-25,145,21,5,7,email,1,person,1,person,34,63
37,0,56,12467442,1.0,,,,,,,template,2025-05-25 07:10:42,2025-05-25,145,21,5,7,email,1,person,1,person,37,56
58,0,43,12471153,1.0,,,,,,,template,2025-05-25 08:12:33,2025-05-25,145,21,5,8,email,1,person,1,person,43,58
56,0,47,12477797,1.0,,,,,,,template,2025-05-25 10:03:17,2025-05-25,145,21,5,10,email,1,person,1,person,47,56
63,1,37,12483241,1.0,4.0,5.0,,,,,template,2025-05-25 11:34:01,2025-05-25,145,21,5,11,phone,1,person,1,person,37,63
37,0,58,12488631,1.0,,,,,,,template,2025-05-25 13:03:51,2025-05-25,145,21,5,13,email,1,person,1,person,37,58
56,1,37,12492175,1.0,0.0,5.0,,,,,template,2025-05-25 14:02:55,2025-05-25,145,21,5,14,phone,1,person,1,person,37,56
56,1,63,12508322,1.0,0.0,4.0,,,,,template,2025-05-25 18:32:02,2025-05-25,145,21,5,18,phone,1,person,1,person,56,63
34,1,43,12521043,1.0,5.0,3.0,,,,,template,2025-05-25 22:04:03,2025-05-25,145,21,5,22,phone,1,person,1,person,34,43
58,1,56,12535750,1.0,4.0,0.0,,,,,template,2025-05-26 02:09:10,2025-05-26,146,22,5,2,phone,1,person,1,person,56,58
57,0,43,12545708,1.0,,,,,,,template,2025-05-26 04:55:08,2025-05-26,146,22,5,4,email,1,person,1,person,43,57
41,1,34,12548499,1.0,5.0,5.0,,,,,template,2025-05-26 05:41:39,2025-05-26,146,22,5,5,phone,1,person,1,person,34,41
47,1,27,12620617,1.0,3.0,5.0,,,,,template,2025-05-27 01:43:37,2025-05-27,147,22,5,1,phone,1,person,1,person,27,47
56,1,34,12646634,1.0,0.0,5.0,,,,,template,2025-05-27 08:57:14,2025-05-27,147,22,5,8,phone,1,person,1,person,34,56
37,0,45,12661428,1.0,,,,,,,template,2025-05-27 13:03:48,2025-05-27,147,22,5,13,email,1,person,1,person,37,45
56,1,63,12665017,1.0,0.0,4.0,,,,,template,2025-05-27 14:03:37,2025-05-27,147,22,5,14,phone,1,person,1,person,56,63
56,1,47,12699877,1.0,0.0,3.0,,,,,template,2025-05-27 23:44:37,2025-05-27,147,22,5,23,phone,1,person,1,person,47,56
41,0,63,12721308,1.0,,,,,,,template,2025-05-28 05:41:48,2025-05-28,148,22,5,5,email,1,person,1,person,41,63
56,1,34,12734459,1.0,0.0,5.0,,,,,template,2025-05-28 09:20:59,2025-05-28,148,22,5,9,phone,1,person,1,person,34,56
27,1,47,12738227,1.0,5.0,3.0,,,,,template,2025-05-28 10:23:47,2025-05-28,148,22,5,10,phone,1,person,1,person,27,47
41,1,47,12783297,1.0,5.0,3.0,,,,,template,2025-05-28 22:54:57,2025-05-28,148,22,5,22,phone,1,person,1,person,41,47
41,1,57,12789587,1.0,5.0,0.0,,,,,template,2025-05-29 00:39:47,2025-05-29,149,22,5,0,phone,1,person,1,person,41,57
27,1,47,12790263,1.0,5.0,3.0,,,,,template,2025-05-29 00:51:03,2025-05-29,149,22,5,0,phone,1,person,1,person,27,47
41,0,45,12791955,1.0,,,,,,,template,2025-05-29 01:19:15,2025-05-29,149,22,5,1,email,1,person,1,person,41,45
41,1,56,12794809,1.0,5.0,0.0,,,,,template,2025-05-29 02:06:49,2025-05-29,149,22,5,2,phone,1,person,1,person,41,56
41,0,43,12804335,1.0,,,,,,,template,2025-05-29 04:45:35,2025-05-29,149,22,5,4,email,1,person,1,person,41,43
37,0,43,12810402,1.0,,,,,,,template,2025-05-29 06:26:42,2025-05-29,149,22,5,6,email,1,person,1,person,37,43
37,0,27,12813075,1.0,,,,,,,template,2025-05-29 07:11:15,2025-05-29,149,22,5,7,email,1,person,1,person,27,37
56,0,58,12832501,1.0,,,,,,,template,2025-05-29 12:35:01,2025-05-29,149,22,5,12,email,1,person,1,person,56,58
47,1,27,12833985,1.0,3.0,5.0,,,,,template,2025-05-29 12:59:45,2025-05-29,149,22,5,12,phone,1,person,1,person,27,47
63,0,45,12855970,1.0,,,,,,,template,2025-05-29 19:06:10,2025-05-29,149,22,5,19,email,1,person,1,person,45,63
63,0,56,12880849,1.0,,,,,,,template,2025-05-30 02:00:49,2025-05-30,150,22,5,2,email,1,person,1,person,56,63
47,1,57,12881945,1.0,3.0,0.0,,,,,template,2025-05-30 02:19:05,2025-05-30,150,22,5,2,phone,1,person,1,person,47,57
47,1,45,12891925,1.0,3.0,3.0,,,,,template,2025-05-30 05:05:25,2025-05-30,150,22,5,5,phone,1,person,1,person,45,47
57,0,43,12907759,1.0,,,,,,,template,2025-05-30 09:29:19,2025-05-30,150,22,5,9,email,1,person,1,person,43,57
34,1,63,12917489,1.0,5.0,4.0,,,,,template,2025-05-30 12:11:29,2025-05-30,150,22,5,12,phone,1,person,1,person,34,63
41,0,45,12922810,1.0,,,,,,,template,2025-05-30 13:40:10,2025-05-30,150,22,5,13,email,1,person,1,person,41,45
27,1,57,12928438,1.0,5.0,0.0,,,,,template,2025-05-30 15:13:58,2025-05-30,150,22,5,15,phone,1,person,1,person,27,57
57,0,27,12934805,1.0,,,,,,,template,2025-05-30 17:00:05,2025-05-30,150,22,5,17,email,1,person,1,person,27,57
58,0,27,12957842,1.0,,,,,,,template,2025-05-30 23:24:02,2025-05-30,150,22,5,23,email,1,person,1,person,27,58
27,1,58,12961987,1.0,5.0,4.0,,,,,template,2025-05-31 00:33:07,2025-05-31,151,22,5,0,phone,1,person,1,person,27,58
27,1,41,12971187,1.0,5.0,5.0,,,,,template,2025-05-31 03:06:27,2025-05-31,151,22,5,3,phone,1,person,1,person,27,41
63,1,47,12971834,1.0,4.0,3.0,,,,,template,2025-05-31 03:17:14,2025-05-31,151,22,5,3,phone,1,person,1,person,47,63
41,1,63,12981424,1.0,5.0,4.0,,,,,template,2025-05-31 05:57:04,2025-05-31,151,22,5,5,phone,1,person,1,person,41,63
63,1,58,12982017,1.0,4.0,4.0,,,,,template,2025-05-31 06:06:57,2025-05-31,151,22,5,6,phone,1,person,1,person,58,63
37,0,63,12985445,1.0,,,,,,,template,2025-05-31 07:04:05,2025-05-31,151,22,5,7,email,1,person,1,person,37,63
37,0,41,12987894,1.0,,,,,,,template,2025-05-31 07:44:54,2025-05-31,151,22,5,7,email,1,person,1,person,37,41
27,1,34,12989331,1.0,5.0,5.0,,,,,template,2025-05-31 08:08:51,2025-05-31,151,22,5,8,phone,1,person,1,person,27,34
41,0,43,12995812,1.0,,,,,,,template,2025-05-31 09:56:52,2025-05-31,151,22,5,9,email,1,person,1,person,41,43
56,0,34,13007831,1.0,,,,,,,template,2025-05-31 13:17:11,2025-05-31,151,22,5,13,email,1,person,1,person,34,56
47,1,45,13010684,1.0,3.0,3.0,,,,,template,2025-05-31 14:04:44,2025-05-31,151,22,5,14,phone,1,person,1,person,45,47
63,1,37,13025545,1.0,4.0,5.0,,,,,template,2025-05-31 18:12:25,2025-05-31,151,22,5,18,phone,1,person,1,person,37,63
57,0,58,13027297,1.0,,,,,,,template,2025-05-31 18:41:37,2025-05-31,151,22,5,18,email,1,person,1,person,57,58
58,0,63,13033261,1.0,,,,,,,template,2025-05-31 20:21:01,2025-05-31,151,22,5,20,email,1,person,1,person,58,63
56,1,41,13066121,1.0,0.0,5.0,,,,,template,2025-06-01 05:28:41,2025-06-01,152,22,6,5,phone,1,person,1,person,41,56
58,0,43,13088663,1.0,,,,,,,template,2025-06-01 11:44:23,2025-06-01,152,22,6,11,email,1,person,1,person,43,58
56,1,41,13102295,1.0,0.0,5.0,,,,,template,2025-06-01 15:31:35,2025-06-01,152,22,6,15,phone,1,person,1,person,41,56
47,0,39,13111711,1.0,,,,,,,template,2025-06-01 18:08:31,2025-06-01,152,22,6,18,email,1,person,1,person,39,47
41,1,45,13137446,1.0,5.0,3.0,,,,,template,2025-06-02 01:17:26,2025-06-02,153,23,6,1,phone,1,person,1,person,41,45
41,1,27,13140587,1.0,5.0,5.0,,,,,template,2025-06-02 02:09:47,2025-06-02,153,23,6,2,phone,1,person,1,person,27,41
58,0,37,13152725,1.0,,,,,,,template,2025-06-02 05:32:05,2025-06-02,153,23,6,5,email,1,person,1,person,37,58
47,0,39,13199808,1.0,,,,,,,template,2025-06-02 18:36:48,2025-06-02,153,23,6,18,email,1,person,1,person,39,47
58,0,34,13224739,1.0,,,,,,,template,2025-06-03 01:32:19,2025-06-03,154,23,6,1,email,1,person,1,person,34,58
63,1,56,13228753,1.0,4.0,0.0,,,,,template,2025-06-03 02:39:13,2025-06-03,154,23,6,2,phone,1,person,1,person,56,63
63,0,58,13243984,1.0,,,,,,,template,2025-06-03 06:53:04,2025-06-03,154,23,6,6,email,1,person,1,person,58,63
57,0,34,13259976,1.0,,,,,,,template,2025-06-03 11:19:36,2025-06-03,154,23,6,11,email,1,person,1,person,34,57
34,1,63,13271787,1.0,5.0,4.0,,,,,template,2025-06-03 14:36:27,2025-06-03,154,23,6,14,phone,1,person,1,person,34,63
27,1,37,13287324,1.0,5.0,5.0,,,,,template,2025-06-03 18:55:24,2025-06-03,154,23,6,18,phone,1,person,1,person,27,37
63,1,56,13292582,1.0,4.0,0.0,,,,,template,2025-06-03 20:23:02,2025-06-03,154,23,6,20,phone,1,person,1,person,56,63
56,0,57,13338586,1.0,,,,,,,template,2025-06-04 09:09:46,2025-06-04,155,23,6,9,email,1,person,1,person,56,57
56,1,58,13381556,1.0,0.0,4.0,,,,,template,2025-06-04 21:05:56,2025-06-04,155,23,6,21,phone,1,person,1,person,56,58
58,0,34,13385982,1.0,,,,,,,template,2025-06-04 22:19:42,2025-06-04,155,23,6,22,email,1,person,1,person,34,58
58,0,47,13390684,1.0,,,,,,,template,2025-06-04 23:38:04,2025-06-04,155,23,6,23,email,1,person,1,person,47,58
56,0,57,13403979,1.0,,,,,,,template,2025-06-05 03:19:39,2025-06-05,156,23,6,3,email,1,person,1,person,56,57
63,1,56,13404699,1.0,4.0,0.0,,,,,template,2025-06-05 03:31:39,2025-06-05,156,23,6,3,phone,1,person,1,person,56,63
34,0,58,13413050,1.0,,,,,,,template,2025-06-05 05:50:50,2025-06-05,156,23,6,5,email,1,person,1,person,34,58
58,0,27,13424515,1.0,,,,,,,template,2025-06-05 09:01:55,2025-06-05,156,23,6,9,email,1,person,1,person,27,58
58,0,43,13462140,1.0,,,,,,,template,2025-06-05 19:29:00,2025-06-05,156,23,6,19,email,1,person,1,person,43,58
47,0,58,13463022,1.0,,,,,,,template,2025-06-05 19:43:42,2025-06-05,156,23,6,19,email,1,person,1,person,47,58
58,1,43,13464214,1.0,4.0,3.0,,,,,template,2025-06-05 20:03:34,2025-06-05,156,23,6,20,phone,1,person,1,person,43,58
37,0,47,13495384,1.0,,,,,,,template,2025-06-06 04:43:04,2025-06-06,157,23,6,4,email,1,person,1,person,37,47
58,0,56,13504512,1.0,,,,,,,template,2025-06-06 07:15:12,2025-06-06,157,23,6,7,email,1,person,1,person,56,58
63,1,56,13505192,1.0,4.0,0.0,,,,,template,2025-06-06 07:26:32,2025-06-06,157,23,6,7,phone,1,person,1,person,56,63
57,0,34,13529943,1.0,,,,,,,template,2025-06-06 14:19:03,2025-06-06,157,23,6,14,email,1,person,1,person,34,57
41,1,63,13550297,1.0,5.0,4.0,,,,,template,2025-06-06 19:58:17,2025-06-06,157,23,6,19,phone,1,person,1,person,41,63
63,1,41,13558122,1.0,4.0,5.0,,,,,template,2025-06-06 22:08:42,2025-06-06,157,23,6,22,phone,1,person,1,person,41,63
57,0,45,13560834,1.0,,,,,,,template,2025-06-06 22:53:54,2025-06-06,157,23,6,22,email,1,person,1,person,45,57
58,1,37,13573551,1.0,4.0,5.0,,,,,template,2025-06-07 02:25:51,2025-06-07,158,23,6,2,phone,1,person,1,person,37,58
63,1,45,13577693,1.0,4.0,3.0,,,,,template,2025-06-07 03:34:53,2025-06-07,158,23,6,3,phone,1,person,1,person,45,63
63,1,27,13577774,1.0,4.0,5.0,,,,,template,2025-06-07 03:36:14,2025-06-07,158,23,6,3,phone,1,person,1,person,27,63
67,0,39,13596943,1.0,,,,,,,template,2025-06-07 08:55:43,2025-06-07,158,23,6,8,email,1,person,1,person,39,67
56,0,41,13627582,1.0,,,,,,,template,2025-06-07 17:26:22,2025-06-07,158,23,6,17,email,1,person,1,person,41,56
58,0,47,13681612,1.0,,,,,,,template,2025-06-08 08:26:52,2025-06-08,159,23,6,8,email,1,person,1,person,47,58
37,0,45,13712870,1.0,,,,,,,template,2025-06-08 17:07:50,2025-06-08,159,23,6,17,email,1,person,1,person,37,45
41,0,56,13760644,1.0,,,,,,,template,2025-06-09 06:24:04,2025-06-09,160,24,6,6,email,1,person,1,person,41,56
58,0,56,13782667,1.0,,,,,,,template,2025-06-09 12:31:07,2025-06-09,160,24,6,12,email,1,person,1,person,56,58
37,0,45,13784663,1.0,,,,,,,template,2025-06-09 13:04:23,2025-06-09,160,24,6,13,email,1,person,1,person,37,45
56,1,45,13785456,1.0,0.0,3.0,,,,,template,2025-06-09 13:17:36,2025-06-09,160,24,6,13,phone,1,person,1,person,45,56
63,0,47,13803408,1.0,,,,,,,template,2025-06-09 18:16:48,2025-06-09,160,24,6,18,email,1,person,1,person,47,63
27,1,43,13820204,1.0,5.0,3.0,,,,,template,2025-06-09 22:56:44,2025-06-09,160,24,6,22,phone,1,person,1,person,27,43
63,1,37,13821145,1.0,4.0,5.0,,,,,template,2025-06-09 23:12:25,2025-06-09,160,24,6,23,phone,1,person,1,person,37,63
37,0,45,13821900,1.0,,,,,,,template,2025-06-09 23:25:00,2025-06-09,160,24,6,23,email,1,person,1,person,37,45
37,0,63,13839805,1.0,,,,,,,template,2025-06-10 04:23:25,2025-06-10,161,24,6,4,email,1,person,1,person,37,63
57,0,41,13850903,1.0,,,,,,,template,2025-06-10 07:28:23,2025-06-10,161,24,6,7,email,1,person,1,person,41,57
45,1,43,13860291,1.0,3.0,3.0,,,,,template,2025-06-10 10:04:51,2025-06-10,161,24,6,10,phone,1,person,1,person,43,45
34,1,56,13879565,1.0,5.0,0.0,,,,,template,2025-06-10 15:26:05,2025-06-10,161,24,6,15,phone,1,person,1,person,34,56
34,1,58,13885382,1.0,5.0,4.0,,,,,template,2025-06-10 17:03:02,2025-06-10,161,24,6,17,phone,1,person,1,person,34,58
63,1,58,13966260,1.0,4.0,4.0,,,,,template,2025-06-11 15:31:00,2025-06-11,162,24,6,15,phone,1,person,1,person,58,63
41,1,27,13968398,1.0,5.0,5.0,,,,,template,2025-06-11 16:06:38,2025-06-11,162,24,6,16,phone,1,person,1,person,27,41
56,1,45,13970640,1.0,0.0,3.0,,,,,template,2025-06-11 16:44:00,2025-06-11,162,24,6,16,phone,1,person,1,person,45,56
34,1,41,13977408,1.0,5.0,5.0,,,,,template,2025-06-11 18:36:48,2025-06-11,162,24,6,18,phone,1,person,1,person,34,41
47,1,57,13982397,1.0,3.0,0.0,,,,,template,2025-06-11 19:59:57,2025-06-11,162,24,6,19,phone,1,person,1,person,47,57
63,1,43,13998759,1.0,4.0,3.0,,,,,template,2025-06-12 00:32:39,2025-06-12,163,24,6,0,phone,1,person,1,person,43,63
56,0,37,13999617,1.0,,,,,,,template,2025-06-12 00:46:57,2025-06-12,163,24,6,0,email,1,person,1,person,37,56
47,1,56,14005495,1.0,3.0,0.0,,,,,template,2025-06-12 02:24:55,2025-06-12,163,24,6,2,phone,1,person,1,person,47,56
58,0,56,14029753,1.0,,,,,,,template,2025-06-12 09:09:13,2025-06-12,163,24,6,9,email,1,person,1,person,56,58
41,1,57,14060371,1.0,5.0,0.0,,,,,template,2025-06-12 17:39:31,2025-06-12,163,24,6,17,phone,1,person,1,person,41,57
41,1,58,14070628,1.0,5.0,4.0,,,,,template,2025-06-12 20:30:28,2025-06-12,163,24,6,20,phone,1,person,1,person,41,58
27,1,45,14092808,1.0,5.0,3.0,,,,,template,2025-06-13 02:40:08,2025-06-13,164,24,6,2,phone,1,person,1,person,27,45
41,1,37,14103223,1.0,5.0,5.0,,,,,template,2025-06-13 05:33:43,2025-06-13,164,24,6,5,phone,1,person,1,person,37,41
41,0,43,14145805,1.0,,,,,,,template,2025-06-13 17:23:25,2025-06-13,164,24,6,17,email,1,person,1,person,41,43
63,0,58,14203430,1.0,,,,,,,template,2025-06-14 09:23:50,2025-06-14,165,24,6,9,email,1,person,1,person,58,63
41,0,57,14246262,1.0,,,,,,,template,2025-06-14 21:17:42,2025-06-14,165,24,6,21,email,1,person,1,person,41,57
37,1,34,14260078,1.0,5.0,5.0,,,,,template,2025-06-15 01:07:58,2025-06-15,166,24,6,1,phone,1,person,1,person,34,37
41,1,56,14265140,1.0,5.0,0.0,,,,,template,2025-06-15 02:32:20,2025-06-15,166,24,6,2,phone,1,person,1,person,41,56
27,1,58,14270242,1.0,5.0,4.0,,,,,template,2025-06-15 03:57:22,2025-06-15,166,24,6,3,phone,1,person,1,person,27,58
41,0,63,14280640,1.0,,,,,,,template,2025-06-15 06:50:40,2025-06-15,166,24,6,6,email,1,person,1,person,41,63
27,1,43,14291429,1.0,5.0,3.0,,,,,template,2025-06-15 09:50:29,2025-06-15,166,24,6,9,phone,1,person,1,person,27,43
41,1,27,14300502,1.0,5.0,5.0,,,,,template,2025-06-15 12:21:42,2025-06-15,166,24,6,12,phone,1,person,1,person,27,41
45,1,56,14327408,1.0,3.0,0.0,,,,,template,2025-06-15 19:50:08,2025-06-15,166,24,6,19,phone,1,person,1,person,45,56
37,0,63,14333265,1.0,,,,,,,template,2025-06-15 21:27:45,2025-06-15,166,24,6,21,email,1,person,1,person,37,63
63,1,47,14339955,1.0,4.0,3.0,,,,,template,2025-06-15 23:19:15,2025-06-15,166,24,6,23,phone,1,person,1,person,47,63
34,1,45,14386074,1.0,5.0,3.0,,,,,template,2025-06-16 12:07:54,2025-06-16,167,25,6,12,phone,1,person,1,person,34,45
34,1,27,14390488,1.0,5.0,5.0,,,,,template,2025-06-16 13:21:28,2025-06-16,167,25,6,13,phone,1,person,1,person,27,34
56,1,43,14392670,1.0,0.0,3.0,,,,,template,2025-06-16 13:57:50,2025-06-16,167,25,6,13,phone,1,person,1,person,43,56
41,0,37,14394386,1.0,,,,,,,template,2025-06-16 14:26:26,2025-06-16,167,25,6,14,email,1,person,1,person,37,41
58,0,27,14397478,1.0,,,,,,,template,2025-06-16 15:17:58,2025-06-16,167,25,6,15,email,1,person,1,person,27,58
57,0,41,14399750,1.0,,,,,,,template,2025-06-16 15:55:50,2025-06-16,167,25,6,15,email,1,person,1,person,41,57
37,0,63,14414557,1.0,,,,,,,template,2025-06-16 20:02:37,2025-06-16,167,25,6,20,email,1,person,1,person,37,63
45,1,63,14450765,1.0,3.0,4.0,,,,,template,2025-06-17 06:06:05,2025-06-17,168,25,6,6,phone,1,person,1,person,45,63
57,0,63,14451353,1.0,,,,,,,template,2025-06-17 06:15:53,2025-06-17,168,25,6,6,email,1,person,1,person,57,63
41,0,63,14457027,1.0,,,,,,,template,2025-06-17 07:50:27,2025-06-17,168,25,6,7,email,1,person,1,person,41,63
27,1,41,14482180,1.0,5.0,5.0,,,,,template,2025-06-17 14:49:40,2025-06-17,168,25,6,14,phone,1,person,1,person,27,41
57,0,37,14499063,1.0,,,,,,,template,2025-06-17 19:31:03,2025-06-17,168,25,6,19,email,1,person,1,person,37,57
56,1,43,14523347,1.0,0.0,3.0,,,,,template,2025-06-18 02:15:47,2025-06-18,169,25,6,2,phone,1,person,1,person,43,56
57,0,43,14584637,1.0,,,,,,,template,2025-06-18 19:17:17,2025-06-18,169,25,6,19,email,1,person,1,person,43,57
47,0,56,14589887,1.0,,,,,,,template,2025-06-18 20:44:47,2025-06-18,169,25,6,20,email,1,person,1,person,47,56
63,0,45,14594292,1.0,,,,,,,template,2025-06-18 21:58:12,2025-06-18,169,25,6,21,email,1,person,1,person,45,63
56,1,34,14690719,1.0,0.0,5.0,,,,,template,2025-06-20 00:45:19,2025-06-20,171,25,6,0,phone,1,person,1,person,34,56
39,0,67,14739866,1.0,,,,,,,template,2025-06-20 14:24:26,2025-06-20,171,25,6,14,email,1,person,1,person,39,67
67,0,39,14848935,1.0,,,,,,,template,2025-06-21 20:42:15,2025-06-21,172,25,6,20,email,1,person,1,person,39,67
39,0,67,16886202,1.0,,,,,,,template,2025-07-15 10:36:42,2025-07-15,196,29,7,10,email,1,person,1,person,39,67
67,0,39,17107410,1.0,,,,,,,template,2025-07-18 00:03:30,2025-07-18,199,29,7,0,email,1,person,1,person,39,67
67,0,39,17578029,1.0,,,,,,,template,2025-07-23 10:47:09,2025-07-23,204,30,7,10,email,1,person,1,person,39,67
67,0,39,18310539,1.0,,,,,,,template,2025-07-31 22:15:39,2025-07-31,212,31,7,22,email,1,person,1,person,39,67
39,0,67,19130444,1.0,,,,,,,template,2025-08-10 10:00:44,2025-08-10,222,32,8,10,email,1,person,1,person,39,67
67,0,39,19816718,1.0,,,,,,,template,2025-08-18 08:38:38,2025-08-18,230,34,8,8,email,1,person,1,person,39,67
67,0,39,20234221,1.0,,,,,,,template,2025-08-23 04:37:01,2025-08-23,235,34,8,4,email,1,person,1,person,39,67
39,0,67,20334109,1.0,,,,,,,template,2025-08-24 08:21:49,2025-08-24,236,34,8,8,email,1,person,1,person,39,67
67,0,39,21023804,1.0,,,,,,,template,2025-09-01 07:56:44,2025-09-01,244,36,9,7,email,1,person,1,person,39,67
58,0,63,21909458,1.0,,,,,,,template,2025-09-11 13:57:38,2025-09-11,254,37,9,13,email,1,person,1,person,58,63
41,0,63,21970411,1.0,,,,,,,template,2025-09-12 06:53:31,2025-09-12,255,37,9,6,email,1,person,1,person,41,63
39,0,67,22095863,1.0,,,,,,,template,2025-09-13 17:44:23,2025-09-13,256,37,9,17,email,1,person,1,person,39,67
58,0,41,22112743,1.0,,,,,,,template,2025-09-13 22:25:43,2025-09-13,256,37,9,22,email,1,person,1,person,41,58
63,0,58,22114856,1.0,,,,,,,template,2025-09-13 23:00:56,2025-09-13,256,37,9,23,email,1,person,1,person,58,63
63,0,41,22231923,1.0,,,,,,,template,2025-09-15 07:32:03,2025-09-15,258,38,9,7,email,1,person,1,person,41,63
63,0,41,22263080,1.0,,,,,,,template,2025-09-15 16:11:20,2025-09-15,258,38,9,16,email,1,person,1,person,41,63
63,0,58,22450174,1.0,,,,,,,template,2025-09-17 20:09:34,2025-09-17,260,38,9,20,email,1,person,1,person,58,63
58,0,63,22483985,1.0,,,,,,,template,2025-09-18 05:33:05,2025-09-18,261,38,9,5,email,1,person,1,person,58,63
63,0,58,22727538,1.0,,,,,,,template,2025-09-21 01:12:18,2025-09-21,264,38,9,1,email,1,person,1,person,58,63
41,1,58,22769068,1.0,5.0,4.0,,,,,template,2025-09-21 12:44:28,2025-09-21,264,38,9,12,phone,1,person,1,person,41,58
45,1,47,22801529,1.0,3.0,3.0,,,,,template,2025-09-21 21:45:29,2025-09-21,264,38,9,21,phone,1,person,1,person,45,47
45,1,43,22804793,1.0,3.0,3.0,,,,,template,2025-09-21 22:39:53,2025-09-21,264,38,9,22,phone,1,person,1,person,43,45
45,1,58,22853101,1.0,3.0,4.0,,,,,template,2025-09-22 12:05:01,2025-09-22,265,39,9,12,phone,1,person,1,person,45,58
63,1,58,22865122,1.0,4.0,4.0,,,,,template,2025-09-22 15:25:22,2025-09-22,265,39,9,15,phone,1,person,1,person,58,63
63,0,41,22869613,1.0,,,,,,,template,2025-09-22 16:40:13,2025-09-22,265,39,9,16,email,1,person,1,person,41,63
43,0,45,22872911,1.0,,,,,,,template,2025-09-22 17:35:11,2025-09-22,265,39,9,17,email,1,person,1,person,43,45
63,1,58,22883659,1.0,4.0,4.0,,,,,template,2025-09-22 20:34:19,2025-09-22,265,39,9,20,phone,1,person,1,person,58,63
43,1,45,22899855,1.0,3.0,3.0,,,,,template,2025-09-23 01:04:15,2025-09-23,266,39,9,1,phone,1,person,1,person,43,45
43,0,47,22924179,1.0,,,,,,,template,2025-09-23 07:49:39,2025-09-23,266,39,9,7,email,1,person,1,person,43,47
39,0,67,22927583,1.0,,,,,,,template,2025-09-23 08:46:23,2025-09-23,266,39,9,8,email,1,person,1,person,39,67
63,0,41,22939151,1.0,,,,,,,template,2025-09-23 11:59:11,2025-09-23,266,39,9,11,email,1,person,1,person,41,63
43,0,47,22959591,1.0,,,,,,,template,2025-09-23 17:39:51,2025-09-23,266,39,9,17,email,1,person,1,person,43,47
43,0,41,22989881,1.0,,,,,,,template,2025-09-24 02:04:41,2025-09-24,267,39,9,2,email,1,person,1,person,41,43
41,1,58,23002147,1.0,5.0,4.0,,,,,template,2025-09-24 05:29:07,2025-09-24,267,39,9,5,phone,1,person,1,person,41,58
41,1,45,23013624,1.0,5.0,3.0,,,,,template,2025-09-24 08:40:24,2025-09-24,267,39,9,8,phone,1,person,1,person,41,45
41,1,63,23017302,1.0,5.0,4.0,,,,,template,2025-09-24 09:41:42,2025-09-24,267,39,9,9,phone,1,person,1,person,41,63
58,1,47,23041265,1.0,4.0,3.0,,,,,template,2025-09-24 16:21:05,2025-09-24,267,39,9,16,phone,1,person,1,person,47,58
45,1,63,23050428,1.0,3.0,4.0,,,,,template,2025-09-24 18:53:48,2025-09-24,267,39,9,18,phone,1,person,1,person,45,63
41,1,58,23081762,1.0,5.0,4.0,,,,,template,2025-09-25 03:36:02,2025-09-25,268,39,9,3,phone,1,person,1,person,41,58
63,0,41,23092687,1.0,,,,,,,template,2025-09-25 06:38:07,2025-09-25,268,39,9,6,email,1,person,1,person,41,63
63,0,58,23095880,1.0,,,,,,,template,2025-09-25 07:31:20,2025-09-25,268,39,9,7,email,1,person,1,person,58,63
41,1,45,23123152,1.0,5.0,3.0,,,,,template,2025-09-25 15:05:52,2025-09-25,268,39,9,15,phone,1,person,1,person,41,45
63,1,58,23172774,1.0,4.0,4.0,,,,,template,2025-09-26 04:52:54,2025-09-26,269,39,9,4,phone,1,person,1,person,58,63
58,0,63,23203055,1.0,,,,,,,template,2025-09-26 13:17:35,2025-09-26,269,39,9,13,email,1,person,1,person,58,63
63,0,47,23271421,1.0,,,,,,,template,2025-09-27 08:17:01,2025-09-27,270,39,9,8,email,1,person,1,person,47,63
45,1,58,23275805,1.0,3.0,4.0,,,,,template,2025-09-27 09:30:05,2025-09-27,270,39,9,9,phone,1,person,1,person,45,58
41,1,58,23301163,1.0,5.0,4.0,,,,,template,2025-09-27 16:32:43,2025-09-27,270,39,9,16,phone,1,person,1,person,41,58
45,1,47,23308016,1.0,3.0,3.0,,,,,template,2025-09-27 18:26:56,2025-09-27,270,39,9,18,phone,1,person,1,person,45,47
43,1,58,23332788,1.0,3.0,4.0,,,,,template,2025-09-28 01:19:48,2025-09-28,271,39,9,1,phone,1,person,1,person,43,58
39,0,67,23416330,1.0,,,,,,,template,2025-09-29 00:32:10,2025-09-29,272,40,9,0,email,1,person,1,person,39,67
45,1,41,23440550,1.0,3.0,5.0,,,,,template,2025-09-29 07:15:50,2025-09-29,272,40,9,7,phone,1,person,1,person,41,45
43,1,41,23479630,1.0,3.0,5.0,,,,,template,2025-09-29 18:07:10,2025-09-29,272,40,9,18,phone,1,person,1,person,41,43
41,1,43,23486223,1.0,5.0,3.0,,,,,template,2025-09-29 19:57:03,2025-09-29,272,40,9,19,phone,1,person,1,person,41,43
58,0,63,23488714,1.0,,,,,,,template,2025-09-29 20:38:34,2025-09-29,272,40,9,20,email,1,person,1,person,58,63
63,0,58,23513489,1.0,,,,,,,template,2025-09-30 03:31:29,2025-09-30,273,40,9,3,email,1,person,1,person,58,63
43,1,45,23550807,1.0,3.0,3.0,,,,,template,2025-09-30 13:53:27,2025-09-30,273,40,9,13,phone,1,person,1,person,43,45
47,1,58,23566178,1.0,3.0,4.0,,,,,template,2025-09-30 18:09:38,2025-09-30,273,40,9,18,phone,1,person,1,person,47,58
41,1,63,23578990,1.0,5.0,4.0,,,,,template,2025-09-30 21:43:10,2025-09-30,273,40,9,21,phone,1,person,1,person,41,63
63,1,58,23594201,1.0,4.0,4.0,,,,,template,2025-10-01 01:56:41,2025-10-01,274,40,10,1,phone,1,person,1,person,58,63
63,0,45,23627046,1.0,,,,,,,template,2025-10-01 11:04:06,2025-10-01,274,40,10,11,email,1,person,1,person,45,63
41,1,47,23632718,1.0,5.0,3.0,,,,,template,2025-10-01 12:38:38,2025-10-01,274,40,10,12,phone,1,person,1,person,41,47
63,0,41,23681744,1.0,,,,,,,template,2025-10-02 02:15:44,2025-10-02,275,40,10,2,email,1,person,1,person,41,63
45,1,47,23690321,1.0,3.0,3.0,,,,,template,2025-10-02 04:38:41,2025-10-02,275,40,10,4,phone,1,person,1,person,45,47
63,1,41,23760559,1.0,4.0,5.0,,,,,template,2025-10-03 00:09:19,2025-10-03,276,40,10,0,phone,1,person,1,person,41,63
43,1,45,23765702,1.0,3.0,3.0,,,,,template,2025-10-03 01:35:02,2025-10-03,276,40,10,1,phone,1,person,1,person,43,45
47,0,63,23862424,1.0,,,,,,,template,2025-10-04 04:27:04,2025-10-04,277,40,10,4,email,1,person,1,person,47,63
47,0,63,23924027,1.0,,,,,,,template,2025-10-04 21:33:47,2025-10-04,277,40,10,21,email,1,person,1,person,47,63
63,0,47,23945816,1.0,,,,,,,template,2025-10-05 03:36:56,2025-10-05,278,40,10,3,email,1,person,1,person,47,63
43,0,63,23961635,1.0,,,,,,,template,2025-10-05 08:00:35,2025-10-05,278,40,10,8,email,1,person,1,person,43,63
43,0,45,23983547,1.0,,,,,,,template,2025-10-05 14:05:47,2025-10-05,278,40,10,14,email,1,person,1,person,43,45
47,0,63,24004131,1.0,,,,,,,template,2025-10-05 19:48:51,2025-10-05,278,40,10,19,email,1,person,1,person,47,63
47,0,41,24046907,1.0,,,,,,,template,2025-10-06 07:41:47,2025-10-06,279,41,10,7,email,1,person,1,person,41,47
43,0,41,24058200,1.0,,,,,,,template,2025-10-06 10:50:00,2025-10-06,279,41,10,10,email,1,person,1,person,41,43
41,1,45,24074450,1.0,5.0,3.0,,,,,template,2025-10-06 15:20:50,2025-10-06,279,41,10,15,phone,1,person,1,person,41,45
63,0,58,24137054,1.0,,,,,,,template,2025-10-07 08:44:14,2025-10-07,280,41,10,8,email,1,person,1,person,58,63
63,1,43,24137758,1.0,4.0,3.0,,,,,template,2025-10-07 08:55:58,2025-10-07,280,41,10,8,phone,1,person,1,person,43,63
47,0,58,24138222,1.0,,,,,,,template,2025-10-07 09:03:42,2025-10-07,280,41,10,9,email,1,person,1,person,47,58
63,0,41,24153531,1.0,,,,,,,template,2025-10-07 13:18:51,2025-10-07,280,41,10,13,email,1,person,1,person,41,63
63,1,58,24160890,1.0,4.0,4.0,,,,,template,2025-10-07 15:21:30,2025-10-07,280,41,10,15,phone,1,person,1,person,58,63
45,1,47,24164634,1.0,3.0,3.0,,,,,template,2025-10-07 16:23:54,2025-10-07,280,41,10,16,phone,1,person,1,person,45,47
41,1,58,24182535,1.0,5.0,4.0,,,,,template,2025-10-07 21:22:15,2025-10-07,280,41,10,21,phone,1,person,1,person,41,58
63,0,45,24188349,1.0,,,,,,,template,2025-10-07 22:59:09,2025-10-07,280,41,10,22,email,1,person,1,person,45,63
41,1,47,24203836,1.0,5.0,3.0,,,,,template,2025-10-08 03:17:16,2025-10-08,281,41,10,3,phone,1,person,1,person,41,47
63,0,41,24211527,1.0,,,,,,,template,2025-10-08 05:25:27,2025-10-08,281,41,10,5,email,1,person,1,person,41,63
41,1,45,24219466,1.0,5.0,3.0,,,,,template,2025-10-08 07:37:46,2025-10-08,281,41,10,7,phone,1,person,1,person,41,45
63,0,58,24237816,1.0,,,,,,,template,2025-10-08 12:43:36,2025-10-08,281,41,10,12,email,1,person,1,person,58,63
43,0,58,24244895,1.0,,,,,,,template,2025-10-08 14:41:35,2025-10-08,281,41,10,14,email,1,person,1,person,43,58
45,1,43,24256073,1.0,3.0,3.0,,,,,template,2025-10-08 17:47:53,2025-10-08,281,41,10,17,phone,1,person,1,person,43,45
41,1,63,24257141,1.0,5.0,4.0,,,,,template,2025-10-08 18:05:41,2025-10-08,281,41,10,18,phone,1,person,1,person,41,63
43,0,47,24275315,1.0,,,,,,,template,2025-10-08 23:08:35,2025-10-08,281,41,10,23,email,1,person,1,person,43,47
58,1,45,24276374,1.0,4.0,3.0,,,,,template,2025-10-08 23:26:14,2025-10-08,281,41,10,23,phone,1,person,1,person,45,58
58,1,45,24308246,1.0,4.0,3.0,,,,,template,2025-10-09 08:17:26,2025-10-09,282,41,10,8,phone,1,person,1,person,45,58
63,0,43,24352493,1.0,,,,,,,template,2025-10-09 20:34:53,2025-10-09,282,41,10,20,email,1,person,1,person,43,63
43,0,45,24362995,1.0,,,,,,,template,2025-10-09 23:29:55,2025-10-09,282,41,10,23,email,1,person,1,person,43,45
43,0,41,24369089,1.0,,,,,,,template,2025-10-10 01:11:29,2025-10-10,283,41,10,1,email,1,person,1,person,41,43
43,0,45,24387981,1.0,,,,,,,template,2025-10-10 06:26:21,2025-10-10,283,41,10,6,email,1,person,1,person,43,45
43,0,63,24391453,1.0,,,,,,,template,2025-10-10 07:24:13,2025-10-10,283,41,10,7,email,1,person,1,person,43,63
63,0,43,24409004,1.0,,,,,,,template,2025-10-10 12:16:44,2025-10-10,283,41,10,12,email,1,person,1,person,43,63
45,1,58,24418365,1.0,3.0,4.0,,,,,template,2025-10-10 14:52:45,2025-10-10,283,41,10,14,phone,1,person,1,person,45,58
47,0,43,24454340,1.0,,,,,,,template,2025-10-11 00:52:20,2025-10-11,284,41,10,0,email,1,person,1,person,43,47
47,0,63,24464822,1.0,,,,,,,template,2025-10-11 03:47:02,2025-10-11,284,41,10,3,email,1,person,1,person,47,63
58,0,63,24483404,1.0,,,,,,,template,2025-10-11 08:56:44,2025-10-11,284,41,10,8,email,1,person,1,person,58,63
58,0,41,24489479,1.0,,,,,,,template,2025-10-11 10:37:59,2025-10-11,284,41,10,10,email,1,person,1,person,41,58
41,1,47,24506003,1.0,5.0,3.0,,,,,template,2025-10-11 15:13:23,2025-10-11,284,41,10,15,phone,1,person,1,person,41,47
63,1,41,24525241,1.0,4.0,5.0,,,,,template,2025-10-11 20:34:01,2025-10-11,284,41,10,20,phone,1,person,1,person,41,63
47,1,63,24542559,1.0,3.0,4.0,,,,,template,2025-10-12 01:22:39,2025-10-12,285,41,10,1,phone,1,person,1,person,47,63
58,1,43,24546389,1.0,4.0,3.0,,,,,template,2025-10-12 02:26:29,2025-10-12,285,41,10,2,phone,1,person,1,person,43,58
63,1,41,24608324,1.0,4.0,5.0,,,,,template,2025-10-12 19:38:44,2025-10-12,285,41,10,19,phone,1,person,1,person,41,63
41,1,43,24614505,1.0,5.0,3.0,,,,,template,2025-10-12 21:21:45,2025-10-12,285,41,10,21,phone,1,person,1,person,41,43
58,0,47,24616167,1.0,,,,,,,template,2025-10-12 21:49:27,2025-10-12,285,41,10,21,email,1,person,1,person,47,58
41,1,47,24621628,1.0,5.0,3.0,,,,,template,2025-10-12 23:20:28,2025-10-12,285,41,10,23,phone,1,person,1,person,41,47
63,0,45,24626993,1.0,,,,,,,template,2025-10-13 00:49:53,2025-10-13,286,42,10,0,email,1,person,1,person,45,63
43,0,63,24630145,1.0,,,,,,,template,2025-10-13 01:42:25,2025-10-13,286,42,10,1,email,1,person,1,person,43,63
43,1,45,24648911,1.0,3.0,3.0,,,,,template,2025-10-13 06:55:11,2025-10-13,286,42,10,6,phone,1,person,1,person,43,45
43,0,47,24654813,1.0,,,,,,,template,2025-10-13 08:33:33,2025-10-13,286,42,10,8,email,1,person,1,person,43,47
63,0,58,24668305,1.0,,,,,,,template,2025-10-13 12:18:25,2025-10-13,286,42,10,12,email,1,person,1,person,58,63
47,0,58,24680443,1.0,,,,,,,template,2025-10-13 15:40:43,2025-10-13,286,42,10,15,email,1,person,1,person,47,58
47,0,45,24690160,1.0,,,,,,,template,2025-10-13 18:22:40,2025-10-13,286,42,10,18,email,1,person,1,person,45,47
41,1,58,24826147,1.0,5.0,4.0,,,,,template,2025-10-15 08:09:07,2025-10-15,288,42,10,8,phone,1,person,1,person,41,58
43,0,63,24842182,1.0,,,,,,,template,2025-10-15 12:36:22,2025-10-15,288,42,10,12,email,1,person,1,person,43,63
63,1,58,24852569,1.0,4.0,4.0,,,,,template,2025-10-15 15:29:29,2025-10-15,288,42,10,15,phone,1,person,1,person,58,63
58,0,63,24893862,1.0,,,,,,,template,2025-10-16 02:57:42,2025-10-16,289,42,10,2,email,1,person,1,person,58,63
63,0,45,24902361,1.0,,,,,,,template,2025-10-16 05:19:21,2025-10-16,289,42,10,5,email,1,person,1,person,45,63
43,1,47,24931004,1.0,3.0,3.0,,,,,template,2025-10-16 13:16:44,2025-10-16,289,42,10,13,phone,1,person,1,person,43,47
63,1,41,24942379,1.0,4.0,5.0,,,,,template,2025-10-16 16:26:19,2025-10-16,289,42,10,16,phone,1,person,1,person,41,63
41,1,58,24944789,1.0,5.0,4.0,,,,,template,2025-10-16 17:06:29,2025-10-16,289,42,10,17,phone,1,person,1,person,41,58
43,1,45,24965039,1.0,3.0,3.0,,,,,template,2025-10-16 22:43:59,2025-10-16,289,42,10,22,phone,1,person,1,person,43,45
41,1,63,25001456,1.0,5.0,4.0,,,,,template,2025-10-17 08:50:56,2025-10-17,290,42,10,8,phone,1,person,1,person,41,63
41,1,47,25001728,1.0,5.0,3.0,,,,,template,2025-10-17 08:55:28,2025-10-17,290,42,10,8,phone,1,person,1,person,41,47
47,0,63,25013037,1.0,,,,,,,template,2025-10-17 12:03:57,2025-10-17,290,42,10,12,email,1,person,1,person,47,63
47,0,41,25033701,1.0,,,,,,,template,2025-10-17 17:48:21,2025-10-17,290,42,10,17,email,1,person,1,person,41,47
41,1,58,25064109,1.0,5.0,4.0,,,,,template,2025-10-18 02:15:09,2025-10-18,291,42,10,2,phone,1,person,1,person,41,58
63,0,58,25112269,1.0,,,,,,,template,2025-10-18 15:37:49,2025-10-18,291,42,10,15,email,1,person,1,person,58,63
45,1,63,25113055,1.0,3.0,4.0,,,,,template,2025-10-18 15:50:55,2025-10-18,291,42,10,15,phone,1,person,1,person,45,63
47,0,58,25130089,1.0,,,,,,,template,2025-10-18 20:34:49,2025-10-18,291,42,10,20,email,1,person,1,person,47,58
47,0,58,25143953,1.0,,,,,,,template,2025-10-19 00:25:53,2025-10-19,292,42,10,0,email,1,person,1,person,47,58
47,0,58,25148270,1.0,,,,,,,template,2025-10-19 01:37:50,2025-10-19,292,42,10,1,email,1,person,1,person,47,58
41,1,63,25166978,1.0,5.0,4.0,,,,,template,2025-10-19 06:49:38,2025-10-19,292,42,10,6,phone,1,person,1,person,41,63
63,0,41,25186313,1.0,,,,,,,template,2025-10-19 12:11:53,2025-10-19,292,42,10,12,email,1,person,1,person,41,63
41,1,63,25268027,1.0,5.0,4.0,,,,,template,2025-10-20 10:53:47,2025-10-20,293,43,10,10,phone,1,person,1,person,41,63
34,0,27,26052109,1.0,,,,,,,template,2025-10-29 12:41:49,2025-10-29,302,44,10,12,email,1,person,1,person,27,34
37,1,27,26053221,1.0,5.0,5.0,,,,,template,2025-10-29 13:00:21,2025-10-29,302,44,10,13,phone,1,person,1,person,27,37
34,0,37,26057996,1.0,,,,,,,template,2025-10-29 14:19:56,2025-10-29,302,44,10,14,email,1,person,1,person,34,37
34,0,37,26058225,1.0,,,,,,,template,2025-10-29 14:23:45,2025-10-29,302,44,10,14,email,1,person,1,person,34,37
34,0,27,26058458,1.0,,,,,,,template,2025-10-29 14:27:38,2025-10-29,302,44,10,14,email,1,person,1,person,27,34
37,0,41,26058758,1.0,,,,,,,template,2025-10-29 14:32:38,2025-10-29,302,44,10,14,email,1,person,1,person,37,41
34,0,37,26063929,1.0,,,,,,,template,2025-10-29 15:58:49,2025-10-29,302,44,10,15,email,1,person,1,person,34,37
34,0,41,26065708,1.0,,,,,,,template,2025-10-29 16:28:28,2025-10-29,302,44,10,16,email,1,person,1,person,34,41
27,1,37,26067388,1.0,5.0,5.0,,,,,template,2025-10-29 16:56:28,2025-10-29,302,44,10,16,phone,1,person,1,person,27,37
41,1,56,26069480,1.0,5.0,0.0,,,,,template,2025-10-29 17:31:20,2025-10-29,302,44,10,17,phone,1,person,1,person,41,56
27,0,37,26071702,1.0,,,,,,,template,2025-10-29 18:08:22,2025-10-29,302,44,10,18,email,1,person,1,person,27,37
37,1,27,26075091,1.0,5.0,5.0,,,,,template,2025-10-29 19:04:51,2025-10-29,302,44,10,19,phone,1,person,1,person,27,37
56,0,57,26075194,1.0,,,,,,,template,2025-10-29 19:06:34,2025-10-29,302,44,10,19,email,1,person,1,person,56,57
34,0,41,26077285,1.0,,,,,,,template,2025-10-29 19:41:25,2025-10-29,302,44,10,19,email,1,person,1,person,34,41
37,0,41,26078857,1.0,,,,,,,template,2025-10-29 20:07:37,2025-10-29,302,44,10,20,email,1,person,1,person,37,41
27,0,34,26082186,1.0,,,,,,,template,2025-10-29 21:03:06,2025-10-29,302,44,10,21,email,1,person,1,person,27,34
34,0,37,26082274,1.0,,,,,,,template,2025-10-29 21:04:34,2025-10-29,302,44,10,21,email,1,person,1,person,34,37
27,0,41,26083889,1.0,,,,,,,template,2025-10-29 21:31:29,2025-10-29,302,44,10,21,email,1,person,1,person,27,41
27,0,37,26091037,1.0,,,,,,,template,2025-10-29 23:30:37,2025-10-29,302,44,10,23,email,1,person,1,person,27,37
56,0,57,26091373,1.0,,,,,,,template,2025-10-29 23:36:13,2025-10-29,302,44,10,23,email,1,person,1,person,56,57
37,1,27,26092025,1.0,5.0,5.0,,,,,template,2025-10-29 23:47:05,2025-10-29,302,44,10,23,phone,1,person,1,person,27,37
27,1,41,26092138,1.0,5.0,5.0,,,,,template,2025-10-29 23:48:58,2025-10-29,302,44,10,23,phone,1,person,1,person,27,41
34,0,37,26092214,1.0,,,,,,,template,2025-10-29 23:50:14,2025-10-29,302,44,10,23,email,1,person,1,person,34,37
27,1,37,26099201,1.0,5.0,5.0,,,,,template,2025-10-30 01:46:41,2025-10-30,303,44,10,1,phone,1,person,1,person,27,37
41,0,27,26102095,1.0,,,,,,,template,2025-10-30 02:34:55,2025-10-30,303,44,10,2,email,1,person,1,person,27,41
27,1,34,26103327,1.0,5.0,5.0,,,,,template,2025-10-30 02:55:27,2025-10-30,303,44,10,2,phone,1,person,1,person,27,34
27,0,41,26105666,1.0,,,,,,,template,2025-10-30 03:34:26,2025-10-30,303,44,10,3,email,1,person,1,person,27,41
37,0,27,26105994,1.0,,,,,,,template,2025-10-30 03:39:54,2025-10-30,303,44,10,3,email,1,person,1,person,27,37
34,0,37,26107247,1.0,,,,,,,template,2025-10-30 04:00:47,2025-10-30,303,44,10,4,email,1,person,1,person,34,37
37,1,41,26107546,1.0,5.0,5.0,,,,,template,2025-10-30 04:05:46,2025-10-30,303,44,10,4,phone,1,person,1,person,37,41
27,0,37,26108585,1.0,,,,,,,template,2025-10-30 04:23:05,2025-10-30,303,44,10,4,email,1,person,1,person,27,37
34,0,27,26112417,1.0,,,,,,,template,2025-10-30 05:26:57,2025-10-30,303,44,10,5,email,1,person,1,person,27,34
27,1,37,26113084,1.0,5.0,5.0,,,,,template,2025-10-30 05:38:04,2025-10-30,303,44,10,5,phone,1,person,1,person,27,37
27,1,37,26116556,1.0,5.0,5.0,,,,,template,2025-10-30 06:35:56,2025-10-30,303,44,10,6,phone,1,person,1,person,27,37
27,0,37,26118864,1.0,,,,,,,template,2025-10-30 07:14:24,2025-10-30,303,44,10,7,email,1,person,1,person,27,37
27,1,34,26122521,1.0,5.0,5.0,,,,,template,2025-10-30 08:15:21,2025-10-30,303,44,10,8,phone,1,person,1,person,27,34
41,1,57,26123883,1.0,5.0,0.0,,,,,template,2025-10-30 08:38:03,2025-10-30,303,44,10,8,phone,1,person,1,person,41,57
27,1,34,26124086,1.0,5.0,5.0,,,,,template,2025-10-30 08:41:26,2025-10-30,303,44,10,8,phone,1,person,1,person,27,34
37,1,34,26127395,1.0,5.0,5.0,,,,,template,2025-10-30 09:36:35,2025-10-30,303,44,10,9,phone,1,person,1,person,34,37
27,0,37,26128324,1.0,,,,,,,template,2025-10-30 09:52:04,2025-10-30,303,44,10,9,email,1,person,1,person,27,37
56,0,57,26307606,1.0,,,,,,,template,2025-11-01 11:40:06,2025-11-01,305,44,11,11,email,1,person,1,person,56,57
56,0,57,26356812,1.0,,,,,,,template,2025-11-02 01:20:12,2025-11-02,306,44,11,1,email,1,person,1,person,56,57
57,1,41,26367279,1.0,0.0,5.0,,,,,template,2025-11-02 04:14:39,2025-11-02,306,44,11,4,phone,1,person,1,person,41,57
56,0,41,26398401,1.0,,,,,,,template,2025-11-02 12:53:21,2025-11-02,306,44,11,12,email,1,person,1,person,41,56
41,0,56,26429126,1.0,,,,,,,template,2025-11-02 21:25:26,2025-11-02,306,44,11,21,email,1,person,1,person,41,56
56,0,57,26483776,1.0,,,,,,,template,2025-11-03 12:36:16,2025-11-03,307,45,11,12,email,1,person,1,person,56,57
41,0,57,26513034,1.0,,,,,,,template,2025-11-03 20:43:54,2025-11-03,307,45,11,20,email,1,person,1,person,41,57
56,0,41,26513340,1.0,,,,,,,template,2025-11-03 20:49:00,2025-11-03,307,45,11,20,email,1,person,1,person,41,56
56,0,41,26591868,1.0,,,,,,,template,2025-11-04 18:37:48,2025-11-04,308,45,11,18,email,1,person,1,person,41,56
41,0,56,26639985,1.0,,,,,,,template,2025-11-05 07:59:45,2025-11-05,309,45,11,7,email,1,person,1,person,41,56
41,1,56,26648091,1.0,5.0,0.0,,,,,template,2025-11-05 10:14:51,2025-11-05,309,45,11,10,phone,1,person,1,person,41,56
57,1,41,26648577,1.0,0.0,5.0,,,,,template,2025-11-05 10:22:57,2025-11-05,309,45,11,10,phone,1,person,1,person,41,57
41,1,56,26714680,1.0,5.0,0.0,,,,,template,2025-11-06 04:44:40,2025-11-06,310,45,11,4,phone,1,person,1,person,41,56
41,1,57,26736418,1.0,5.0,0.0,,,,,template,2025-11-06 10:46:58,2025-11-06,310,45,11,10,phone,1,person,1,person,41,57
41,1,57,26769074,1.0,5.0,0.0,,,,,template,2025-11-06 19:51:14,2025-11-06,310,45,11,19,phone,1,person,1,person,41,57
56,0,41,26803475,1.0,,,,,,,template,2025-11-07 05:24:35,2025-11-07,311,45,11,5,email,1,person,1,person,41,56
56,0,57,26812145,1.0,,,,,,,template,2025-11-07 07:49:05,2025-11-07,311,45,11,7,email,1,person,1,person,56,57
57,1,56,26842692,1.0,0.0,0.0,,,,,template,2025-11-07 16:18:12,2025-11-07,311,45,11,16,phone,1,person,1,person,56,57
41,1,56,26849802,1.0,5.0,0.0,,,,,template,2025-11-07 18:16:42,2025-11-07,311,45,11,18,phone,1,person,1,person,41,56
56,0,41,26956674,1.0,,,,,,,template,2025-11-08 23:57:54,2025-11-08,312,45,11,23,email,1,person,1,person,41,56
41,1,56,26980042,1.0,5.0,0.0,,,,,template,2025-11-09 06:27:22,2025-11-09,313,45,11,6,phone,1,person,1,person,41,56
41,0,56,26980978,1.0,,,,,,,template,2025-11-09 06:42:58,2025-11-09,313,45,11,6,email,1,person,1,person,41,56
57,1,41,27014691,1.0,0.0,5.0,,,,,template,2025-11-09 16:04:51,2025-11-09,313,45,11,16,phone,1,person,1,person,41,57
41,0,56,27049212,1.0,,,,,,,template,2025-11-10 01:40:12,2025-11-10,314,46,11,1,email,1,person,1,person,41,56
57,1,56,27054205,1.0,0.0,0.0,,,,,template,2025-11-10 03:03:25,2025-11-10,314,46,11,3,phone,1,person,1,person,56,57
56,0,57,27097980,1.0,,,,,,,template,2025-11-10 15:13:00,2025-11-10,314,46,11,15,email,1,person,1,person,56,57
56,0,41,27135128,1.0,,,,,,,template,2025-11-11 01:32:08,2025-11-11,315,46,11,1,email,1,person,1,person,41,56
56,0,57,27150761,1.0,,,,,,,template,2025-11-11 05:52:41,2025-11-11,315,46,11,5,email,1,person,1,person,56,57
41,1,57,27160169,1.0,5.0,0.0,,,,,template,2025-11-11 08:29:29,2025-11-11,315,46,11,8,phone,1,person,1,person,41,57
57,1,56,27205975,1.0,0.0,0.0,,,,,template,2025-11-11 21:12:55,2025-11-11,315,46,11,21,phone,1,person,1,person,56,57
41,0,57,27222388,1.0,,,,,,,template,2025-11-12 01:46:28,2025-11-12,316,46,11,1,email,1,person,1,person,41,57
599956,0,635665,1296000,1.0,,,,,,,q1_graph1,2025-01-16 00:00:00,2025-01-16,16,3,1,0,email,1,person,1,person,599956,635665
599956,0,490041,1306507,1.0,,,,,,,q1_graph1,2025-01-16 02:55:07,2025-01-16,16,3,1,2,email,1,person,1,person,490041,599956
599956,0,490041,1312679,1.0,,,,,,,q1_graph1,2025-01-16 04:37:59,2025-01-16,16,3,1,4,email,1,person,1,person,490041,599956
490041,0,599956,1314435,1.0,,,,,,,q1_graph1,2025-01-16 05:07:15,2025-01-16,16,3,1,5,email,1,person,1,person,490041,599956
490041,0,599956,1331859,1.0,,,,,,,q1_graph1,2025-01-16 09:57:39,2025-01-16,16,3,1,9,email,1,person,1,person,490041,599956
490041,0,635665,1350583,1.0,,,,,,,q1_graph1,2025-01-16 15:09:43,2025-01-16,16,3,1,15,email,1,person,1,person,490041,635665
599956,0,635665,1368949,1.0,,,,,,,q1_graph1,2025-01-16 20:15:49,2025-01-16,16,3,1,20,email,1,person,1,person,599956,635665
490041,0,599956,1390083,1.0,,,,,,,q1_graph1,2025-01-17 02:08:03,2025-01-17,17,3,1,2,email,1,person,1,person,490041,599956
490041,1,589639,1417381,1.0,0.0,0.0,34.5741,-42.0541,30.4483,-42.5341,q1_graph1,2025-01-17 09:43:01,2025-01-17,17,3,1,9,phone,1,person,1,person,490041,589639
599956,1,635665,1423376,1.0,0.0,0.0,34.2958,-39.026,29.3296,-37.8076,q1_graph1,2025-01-17 11:22:56,2025-01-17,17,3,1,11,phone,1,person,1,person,599956,635665
599956,0,589639,1437564,1.0,,,,,,,q1_graph1,2025-01-17 15:19:24,2025-01-17,17,3,1,15,email,1,person,1,person,589639,599956
599956,1,589639,1465986,1.0,0.0,0.0,34.2958,-39.026,30.4483,-42.5341,q1_graph1,2025-01-17 23:13:06,2025-01-17,17,3,1,23,phone,1,person,1,person,589639,599956
490041,1,635665,1523000,1.0,0.0,0.0,34.5741,-42.0541,29.3296,-37.8076,q1_graph1,2025-01-18 15:03:20,2025-01-18,18,3,1,15,phone,1,person,1,person,490041,635665
599956,1,589639,1536819,1.0,0.0,0.0,34.2958,-39.026,30.4483,-42.5341,q1_graph1,2025-01-18 18:53:39,2025-01-18,18,3,1,18,phone,1,person,1,person,589639,599956
599956,1,589639,1540919,1.0,0.0,0.0,34.2958,-39.026,30.4483,-42.5341,q1_graph1,2025-01-18 20:01:59,2025-01-18,18,3,1,20,phone,1,person,1,person,589639,599956
599956,0,589639,1565941,1.0,,,,,,,q1_graph1,2025-01-19 02:59:01,2025-01-19,19,3,1,2,email,1,person,1,person,589639,599956
490041,1,589639,1568399,1.0,0.0,0.0,34.5741,-42.0541,30.4483,-42.5341,q1_graph1,2025-01-19 03:39:59,2025-01-19,19,3,1,3,phone,1,person,1,person,490041,589639
599956,0,635665,1576780,1.0,,,,,,,q1_graph1,2025-01-19 05:59:40,2025-01-19,19,3,1,5,email,1,person,1,person,599956,635665
490041,0,589639,1598371,1.0,,,,,,,q1_graph1,2025-01-19 11:59:31,2025-01-19,19,3,1,11,email,1,person,1,person,490041,589639
490041,0,635665,1617847,1.0,,,,,,,q1_graph1,2025-01-19 17:24:07,2025-01-19,19,3,1,17,email,1,person,1,person,490041,635665
599956,0,490041,1631939,1.0,,,,,,,q1_graph1,2025-01-19 21:18:59,2025-01-19,19,3,1,21,email,1,person,1,person,490041,599956
599956,0,635665,1662551,1.0,,,,,,,q1_graph1,2025-01-20 05:49:11,2025-01-20,20,4,1,5,email,1,person,1,person,599956,635665
490041,0,635665,1663236,1.0,,,,,,,q1_graph1,2025-01-20 06:00:36,2025-01-20,20,4,1,6,email,1,person,1,person,490041,635665
599956,0,589639,1674446,1.0,,,,,,,q1_graph1,2025-01-20 09:07:26,2025-01-20,20,4,1,9,email,1,person,1,person,589639,599956
599956,0,635665,1689032,1.0,,,,,,,q1_graph1,2025-01-20 13:10:32,2025-01-20,20,4,1,13,email,1,person,1,person,599956,635665
599956,0,589639,1692550,1.0,,,,,,,q1_graph1,2025-01-20 14:09:10,2025-01-20,20,4,1,14,email,1,person,1,person,589639,599956
599956,0,635665,1693300,1.0,,,,,,,q1_graph1,2025-01-20 14:21:40,2025-01-20,20,4,1,14,email,1,person,1,person,599956,635665
490041,1,589639,1694726,1.0,0.0,0.0,34.5741,-42.0541,30.4483,-42.5341,q1_graph1,2025-01-20 14:45:26,2025-01-20,20,4,1,14,phone,1,person,1,person,490041,589639
490041,1,589639,1734364,1.0,0.0,0.0,34.5741,-42.0541,30.4483,-42.5341,q1_graph1,2025-01-21 01:46:04,2025-01-21,21,4,1,1,phone,1,person,1,person,490041,589639
490041,1,635665,1743198,1.0,0.0,0.0,34.5741,-42.0541,29.3296,-37.8076,q1_graph1,2025-01-21 04:13:18,2025-01-21,21,4,1,4,phone,1,person,1,person,490041,635665
490041,1,599956,1768587,1.0,0.0,0.0,34.5741,-42.0541,34.2958,-39.026,q1_graph1,2025-01-21 11:16:27,2025-01-21,21,4,1,11,phone,1,person,1,person,490041,599956
490041,0,599956,1773043,1.0,,,,,,,q1_graph1,2025-01-21 12:30:43,2025-01-21,21,4,1,12,email,1,person,1,person,490041,599956
599956,1,490041,1789643,1.0,0.0,0.0,34.2958,-39.026,34.5741,-42.0541,q1_graph1,2025-01-21 17:07:23,2025-01-21,21,4,1,17,phone,1,person,1,person,490041,599956
490041,0,589639,1812906,1.0,,,,,,,q1_graph1,2025-01-21 23:35:06,2025-01-21,21,4,1,23,email,1,person,1,person,490041,589639
490041,0,599956,1815837,1.0,,,,,,,q1_graph1,2025-01-22 00:23:57,2025-01-22,22,4,1,0,email,1,person,1,person,490041,599956
599956,1,490041,1821622,1.0,0.0,0.0,34.2958,-39.026,34.5741,-42.0541,q1_graph1,2025-01-22 02:00:22,2025-01-22,22,4,1,2,phone,1,person,1,person,490041,599956
490041,0,589639,1830106,1.0,,,,,,,q1_graph1,2025-01-22 04:21:46,2025-01-22,22,4,1,4,email,1,person,1,person,490041,589639
599956,1,589639,1832626,1.0,0.0,0.0,34.2958,-39.026,30.4483,-42.5341,q1_graph1,2025-01-22 05:03:46,2025-01-22,22,4,1,5,phone,1,person,1,person,589639,599956
490041,1,635665,1844976,1.0,0.0,0.0,34.5741,-42.0541,29.3296,-37.8076,q1_graph1,2025-01-22 08:29:36,2025-01-22,22,4,1,8,phone,1,person,1,person,490041,635665
599956,0,635665,1847895,1.0,,,,,,,q1_graph1,2025-01-22 09:18:15,2025-01-22,22,4,1,9,email,1,person,1,person,599956,635665
490041,0,599956,1869418,1.0,,,,,,,q1_graph1,2025-01-22 15:16:58,2025-01-22,22,4,1,15,email,1,person,1,person,490041,599956
490041,1,589639,1870295,1.0,0.0,0.0,34.5741,-42.0541,30.4483,-42.5341,q1_graph1,2025-01-22 15:31:35,2025-01-22,22,4,1,15,phone,1,person,1,person,490041,589639
533140,0,591682,2300427,1.0,,,,,,,q1_graph1,2025-01-27 15:00:27,2025-01-27,27,5,1,15,email,1,person,1,person,533140,591682
568093,0,616050,2720925,1.0,,,,,,,q1_graph1,2025-02-01 11:48:45,2025-02-01,32,5,2,11,email,1,person,1,person,568093,616050
632150,1,635665,2806344,1.0,2.0,0.0,-27.2563,91.7676,29.3296,-37.8076,q1_graph1,2025-02-02 11:32:24,2025-02-02,33,5,2,11,phone,1,person,1,person,632150,635665
635665,1,568093,3314951,1.0,0.0,0.0,29.3296,-37.8076,28.3004,-47.4036,q1_graph1,2025-02-08 08:49:11,2025-02-08,39,6,2,8,phone,1,person,1,person,568093,635665
616050,1,632150,3487438,1.0,2.0,2.0,-20.9062,92.3982,-27.2563,91.7676,q1_graph1,2025-02-10 08:43:58,2025-02-10,41,7,2,8,phone,1,person,1,person,616050,632150
632150,1,568093,3796266,1.0,2.0,0.0,-27.2563,91.7676,28.3004,-47.4036,q1_graph1,2025-02-13 22:31:06,2025-02-13,44,7,2,22,phone,1,person,1,person,568093,632150
568093,0,632150,3838156,1.0,,,,,,,q1_graph1,2025-02-14 10:09:16,2025-02-14,45,7,2,10,email,1,person,1,person,568093,632150
533140,0,464459,4130014,1.0,,,,,,,q1_graph1,2025-02-17 19:13:34,2025-02-17,48,8,2,19,email,1,person,1,person,464459,533140
533140,0,616050,4201266,1.0,,,,,,,q1_graph1,2025-02-18 15:01:06,2025-02-18,49,8,2,15,email,1,person,1,person,533140,616050
533140,0,616050,4333271,1.0,,,,,,,q1_graph1,2025-02-20 03:41:11,2025-02-20,51,8,2,3,email,1,person,1,person,533140,616050
568093,0,533140,4812138,1.0,,,,,,,q1_graph1,2025-02-25 16:42:18,2025-02-25,56,9,2,16,email,1,person,1,person,533140,568093
635665,0,512397,5288962,1.0,,,,,,,q1_graph1,2025-03-03 05:09:22,2025-03-03,62,10,3,5,email,1,person,1,person,512397,635665
632150,1,635665,5599120,1.0,2.0,0.0,-27.2563,91.7676,29.3296,-37.8076,q1_graph1,2025-03-06 19:18:40,2025-03-06,65,10,3,19,phone,1,person,1,person,632150,635665
635665,0,550287,5626655,1.0,,,,,,,q1_graph1,2025-03-07 02:57:35,2025-03-07,66,10,3,2,email,1,person,1,person,550287,635665
512397,0,635665,5717144,1.0,,,,,,,q1_graph1,2025-03-08 04:05:44,2025-03-08,67,10,3,4,email,1,person,1,person,512397,635665
635665,0,559657,5739273,1.0,,,,,,,q1_graph1,2025-03-08 10:14:33,2025-03-08,67,10,3,10,email,1,person,1,person,559657,635665
635665,0,616050,5895251,1.0,,,,,,,q1_graph1,2025-03-10 05:34:11,2025-03-10,69,11,3,5,email,1,person,1,person,616050,635665
512397,0,635665,6064497,1.0,,,,,,,q1_graph1,2025-03-12 04:34:57,2025-03-12,71,11,3,4,email,1,person,1,person,512397,635665
533140,1,591682,6064987,1.0,2.0,2.0,-21.8004,89.7045,-22.6503,92.6106,q1_graph1,2025-03-12 04:43:07,2025-03-12,71,11,3,4,phone,1,person,1,person,533140,591682
635665,0,550287,6147265,1.0,,,,,,,q1_graph1,2025-03-13 03:34:25,2025-03-13,72,11,3,3,email,1,person,1,person,550287,635665
635665,0,512397,6186726,1.0,,,,,,,q1_graph1,2025-03-13 14:32:06,2025-03-13,72,11,3,14,email,1,person,1,person,512397,635665
533140,0,591682,6360806,1.0,,,,,,,q1_graph1,2025-03-15 14:53:26,2025-03-15,74,11,3,14,email,1,person,1,person,533140,591682
568093,0,464459,6508928,1.0,,,,,,,q1_graph1,2025-03-17 08:02:08,2025-03-17,76,12,3,8,email,1,person,1,person,464459,568093
635665,0,512397,6571211,1.0,,,,,,,q1_graph1,2025-03-18 01:20:11,2025-03-18,77,12,3,1,email,1,person,1,person,512397,635665
635665,1,533140,6713226,1.0,0.0,2.0,29.3296,-37.8076,-21.8004,89.7045,q1_graph1,2025-03-19 16:47:06,2025-03-19,78,12,3,16,phone,1,person,1,person,533140,635665
635665,0,559657,6714914,1.0,,,,,,,q1_graph1,2025-03-19 17:15:14,2025-03-19,78,12,3,17,email,1,person,1,person,559657,635665
616050,1,533140,6731066,1.0,2.0,2.0,-20.9062,92.3982,-21.8004,89.7045,q1_graph1,2025-03-19 21:44:26,2025-03-19,78,12,3,21,phone,1,person,1,person,533140,616050
533140,1,616050,6977386,1.0,2.0,2.0,-21.8004,89.7045,-20.9062,92.3982,q1_graph1,2025-03-22 18:09:46,2025-03-22,81,12,3,18,phone,1,person,1,person,533140,616050
568093,0,632150,7035286,1.0,,,,,,,q1_graph1,2025-03-23 10:14:46,2025-03-23,82,12,3,10,email,1,person,1,person,568093,632150
635665,0,559657,7083468,1.0,,,,,,,q1_graph1,2025-03-23 23:37:48,2025-03-23,82,12,3,23,email,1,person,1,person,559657,635665
635665,0,559657,7094212,1.0,,,,,,,q1_graph1,2025-03-24 02:36:52,2025-03-24,83,13,3,2,email,1,person,1,person,559657,635665
512397,0,635665,7168878,1.0,,,,,,,q1_graph1,2025-03-24 23:21:18,2025-03-24,83,13,3,23,email,1,person,1,person,512397,635665
632150,1,464459,7485417,1.0,2.0,0.0,-27.2563,91.7676,25.0754,-40.6293,q1_graph1,2025-03-28 15:16:57,2025-03-28,87,13,3,15,phone,1,person,1,person,464459,632150
635665,0,559657,7491939,1.0,,,,,,,q1_graph1,2025-03-28 17:05:39,2025-03-28,87,13,3,17,email,1,person,1,person,559657,635665
616050,1,533140,7527116,1.0,2.0,2.0,-20.9062,92.3982,-21.8004,89.7045,q1_graph1,2025-03-29 02:51:56,2025-03-29,88,13,3,2,phone,1,person,1,person,533140,616050
635665,0,512397,7575721,1.0,,,,,,,q1_graph1,2025-03-29 16:22:01,2025-03-29,88,13,3,16,email,1,person,1,person,512397,635665
533140,0,464459,7649729,1.0,,,,,,,q1_graph1,2025-03-30 12:55:29,2025-03-30,89,13,3,12,email,1,person,1,person,464459,533140
533140,0,464459,7848257,1.0,,,,,,,q1_graph1,2025-04-01 20:04:17,2025-04-01,91,14,4,20,email,1,person,1,person,464459,533140
635665,0,512397,8102731,1.0,,,,,,,q1_graph1,2025-04-04 18:45:31,2025-04-04,94,14,4,18,email,1,person,1,person,512397,635665
635665,1,533140,8239192,1.0,0.0,2.0,29.3296,-37.8076,-21.8004,89.7045,q1_graph1,2025-04-06 08:39:52,2025-04-06,96,14,4,8,phone,1,person,1,person,533140,635665
512397,0,635665,8272124,1.0,,,,,,,q1_graph1,2025-04-06 17:48:44,2025-04-06,96,14,4,17,email,1,person,1,person,512397,635665
623295,0,635665,8290018,1.0,,,,,,,q1_graph1,2025-04-06 22:46:58,2025-04-06,96,14,4,22,email,1,person,1,person,623295,635665
599956,1,492777,8304372,1.0,0.0,3.0,34.2958,-39.026,-24.5657,-110.65,q1_graph1,2025-04-07 02:46:12,2025-04-07,97,15,4,2,phone,1,person,1,person,492777,599956
599956,0,570411,8356067,1.0,,,,,,,q1_graph1,2025-04-07 17:07:47,2025-04-07,97,15,4,17,email,1,person,1,person,570411,599956
589639,0,635665,8358490,1.0,,,,,,,q1_graph1,2025-04-07 17:48:10,2025-04-07,97,15,4,17,email,1,person,1,person,589639,635665
550287,0,512397,8408133,1.0,,,,,,,q1_graph1,2025-04-08 07:35:33,2025-04-08,98,15,4,7,email,1,person,1,person,512397,550287
550361,0,490041,8444702,1.0,,,,,,,q1_graph1,2025-04-08 17:45:02,2025-04-08,98,15,4,17,email,1,person,1,person,490041,550361
599956,0,493044,8465663,1.0,,,,,,,q1_graph1,2025-04-08 23:34:23,2025-04-08,98,15,4,23,email,1,person,1,person,493044,599956
599956,0,635665,8677838,1.0,,,,,,,q1_graph1,2025-04-11 10:30:38,2025-04-11,101,15,4,10,email,1,person,1,person,599956,635665
550287,0,512397,8684963,1.0,,,,,,,q1_graph1,2025-04-11 12:29:23,2025-04-11,101,15,4,12,email,1,person,1,person,512397,550287
599956,1,492777,8709595,1.0,0.0,3.0,34.2958,-39.026,-24.5657,-110.65,q1_graph1,2025-04-11 19:19:55,2025-04-11,101,15,4,19,phone,1,person,1,person,492777,599956
599956,1,492777,8718680,1.0,0.0,3.0,34.2958,-39.026,-24.5657,-110.65,q1_graph1,2025-04-11 21:51:20,2025-04-11,101,15,4,21,phone,1,person,1,person,492777,599956
596193,0,635665,8728337,1.0,,,,,,,q1_graph1,2025-04-12 00:32:17,2025-04-12,102,15,4,0,email,1,person,1,person,596193,635665
550361,0,596193,8745034,1.0,,,,,,,q1_graph1,2025-04-12 05:10:34,2025-04-12,102,15,4,5,email,1,person,1,person,550361,596193
596193,0,492777,8756900,1.0,,,,,,,q1_graph1,2025-04-12 08:28:20,2025-04-12,102,15,4,8,email,1,person,1,person,492777,596193
599956,1,493044,8761720,1.0,0.0,2.0,34.2958,-39.026,-20.8686,89.4217,q1_graph1,2025-04-12 09:48:40,2025-04-12,102,15,4,9,phone,1,person,1,person,493044,599956
490041,0,599956,8771959,1.0,,,,,,,q1_graph1,2025-04-12 12:39:19,2025-04-12,102,15,4,12,email,1,person,1,person,490041,599956
550361,0,589639,8789089,1.0,,,,,,,q1_graph1,2025-04-12 17:24:49,2025-04-12,102,15,4,17,email,1,person,1,person,550361,589639
512397,0,550287,8811852,1.0,,,,,,,q1_graph1,2025-04-12 23:44:12,2025-04-12,102,15,4,23,email,1,person,1,person,512397,550287
599956,1,635665,8847370,1.0,0.0,0.0,34.2958,-39.026,29.3296,-37.8076,q1_graph1,2025-04-13 09:36:10,2025-04-13,103,15,4,9,phone,1,person,1,person,599956,635665
550287,0,512397,8890301,1.0,,,,,,,q1_graph1,2025-04-13 21:31:41,2025-04-13,103,15,4,21,email,1,person,1,person,512397,550287
623295,0,550361,8894109,1.0,,,,,,,q1_graph1,2025-04-13 22:35:09,2025-04-13,103,15,4,22,email,1,person,1,person,550361,623295
599956,0,640464,8904016,1.0,,,,,,,q1_graph1,2025-04-14 01:20:16,2025-04-14,104,16,4,1,email,1,person,1,person,599956,640464
599956,1,490041,8938744,1.0,0.0,0.0,34.2958,-39.026,34.5741,-42.0541,q1_graph1,2025-04-14 10:59:04,2025-04-14,104,16,4,10,phone,1,person,1,person,490041,599956
568093,0,632150,8962019,1.0,,,,,,,q1_graph1,2025-04-14 17:26:59,2025-04-14,104,16,4,17,email,1,person,1,person,568093,632150
599956,1,493044,8985798,1.0,0.0,2.0,34.2958,-39.026,-20.8686,89.4217,q1_graph1,2025-04-15 00:03:18,2025-04-15,105,16,4,0,phone,1,person,1,person,493044,599956
599956,0,570411,8994500,1.0,,,,,,,q1_graph1,2025-04-15 02:28:20,2025-04-15,105,16,4,2,email,1,person,1,person,570411,599956
599956,1,589639,8997941,1.0,0.0,0.0,34.2958,-39.026,30.4483,-42.5341,q1_graph1,2025-04-15 03:25:41,2025-04-15,105,16,4,3,phone,1,person,1,person,589639,599956
596193,0,492777,9012009,1.0,,,,,,,q1_graph1,2025-04-15 07:20:09,2025-04-15,105,16,4,7,email,1,person,1,person,492777,596193
568093,0,616050,9076579,1.0,,,,,,,q1_graph1,2025-04-16 01:16:19,2025-04-16,106,16,4,1,email,1,person,1,person,568093,616050
623295,0,635665,9094353,1.0,,,,,,,q1_graph1,2025-04-16 06:12:33,2025-04-16,106,16,4,6,email,1,person,1,person,623295,635665
490041,1,550361,9100993,1.0,0.0,2.0,34.5741,-42.0541,-18.3758,91.025,q1_graph1,2025-04-16 08:03:13,2025-04-16,106,16,4,8,phone,1,person,1,person,490041,550361
599956,1,570411,9102661,1.0,0.0,0.0,34.2958,-39.026,32.6654,-48.6701,q1_graph1,2025-04-16 08:31:01,2025-04-16,106,16,4,8,phone,1,person,1,person,570411,599956
616050,1,464459,9118391,1.0,2.0,0.0,-20.9062,92.3982,25.0754,-40.6293,q1_graph1,2025-04-16 12:53:11,2025-04-16,106,16,4,12,phone,1,person,1,person,464459,616050
623295,0,589639,9145435,1.0,,,,,,,q1_graph1,2025-04-16 20:23:55,2025-04-16,106,16,4,20,email,1,person,1,person,589639,623295
589639,0,550361,9150468,1.0,,,,,,,q1_graph1,2025-04-16 21:47:48,2025-04-16,106,16,4,21,email,1,person,1,person,550361,589639
568093,0,635665,9161797,1.0,,,,,,,q1_graph1,2025-04-17 00:56:37,2025-04-17,107,16,4,0,email,1,person,1,person,568093,635665
623295,0,596193,9162596,1.0,,,,,,,q1_graph1,2025-04-17 01:09:56,2025-04-17,107,16,4,1,email,1,person,1,person,596193,623295
599956,0,640464,9189819,1.0,,,,,,,q1_graph1,2025-04-17 08:43:39,2025-04-17,107,16,4,8,email,1,person,1,person,599956,640464
490041,1,623295,9269917,1.0,0.0,3.0,34.5741,-42.0541,-25.4639,-111.249,q1_graph1,2025-04-18 06:58:37,2025-04-18,108,16,4,6,phone,1,person,1,person,490041,623295
599956,1,596193,9312133,1.0,0.0,2.0,34.2958,-39.026,-17.1099,90.7971,q1_graph1,2025-04-18 18:42:13,2025-04-18,108,16,4,18,phone,1,person,1,person,596193,599956
599956,0,490041,9328701,1.0,,,,,,,q1_graph1,2025-04-18 23:18:21,2025-04-18,108,16,4,23,email,1,person,1,person,490041,599956
623295,0,550361,9335884,1.0,,,,,,,q1_graph1,2025-04-19 01:18:04,2025-04-19,109,16,4,1,email,1,person,1,person,550361,623295
623295,0,570411,9341506,1.0,,,,,,,q1_graph1,2025-04-19 02:51:46,2025-04-19,109,16,4,2,email,1,person,1,person,570411,623295
599956,0,623295,9369606,1.0,,,,,,,q1_graph1,2025-04-19 10:40:06,2025-04-19,109,16,4,10,email,1,person,1,person,599956,623295
623295,0,640464,9392429,1.0,,,,,,,q1_graph1,2025-04-19 17:00:29,2025-04-19,109,16,4,17,email,1,person,1,person,623295,640464
596193,0,640464,9409103,1.0,,,,,,,q1_graph1,2025-04-19 21:38:23,2025-04-19,109,16,4,21,email,1,person,1,person,596193,640464
599956,1,589639,9523757,1.0,0.0,0.0,34.2958,-39.026,30.4483,-42.5341,q1_graph1,2025-04-21 05:29:17,2025-04-21,111,17,4,5,phone,1,person,1,person,589639,599956
623295,0,570411,9533579,1.0,,,,,,,q1_graph1,2025-04-21 08:12:59,2025-04-21,111,17,4,8,email,1,person,1,person,570411,623295
635665,1,616050,9566701,1.0,0.0,2.0,29.3296,-37.8076,-20.9062,92.3982,q1_graph1,2025-04-21 17:25:01,2025-04-21,111,17,4,17,phone,1,person,1,person,616050,635665
599956,0,550361,9594811,1.0,,,,,,,q1_graph1,2025-04-22 01:13:31,2025-04-22,112,17,4,1,email,1,person,1,person,550361,599956
599956,1,589639,9631198,1.0,0.0,0.0,34.2958,-39.026,30.4483,-42.5341,q1_graph1,2025-04-22 11:19:58,2025-04-22,112,17,4,11,phone,1,person,1,person,589639,599956
599956,0,490041,9634710,1.0,,,,,,,q1_graph1,2025-04-22 12:18:30,2025-04-22,112,17,4,12,email,1,person,1,person,490041,599956
599956,0,570411,9645937,1.0,,,,,,,q1_graph1,2025-04-22 15:25:37,2025-04-22,112,17,4,15,email,1,person,1,person,570411,599956
568093,0,632150,9743545,1.0,,,,,,,q1_graph1,2025-04-23 18:32:25,2025-04-23,113,17,4,18,email,1,person,1,person,568093,632150
623295,0,490041,9810911,1.0,,,,,,,q1_graph1,2025-04-24 13:15:11,2025-04-24,114,17,4,13,email,1,person,1,person,490041,623295
632150,1,533140,9824045,1.0,2.0,2.0,-27.2563,91.7676,-21.8004,89.7045,q1_graph1,2025-04-24 16:54:05,2025-04-24,114,17,4,16,phone,1,person,1,person,533140,632150
589639,0,490041,9843778,1.0,,,,,,,q1_graph1,2025-04-24 22:22:58,2025-04-24,114,17,4,22,email,1,person,1,person,490041,589639
599956,1,635665,9880536,1.0,0.0,0.0,34.2958,-39.026,29.3296,-37.8076,q1_graph1,2025-04-25 08:35:36,2025-04-25,115,17,4,8,phone,1,person,1,person,599956,635665
616050,1,635665,9885133,1.0,2.0,0.0,-20.9062,92.3982,29.3296,-37.8076,q1_graph1,2025-04-25 09:52:13,2025-04-25,115,17,4,9,phone,1,person,1,person,616050,635665
589639,0,490041,9889908,1.0,,,,,,,q1_graph1,2025-04-25 11:11:48,2025-04-25,115,17,4,11,email,1,person,1,person,490041,589639
550361,0,493044,9893984,1.0,,,,,,,q1_graph1,2025-04-25 12:19:44,2025-04-25,115,17,4,12,email,1,person,1,person,493044,550361
464459,1,632150,9913520,1.0,0.0,2.0,25.0754,-40.6293,-27.2563,91.7676,q1_graph1,2025-04-25 17:45:20,2025-04-25,115,17,4,17,phone,1,person,1,person,464459,632150
490041,1,640464,9947058,1.0,0.0,0.0,34.5741,-42.0541,35.8806,-34.5372,q1_graph1,2025-04-26 03:04:18,2025-04-26,116,17,4,3,phone,1,person,1,person,490041,640464
599956,1,623295,9994548,1.0,0.0,3.0,34.2958,-39.026,-25.4639,-111.249,q1_graph1,2025-04-26 16:15:48,2025-04-26,116,17,4,16,phone,1,person,1,person,599956,623295
599956,1,490041,10008400,1.0,0.0,0.0,34.2958,-39.026,34.5741,-42.0541,q1_graph1,2025-04-26 20:06:40,2025-04-26,116,17,4,20,phone,1,person,1,person,490041,599956
623295,0,570411,10018468,1.0,,,,,,,q1_graph1,2025-04-26 22:54:28,2025-04-26,116,17,4,22,email,1,person,1,person,570411,623295
550361,0,599956,10112171,1.0,,,,,,,q1_graph1,2025-04-28 00:56:11,2025-04-28,118,18,4,0,email,1,person,1,person,550361,599956
490041,0,493044,10125697,1.0,,,,,,,q1_graph1,2025-04-28 04:41:37,2025-04-28,118,18,4,4,email,1,person,1,person,490041,493044
596193,0,493044,10196465,1.0,,,,,,,q1_graph1,2025-04-29 00:21:05,2025-04-29,119,18,4,0,email,1,person,1,person,493044,596193
550361,0,623295,10204276,1.0,,,,,,,q1_graph1,2025-04-29 02:31:16,2025-04-29,119,18,4,2,email,1,person,1,person,550361,623295
635665,1,632150,10206980,1.0,0.0,2.0,29.3296,-37.8076,-27.2563,91.7676,q1_graph1,2025-04-29 03:16:20,2025-04-29,119,18,4,3,phone,1,person,1,person,632150,635665
490041,0,492777,10222243,1.0,,,,,,,q1_graph1,2025-04-29 07:30:43,2025-04-29,119,18,4,7,email,1,person,1,person,490041,492777
599956,0,635665,10372830,1.0,,,,,,,q1_graph1,2025-05-01 01:20:30,2025-05-01,121,18,5,1,email,1,person,1,person,599956,635665
550361,0,640464,10380701,1.0,,,,,,,q1_graph1,2025-05-01 03:31:41,2025-05-01,121,18,5,3,email,1,person,1,person,550361,640464
490041,0,493044,10392303,1.0,,,,,,,q1_graph1,2025-05-01 06:45:03,2025-05-01,121,18,5,6,email,1,person,1,person,490041,493044
512397,0,550287,10409865,1.0,,,,,,,q1_graph1,2025-05-01 11:37:45,2025-05-01,121,18,5,11,email,1,person,1,person,512397,550287
632150,1,464459,10415195,1.0,2.0,0.0,-27.2563,91.7676,25.0754,-40.6293,q1_graph1,2025-05-01 13:06:35,2025-05-01,121,18,5,13,phone,1,person,1,person,464459,632150
632150,1,591682,10427425,1.0,2.0,2.0,-27.2563,91.7676,-22.6503,92.6106,q1_graph1,2025-05-01 16:30:25,2025-05-01,121,18,5,16,phone,1,person,1,person,591682,632150
599956,1,550361,10446305,1.0,0.0,2.0,34.2958,-39.026,-18.3758,91.025,q1_graph1,2025-05-01 21:45:05,2025-05-01,121,18,5,21,phone,1,person,1,person,550361,599956
616050,1,533140,10498974,1.0,2.0,2.0,-20.9062,92.3982,-21.8004,89.7045,q1_graph1,2025-05-02 12:22:54,2025-05-02,122,18,5,12,phone,1,person,1,person,533140,616050
623295,0,550361,10526722,1.0,,,,,,,q1_graph1,2025-05-02 20:05:22,2025-05-02,122,18,5,20,email,1,person,1,person,550361,623295
599956,1,589639,10537005,1.0,0.0,0.0,34.2958,-39.026,30.4483,-42.5341,q1_graph1,2025-05-02 22:56:45,2025-05-02,122,18,5,22,phone,1,person,1,person,589639,599956
599956,0,550361,10558740,1.0,,,,,,,q1_graph1,2025-05-03 04:59:00,2025-05-03,123,18,5,4,email,1,person,1,person,550361,599956
550361,0,490041,10576646,1.0,,,,,,,q1_graph1,2025-05-03 09:57:26,2025-05-03,123,18,5,9,email,1,person,1,person,490041,550361
623295,0,490041,10593205,1.0,,,,,,,q1_graph1,2025-05-03 14:33:25,2025-05-03,123,18,5,14,email,1,person,1,person,490041,623295
599956,1,492777,10596463,1.0,0.0,3.0,34.2958,-39.026,-24.5657,-110.65,q1_graph1,2025-05-03 15:27:43,2025-05-03,123,18,5,15,phone,1,person,1,person,492777,599956
623295,0,599956,10604700,1.0,,,,,,,q1_graph1,2025-05-03 17:45:00,2025-05-03,123,18,5,17,email,1,person,1,person,599956,623295
490041,0,599956,10644256,1.0,,,,,,,q1_graph1,2025-05-04 04:44:16,2025-05-04,124,18,5,4,email,1,person,1,person,490041,599956
616050,1,533140,10924087,1.0,2.0,2.0,-20.9062,92.3982,-21.8004,89.7045,q1_graph1,2025-05-07 10:28:07,2025-05-07,127,19,5,10,phone,1,person,1,person,533140,616050
632150,1,533140,11000457,1.0,2.0,2.0,-27.2563,91.7676,-21.8004,89.7045,q1_graph1,2025-05-08 07:40:57,2025-05-08,128,19,5,7,phone,1,person,1,person,533140,632150
632150,1,464459,11103646,1.0,2.0,0.0,-27.2563,91.7676,25.0754,-40.6293,q1_graph1,2025-05-09 12:20:46,2025-05-09,129,19,5,12,phone,1,person,1,person,464459,632150
568093,0,591682,11438695,1.0,,,,,,,q1_graph1,2025-05-13 09:24:55,2025-05-13,133,20,5,9,email,1,person,1,person,568093,591682
533140,0,616050,11450444,1.0,,,,,,,q1_graph1,2025-05-13 12:40:44,2025-05-13,133,20,5,12,email,1,person,1,person,533140,616050
533140,0,591682,11481454,1.0,,,,,,,q1_graph1,2025-05-13 21:17:34,2025-05-13,133,20,5,21,email,1,person,1,person,533140,591682
512397,0,550287,12670289,1.0,,,,,,,q1_graph1,2025-05-27 15:31:29,2025-05-27,147,22,5,15,email,1,person,1,person,512397,550287
512397,0,550287,14384733,1.0,,,,,,,q1_graph1,2025-06-16 11:45:33,2025-06-16,167,25,6,11,email,1,person,1,person,512397,550287
512397,0,550287,15835592,1.0,,,,,,,q1_graph1,2025-07-03 06:46:32,2025-07-03,184,27,7,6,email,1,person,1,person,512397,550287
512397,0,550287,18060533,1.0,,,,,,,q1_graph1,2025-07-29 00:48:53,2025-07-29,210,31,7,0,email,1,person,1,person,512397,550287
623295,1,635665,19868924,1.0,3.0,0.0,-25.4639,-111.249,29.3296,-37.8076,q1_graph1,2025-08-18 23:08:44,2025-08-18,230,34,8,23,phone,1,person,1,person,623295,635665
623295,0,492777,20018733,1.0,,,,,,,q1_graph1,2025-08-20 16:45:33,2025-08-20,232,34,8,16,email,1,person,1,person,492777,623295
623295,1,635665,20146856,1.0,3.0,0.0,-25.4639,-111.249,29.3296,-37.8076,q1_graph1,2025-08-22 04:20:56,2025-08-22,234,34,8,4,phone,1,person,1,person,623295,635665
635665,0,492777,20183932,1.0,,,,,,,q1_graph1,2025-08-22 14:38:52,2025-08-22,234,34,8,14,email,1,person,1,person,492777,635665
512397,0,550287,20234879,1.0,,,,,,,q1_graph1,2025-08-23 04:47:59,2025-08-23,235,34,8,4,email,1,person,1,person,512397,550287
635665,0,623295,20366682,1.0,,,,,,,q1_graph1,2025-08-24 17:24:42,2025-08-24,236,34,8,17,email,1,person,1,person,623295,635665
623295,0,492777,20483073,1.0,,,,,,,q1_graph1,2025-08-26 01:44:33,2025-08-26,238,35,8,1,email,1,person,1,person,492777,623295
623295,1,492777,20485040,1.0,3.0,3.0,-25.4639,-111.249,-24.5657,-110.65,q1_graph1,2025-08-26 02:17:20,2025-08-26,238,35,8,2,phone,1,person,1,person,492777,623295
635665,0,492777,20613879,1.0,,,,,,,q1_graph1,2025-08-27 14:04:39,2025-08-27,239,35,8,14,email,1,person,1,person,492777,635665
635665,0,492777,20732418,1.0,,,,,,,q1_graph1,2025-08-28 23:00:18,2025-08-28,240,35,8,23,email,1,person,1,person,492777,635665
492777,1,550361,20822639,1.0,3.0,2.0,-24.5657,-110.65,-18.3758,91.025,q1_graph1,2025-08-30 00:03:59,2025-08-30,242,35,8,0,phone,1,person,1,person,492777,550361
492777,1,623295,20830992,1.0,3.0,3.0,-24.5657,-110.65,-25.4639,-111.249,q1_graph1,2025-08-30 02:23:12,2025-08-30,242,35,8,2,phone,1,person,1,person,492777,623295
635665,0,623295,20852050,1.0,,,,,,,q1_graph1,2025-08-30 08:14:10,2025-08-30,242,35,8,8,email,1,person,1,person,623295,635665
492777,0,550361,20854058,1.0,,,,,,,q1_graph1,2025-08-30 08:47:38,2025-08-30,242,35,8,8,email,1,person,1,person,492777,550361
492777,1,596193,20867167,1.0,3.0,2.0,-24.5657,-110.65,-17.1099,90.7971,q1_graph1,2025-08-30 12:26:07,2025-08-30,242,35,8,12,phone,1,person,1,person,492777,596193
550361,1,596193,20873117,1.0,2.0,2.0,-18.3758,91.025,-17.1099,90.7971,q1_graph1,2025-08-30 14:05:17,2025-08-30,242,35,8,14,phone,1,person,1,person,550361,596193
635665,1,493044,20882094,1.0,0.0,2.0,29.3296,-37.8076,-20.8686,89.4217,q1_graph1,2025-08-30 16:34:54,2025-08-30,242,35,8,16,phone,1,person,1,person,493044,635665
635665,1,493044,20887397,1.0,0.0,2.0,29.3296,-37.8076,-20.8686,89.4217,q1_graph1,2025-08-30 18:03:17,2025-08-30,242,35,8,18,phone,1,person,1,person,493044,635665
492777,1,493044,20909333,1.0,3.0,2.0,-24.5657,-110.65,-20.8686,89.4217,q1_graph1,2025-08-31 00:08:53,2025-08-31,243,35,8,0,phone,1,person,1,person,492777,493044
596193,0,623295,20921454,1.0,,,,,,,q1_graph1,2025-08-31 03:30:54,2025-08-31,243,35,8,3,email,1,person,1,person,596193,623295
492777,0,635665,20922688,1.0,,,,,,,q1_graph1,2025-08-31 03:51:28,2025-08-31,243,35,8,3,email,1,person,1,person,492777,635665
492777,1,623295,20926366,1.0,3.0,3.0,-24.5657,-110.65,-25.4639,-111.249,q1_graph1,2025-08-31 04:52:46,2025-08-31,243,35,8,4,phone,1,person,1,person,492777,623295
550361,1,623295,20940987,1.0,2.0,3.0,-18.3758,91.025,-25.4639,-111.249,q1_graph1,2025-08-31 08:56:27,2025-08-31,243,35,8,8,phone,1,person,1,person,550361,623295
623295,1,635665,20947689,1.0,3.0,0.0,-25.4639,-111.249,29.3296,-37.8076,q1_graph1,2025-08-31 10:48:09,2025-08-31,243,35,8,10,phone,1,person,1,person,623295,635665
492777,0,596193,21050086,1.0,,,,,,,q1_graph1,2025-09-01 15:14:46,2025-09-01,244,36,9,15,email,1,person,1,person,492777,596193
623295,0,492777,21056607,1.0,,,,,,,q1_graph1,2025-09-01 17:03:27,2025-09-01,244,36,9,17,email,1,person,1,person,492777,623295
492777,0,550361,21081687,1.0,,,,,,,q1_graph1,2025-09-02 00:01:27,2025-09-02,245,36,9,0,email,1,person,1,person,492777,550361
596193,0,493044,21085655,1.0,,,,,,,q1_graph1,2025-09-02 01:07:35,2025-09-02,245,36,9,1,email,1,person,1,person,493044,596193
596193,0,550361,21088442,1.0,,,,,,,q1_graph1,2025-09-02 01:54:02,2025-09-02,245,36,9,1,email,1,person,1,person,550361,596193
492777,1,635665,21090250,1.0,3.0,0.0,-24.5657,-110.65,29.3296,-37.8076,q1_graph1,2025-09-02 02:24:10,2025-09-02,245,36,9,2,phone,1,person,1,person,492777,635665
550361,1,493044,21090682,1.0,2.0,2.0,-18.3758,91.025,-20.8686,89.4217,q1_graph1,2025-09-02 02:31:22,2025-09-02,245,36,9,2,phone,1,person,1,person,493044,550361
635665,0,492777,21113875,1.0,,,,,,,q1_graph1,2025-09-02 08:57:55,2025-09-02,245,36,9,8,email,1,person,1,person,492777,635665
550361,0,623295,21122153,1.0,,,,,,,q1_graph1,2025-09-02 11:15:53,2025-09-02,245,36,9,11,email,1,person,1,person,550361,623295
623295,1,493044,21126949,1.0,3.0,2.0,-25.4639,-111.249,-20.8686,89.4217,q1_graph1,2025-09-02 12:35:49,2025-09-02,245,36,9,12,phone,1,person,1,person,493044,623295
596193,0,623295,21183011,1.0,,,,,,,q1_graph1,2025-09-03 04:10:11,2025-09-03,246,36,9,4,email,1,person,1,person,596193,623295
623295,1,492777,21272058,1.0,3.0,3.0,-25.4639,-111.249,-24.5657,-110.65,q1_graph1,2025-09-04 04:54:18,2025-09-04,247,36,9,4,phone,1,person,1,person,492777,623295
635665,0,492777,21286766,1.0,,,,,,,q1_graph1,2025-09-04 08:59:26,2025-09-04,247,36,9,8,email,1,person,1,person,492777,635665
596193,0,635665,21288232,1.0,,,,,,,q1_graph1,2025-09-04 09:23:52,2025-09-04,247,36,9,9,email,1,person,1,person,596193,635665
635665,1,596193,21299339,1.0,0.0,2.0,29.3296,-37.8076,-17.1099,90.7971,q1_graph1,2025-09-04 12:28:59,2025-09-04,247,36,9,12,phone,1,person,1,person,596193,635665
492777,1,623295,21365640,1.0,3.0,3.0,-24.5657,-110.65,-25.4639,-111.249,q1_graph1,2025-09-05 06:54:00,2025-09-05,248,36,9,6,phone,1,person,1,person,492777,623295
492777,1,635665,21392909,1.0,3.0,0.0,-24.5657,-110.65,29.3296,-37.8076,q1_graph1,2025-09-05 14:28:29,2025-09-05,248,36,9,14,phone,1,person,1,person,492777,635665
623295,1,635665,21444482,1.0,3.0,0.0,-25.4639,-111.249,29.3296,-37.8076,q1_graph1,2025-09-06 04:48:02,2025-09-06,249,36,9,4,phone,1,person,1,person,623295,635665
635665,1,550361,21445593,1.0,0.0,2.0,29.3296,-37.8076,-18.3758,91.025,q1_graph1,2025-09-06 05:06:33,2025-09-06,249,36,9,5,phone,1,person,1,person,550361,635665
623295,1,635665,21520284,1.0,3.0,0.0,-25.4639,-111.249,29.3296,-37.8076,q1_graph1,2025-09-07 01:51:24,2025-09-07,250,36,9,1,phone,1,person,1,person,623295,635665
492777,0,596193,21539087,1.0,,,,,,,q1_graph1,2025-09-07 07:04:47,2025-09-07,250,36,9,7,email,1,person,1,person,492777,596193
492777,0,623295,21560515,1.0,,,,,,,q1_graph1,2025-09-07 13:01:55,2025-09-07,250,36,9,13,email,1,person,1,person,492777,623295
550361,0,635665,21593417,1.0,,,,,,,q1_graph1,2025-09-07 22:10:17,2025-09-07,250,36,9,22,email,1,person,1,person,550361,635665
623295,1,550361,21636072,1.0,3.0,2.0,-25.4639,-111.249,-18.3758,91.025,q1_graph1,2025-09-08 10:01:12,2025-09-08,251,37,9,10,phone,1,person,1,person,550361,623295
596193,0,493044,21696581,1.0,,,,,,,q1_graph1,2025-09-09 02:49:41,2025-09-09,252,37,9,2,email,1,person,1,person,493044,596193
550361,1,493044,21701200,1.0,2.0,2.0,-18.3758,91.025,-20.8686,89.4217,q1_graph1,2025-09-09 04:06:40,2025-09-09,252,37,9,4,phone,1,person,1,person,493044,550361
623295,0,635665,21758270,1.0,,,,,,,q1_graph1,2025-09-09 19:57:50,2025-09-09,252,37,9,19,email,1,person,1,person,623295,635665
596193,0,492777,21780678,1.0,,,,,,,q1_graph1,2025-09-10 02:11:18,2025-09-10,253,37,9,2,email,1,person,1,person,492777,596193
623295,1,492777,21808987,1.0,3.0,3.0,-25.4639,-111.249,-24.5657,-110.65,q1_graph1,2025-09-10 10:03:07,2025-09-10,253,37,9,10,phone,1,person,1,person,492777,623295
635665,0,492777,21821195,1.0,,,,,,,q1_graph1,2025-09-10 13:26:35,2025-09-10,253,37,9,13,email,1,person,1,person,492777,635665
623295,1,635665,21835883,1.0,3.0,0.0,-25.4639,-111.249,29.3296,-37.8076,q1_graph1,2025-09-10 17:31:23,2025-09-10,253,37,9,17,phone,1,person,1,person,623295,635665
635665,1,492777,21851592,1.0,0.0,3.0,29.3296,-37.8076,-24.5657,-110.65,q1_graph1,2025-09-10 21:53:12,2025-09-10,253,37,9,21,phone,1,person,1,person,492777,635665
492777,1,623295,21975781,1.0,3.0,3.0,-24.5657,-110.65,-25.4639,-111.249,q1_graph1,2025-09-12 08:23:01,2025-09-12,255,37,9,8,phone,1,person,1,person,492777,623295
635665,0,623295,22012691,1.0,,,,,,,q1_graph1,2025-09-12 18:38:11,2025-09-12,255,37,9,18,email,1,person,1,person,623295,635665
635665,0,492777,22063595,1.0,,,,,,,q1_graph1,2025-09-13 08:46:35,2025-09-13,256,37,9,8,email,1,person,1,person,492777,635665
492777,0,493044,22129997,1.0,,,,,,,q1_graph1,2025-09-14 03:13:17,2025-09-14,257,37,9,3,email,1,person,1,person,492777,493044
635665,1,623295,22144205,1.0,0.0,3.0,29.3296,-37.8076,-25.4639,-111.249,q1_graph1,2025-09-14 07:10:05,2025-09-14,257,37,9,7,phone,1,person,1,person,623295,635665
492777,1,623295,22169055,1.0,3.0,3.0,-24.5657,-110.65,-25.4639,-111.249,q1_graph1,2025-09-14 14:04:15,2025-09-14,257,37,9,14,phone,1,person,1,person,492777,623295
596193,0,550361,22254898,1.0,,,,,,,q1_graph1,2025-09-15 13:54:58,2025-09-15,258,38,9,13,email,1,person,1,person,550361,596193
550361,0,596193,22308110,1.0,,,,,,,q1_graph1,2025-09-16 04:41:50,2025-09-16,259,38,9,4,email,1,person,1,person,550361,596193
492777,0,623295,22352087,1.0,,,,,,,q1_graph1,2025-09-16 16:54:47,2025-09-16,259,38,9,16,email,1,person,1,person,492777,623295
492777,0,493044,22371021,1.0,,,,,,,q1_graph1,2025-09-16 22:10:21,2025-09-16,259,38,9,22,email,1,person,1,person,492777,493044
635665,1,492777,22373265,1.0,0.0,3.0,29.3296,-37.8076,-24.5657,-110.65,q1_graph1,2025-09-16 22:47:45,2025-09-16,259,38,9,22,phone,1,person,1,person,492777,635665
596193,0,550361,22389005,1.0,,,,,,,q1_graph1,2025-09-17 03:10:05,2025-09-17,260,38,9,3,email,1,person,1,person,550361,596193
492777,0,635665,22416097,1.0,,,,,,,q1_graph1,2025-09-17 10:41:37,2025-09-17,260,38,9,10,email,1,person,1,person,492777,635665
596193,0,635665,22416771,1.0,,,,,,,q1_graph1,2025-09-17 10:52:51,2025-09-17,260,38,9,10,email,1,person,1,person,596193,635665
492777,0,623295,22435117,1.0,,,,,,,q1_graph1,2025-09-17 15:58:37,2025-09-17,260,38,9,15,email,1,person,1,person,492777,623295
492777,1,635665,22446486,1.0,3.0,0.0,-24.5657,-110.65,29.3296,-37.8076,q1_graph1,2025-09-17 19:08:06,2025-09-17,260,38,9,19,phone,1,person,1,person,492777,635665
492777,1,623295,22452022,1.0,3.0,3.0,-24.5657,-110.65,-25.4639,-111.249,q1_graph1,2025-09-17 20:40:22,2025-09-17,260,38,9,20,phone,1,person,1,person,492777,623295
623295,1,635665,22455314,1.0,3.0,0.0,-25.4639,-111.249,29.3296,-37.8076,q1_graph1,2025-09-17 21:35:14,2025-09-17,260,38,9,21,phone,1,person,1,person,623295,635665
550361,0,635665,22528909,1.0,,,,,,,q1_graph1,2025-09-18 18:01:49,2025-09-18,261,38,9,18,email,1,person,1,person,550361,635665
492777,0,550361,22555734,1.0,,,,,,,q1_graph1,2025-09-19 01:28:54,2025-09-19,262,38,9,1,email,1,person,1,person,492777,550361
635665,0,492777,22563050,1.0,,,,,,,q1_graph1,2025-09-19 03:30:50,2025-09-19,262,38,9,3,email,1,person,1,person,492777,635665
492777,1,493044,22584294,1.0,3.0,2.0,-24.5657,-110.65,-20.8686,89.4217,q1_graph1,2025-09-19 09:24:54,2025-09-19,262,38,9,9,phone,1,person,1,person,492777,493044
550361,1,493044,22612462,1.0,2.0,2.0,-18.3758,91.025,-20.8686,89.4217,q1_graph1,2025-09-19 17:14:22,2025-09-19,262,38,9,17,phone,1,person,1,person,493044,550361
596193,0,635665,22636021,1.0,,,,,,,q1_graph1,2025-09-19 23:47:01,2025-09-19,262,38,9,23,email,1,person,1,person,596193,635665
635665,1,596193,22728254,1.0,0.0,2.0,29.3296,-37.8076,-17.1099,90.7971,q1_graph1,2025-09-21 01:24:14,2025-09-21,264,38,9,1,phone,1,person,1,person,596193,635665
492777,1,635665,22755659,1.0,3.0,0.0,-24.5657,-110.65,29.3296,-37.8076,q1_graph1,2025-09-21 09:00:59,2025-09-21,264,38,9,9,phone,1,person,1,person,492777,635665
635665,1,493044,22783893,1.0,0.0,2.0,29.3296,-37.8076,-20.8686,89.4217,q1_graph1,2025-09-21 16:51:33,2025-09-21,264,38,9,16,phone,1,person,1,person,493044,635665
492777,0,493044,22784884,1.0,,,,,,,q1_graph1,2025-09-21 17:08:04,2025-09-21,264,38,9,17,email,1,person,1,person,492777,493044
596193,0,623295,22787809,1.0,,,,,,,q1_graph1,2025-09-21 17:56:49,2025-09-21,264,38,9,17,email,1,person,1,person,596193,623295
492777,1,493044,22855338,1.0,3.0,2.0,-24.5657,-110.65,-20.8686,89.4217,q1_graph1,2025-09-22 12:42:18,2025-09-22,265,39,9,12,phone,1,person,1,person,492777,493044
492777,0,635665,22990665,1.0,,,,,,,q1_graph1,2025-09-24 02:17:45,2025-09-24,267,39,9,2,email,1,person,1,person,492777,635665
492777,0,623295,22991986,1.0,,,,,,,q1_graph1,2025-09-24 02:39:46,2025-09-24,267,39,9,2,email,1,person,1,person,492777,623295
492777,0,596193,22996941,1.0,,,,,,,q1_graph1,2025-09-24 04:02:21,2025-09-24,267,39,9,4,email,1,person,1,person,492777,596193
492777,0,635665,23024759,1.0,,,,,,,q1_graph1,2025-09-24 11:45:59,2025-09-24,267,39,9,11,email,1,person,1,person,492777,635665
635665,1,550361,23043220,1.0,0.0,2.0,29.3296,-37.8076,-18.3758,91.025,q1_graph1,2025-09-24 16:53:40,2025-09-24,267,39,9,16,phone,1,person,1,person,550361,635665
635665,1,493044,23047530,1.0,0.0,2.0,29.3296,-37.8076,-20.8686,89.4217,q1_graph1,2025-09-24 18:05:30,2025-09-24,267,39,9,18,phone,1,person,1,person,493044,635665
492777,1,635665,23129203,1.0,3.0,0.0,-24.5657,-110.65,29.3296,-37.8076,q1_graph1,2025-09-25 16:46:43,2025-09-25,268,39,9,16,phone,1,person,1,person,492777,635665
492777,1,635665,23130930,1.0,3.0,0.0,-24.5657,-110.65,29.3296,-37.8076,q1_graph1,2025-09-25 17:15:30,2025-09-25,268,39,9,17,phone,1,person,1,person,492777,635665
635665,1,596193,23132563,1.0,0.0,2.0,29.3296,-37.8076,-17.1099,90.7971,q1_graph1,2025-09-25 17:42:43,2025-09-25,268,39,9,17,phone,1,person,1,person,596193,635665
492777,0,493044,23145652,1.0,,,,,,,q1_graph1,2025-09-25 21:20:52,2025-09-25,268,39,9,21,email,1,person,1,person,492777,493044
596193,0,623295,23173103,1.0,,,,,,,q1_graph1,2025-09-26 04:58:23,2025-09-26,269,39,9,4,email,1,person,1,person,596193,623295
589639,1,635665,23996653,1.0,0.0,0.0,30.4483,-42.5341,29.3296,-37.8076,q1_graph1,2025-10-05 17:44:13,2025-10-05,278,40,10,17,phone,1,person,1,person,589639,635665
599956,1,490041,23997357,1.0,0.0,0.0,34.2958,-39.026,34.5741,-42.0541,q1_graph1,2025-10-05 17:55:57,2025-10-05,278,40,10,17,phone,1,person,1,person,490041,599956
490041,0,635665,24003753,1.0,,,,,,,q1_graph1,2025-10-05 19:42:33,2025-10-05,278,40,10,19,email,1,person,1,person,490041,635665
589639,1,490041,24010946,1.0,0.0,0.0,30.4483,-42.5341,34.5741,-42.0541,q1_graph1,2025-10-05 21:42:26,2025-10-05,278,40,10,21,phone,1,person,1,person,490041,589639
490041,0,589639,24011786,1.0,,,,,,,q1_graph1,2025-10-05 21:56:26,2025-10-05,278,40,10,21,email,1,person,1,person,490041,589639
635665,0,599956,24012811,1.0,,,,,,,q1_graph1,2025-10-05 22:13:31,2025-10-05,278,40,10,22,email,1,person,1,person,599956,635665
635665,0,599956,24013644,1.0,,,,,,,q1_graph1,2025-10-05 22:27:24,2025-10-05,278,40,10,22,email,1,person,1,person,599956,635665
599956,1,490041,24015494,1.0,0.0,0.0,34.2958,-39.026,34.5741,-42.0541,q1_graph1,2025-10-05 22:58:14,2025-10-05,278,40,10,22,phone,1,person,1,person,490041,599956
599956,1,490041,24021301,1.0,0.0,0.0,34.2958,-39.026,34.5741,-42.0541,q1_graph1,2025-10-06 00:35:01,2025-10-06,279,41,10,0,phone,1,person,1,person,490041,599956
589639,1,599956,24023186,1.0,0.0,0.0,30.4483,-42.5341,34.2958,-39.026,q1_graph1,2025-10-06 01:06:26,2025-10-06,279,41,10,1,phone,1,person,1,person,589639,599956
635665,0,599956,24023510,1.0,,,,,,,q1_graph1,2025-10-06 01:11:50,2025-10-06,279,41,10,1,email,1,person,1,person,599956,635665
635665,0,589639,24028546,1.0,,,,,,,q1_graph1,2025-10-06 02:35:46,2025-10-06,279,41,10,2,email,1,person,1,person,589639,635665
490041,0,589639,24030596,1.0,,,,,,,q1_graph1,2025-10-06 03:09:56,2025-10-06,279,41,10,3,email,1,person,1,person,490041,589639
635665,0,599956,24032432,1.0,,,,,,,q1_graph1,2025-10-06 03:40:32,2025-10-06,279,41,10,3,email,1,person,1,person,599956,635665
635665,0,589639,24035137,1.0,,,,,,,q1_graph1,2025-10-06 04:25:37,2025-10-06,279,41,10,4,email,1,person,1,person,589639,635665
599956,1,589639,24040547,1.0,0.0,0.0,34.2958,-39.026,30.4483,-42.5341,q1_graph1,2025-10-06 05:55:47,2025-10-06,279,41,10,5,phone,1,person,1,person,589639,599956
490041,0,589639,24043702,1.0,,,,,,,q1_graph1,2025-10-06 06:48:22,2025-10-06,279,41,10,6,email,1,person,1,person,490041,589639
599956,1,490041,24050350,1.0,0.0,0.0,34.2958,-39.026,34.5741,-42.0541,q1_graph1,2025-10-06 08:39:10,2025-10-06,279,41,10,8,phone,1,person,1,person,490041,599956
490041,0,635665,24051853,1.0,,,,,,,q1_graph1,2025-10-06 09:04:13,2025-10-06,279,41,10,9,email,1,person,1,person,490041,635665
599956,1,490041,24068779,1.0,0.0,0.0,34.2958,-39.026,34.5741,-42.0541,q1_graph1,2025-10-06 13:46:19,2025-10-06,279,41,10,13,phone,1,person,1,person,490041,599956
635665,1,570411,24123324,1.0,0.0,0.0,29.3296,-37.8076,32.6654,-48.6701,q1_graph1,2025-10-07 04:55:24,2025-10-07,280,41,10,4,phone,1,person,1,person,570411,635665
570411,0,640464,24185807,1.0,,,,,,,q1_graph1,2025-10-07 22:16:47,2025-10-07,280,41,10,22,email,1,person,1,person,570411,640464
570411,0,640464,24293825,1.0,,,,,,,q1_graph1,2025-10-09 04:17:05,2025-10-09,282,41,10,4,email,1,person,1,person,570411,640464
570411,0,640464,24324913,1.0,,,,,,,q1_graph1,2025-10-09 12:55:13,2025-10-09,282,41,10,12,email,1,person,1,person,570411,640464
640464,1,635665,24461997,1.0,0.0,0.0,35.8806,-34.5372,29.3296,-37.8076,q1_graph1,2025-10-11 02:59:57,2025-10-11,284,41,10,2,phone,1,person,1,person,635665,640464
570411,0,635665,24470579,1.0,,,,,,,q1_graph1,2025-10-11 05:22:59,2025-10-11,284,41,10,5,email,1,person,1,person,570411,635665
635665,1,640464,24503371,1.0,0.0,0.0,29.3296,-37.8076,35.8806,-34.5372,q1_graph1,2025-10-11 14:29:31,2025-10-11,284,41,10,14,phone,1,person,1,person,635665,640464
635665,1,640464,24583501,1.0,0.0,0.0,29.3296,-37.8076,35.8806,-34.5372,q1_graph1,2025-10-12 12:45:01,2025-10-12,285,41,10,12,phone,1,person,1,person,635665,640464
640464,1,570411,24659635,1.0,0.0,0.0,35.8806,-34.5372,32.6654,-48.6701,q1_graph1,2025-10-13 09:53:55,2025-10-13,286,42,10,9,phone,1,person,1,person,570411,640464
640464,1,570411,24685141,1.0,0.0,0.0,35.8806,-34.5372,32.6654,-48.6701,q1_graph1,2025-10-13 16:59:01,2025-10-13,286,42,10,16,phone,1,person,1,person,570411,640464
635665,1,640464,24703970,1.0,0.0,0.0,29.3296,-37.8076,35.8806,-34.5372,q1_graph1,2025-10-13 22:12:50,2025-10-13,286,42,10,22,phone,1,person,1,person,635665,640464
640464,1,635665,24726314,1.0,0.0,0.0,35.8806,-34.5372,29.3296,-37.8076,q1_graph1,2025-10-14 04:25:14,2025-10-14,287,42,10,4,phone,1,person,1,person,635665,640464
640464,1,570411,24787278,1.0,0.0,0.0,35.8806,-34.5372,32.6654,-48.6701,q1_graph1,2025-10-14 21:21:18,2025-10-14,287,42,10,21,phone,1,person,1,person,570411,640464
640464,1,635665,24880980,1.0,0.0,0.0,35.8806,-34.5372,29.3296,-37.8076,q1_graph1,2025-10-15 23:23:00,2025-10-15,288,42,10,23,phone,1,person,1,person,635665,640464
640464,1,570411,24900262,1.0,0.0,0.0,35.8806,-34.5372,32.6654,-48.6701,q1_graph1,2025-10-16 04:44:22,2025-10-16,289,42,10,4,phone,1,person,1,person,570411,640464
635665,1,570411,24914745,1.0,0.0,0.0,29.3296,-37.8076,32.6654,-48.6701,q1_graph1,2025-10-16 08:45:45,2025-10-16,289,42,10,8,phone,1,person,1,person,570411,635665
640464,1,635665,25023225,1.0,0.0,0.0,35.8806,-34.5372,29.3296,-37.8076,q1_graph1,2025-10-17 14:53:45,2025-10-17,290,42,10,14,phone,1,person,1,person,635665,640464
570411,0,635665,25084575,1.0,,,,,,,q1_graph1,2025-10-18 07:56:15,2025-10-18,291,42,10,7,email,1,person,1,person,570411,635665
640464,1,570411,25114159,1.0,0.0,0.0,35.8806,-34.5372,32.6654,-48.6701,q1_graph1,2025-10-18 16:09:19,2025-10-18,291,42,10,16,phone,1,person,1,person,570411,640464
635665,1,570411,25132002,1.0,0.0,0.0,29.3296,-37.8076,32.6654,-48.6701,q1_graph1,2025-10-18 21:06:42,2025-10-18,291,42,10,21,phone,1,person,1,person,570411,635665
572413,1,629627,1296000,1.0,4.0,4.0,-2.24962,-165.651,-1.16067,-162.983,q1_graph2,2025-01-16 00:00:00,2025-01-16,16,3,1,0,phone,1,person,1,person,572413,629627
572413,1,505965,1302571,1.0,4.0,4.0,-2.24962,-165.651,-3.88606,-166.186,q1_graph2,2025-01-16 01:49:31,2025-01-16,16,3,1,1,phone,1,person,1,person,505965,572413
505965,0,629627,1308663,1.0,,,,,,,q1_graph2,2025-01-16 03:31:03,2025-01-16,16,3,1,3,email,1,person,1,person,505965,629627
572413,1,505965,1316274,1.0,4.0,4.0,-2.24962,-165.651,-3.88606,-166.186,q1_graph2,2025-01-16 05:37:54,2025-01-16,16,3,1,5,phone,1,person,1,person,505965,572413
629627,1,515794,1316615,1.0,4.0,4.0,-1.16067,-162.983,6.71518,-165.251,q1_graph2,2025-01-16 05:43:35,2025-01-16,16,3,1,5,phone,1,person,1,person,515794,629627
505965,0,515794,1325061,1.0,,,,,,,q1_graph2,2025-01-16 08:04:21,2025-01-16,16,3,1,8,email,1,person,1,person,505965,515794
572413,1,629627,1336641,1.0,4.0,4.0,-2.24962,-165.651,-1.16067,-162.983,q1_graph2,2025-01-16 11:17:21,2025-01-16,16,3,1,11,phone,1,person,1,person,572413,629627
572413,1,515794,1355121,1.0,4.0,4.0,-2.24962,-165.651,6.71518,-165.251,q1_graph2,2025-01-16 16:25:21,2025-01-16,16,3,1,16,phone,1,person,1,person,515794,572413
515794,1,505965,1360796,1.0,4.0,4.0,6.71518,-165.251,-3.88606,-166.186,q1_graph2,2025-01-16 17:59:56,2025-01-16,16,3,1,17,phone,1,person,1,person,505965,515794
515794,1,505965,1368519,1.0,4.0,4.0,6.71518,-165.251,-3.88606,-166.186,q1_graph2,2025-01-16 20:08:39,2025-01-16,16,3,1,20,phone,1,person,1,person,505965,515794
572413,1,505965,1368710,1.0,4.0,4.0,-2.24962,-165.651,-3.88606,-166.186,q1_graph2,2025-01-16 20:11:50,2025-01-16,16,3,1,20,phone,1,person,1,person,505965,572413
505965,0,515794,1372640,1.0,,,,,,,q1_graph2,2025-01-16 21:17:20,2025-01-16,16,3,1,21,email,1,person,1,person,505965,515794
572413,1,515794,1380370,1.0,4.0,4.0,-2.24962,-165.651,6.71518,-165.251,q1_graph2,2025-01-16 23:26:10,2025-01-16,16,3,1,23,phone,1,person,1,person,515794,572413
505965,0,515794,1431512,1.0,,,,,,,q1_graph2,2025-01-17 13:38:32,2025-01-17,17,3,1,13,email,1,person,1,person,505965,515794
629627,1,515794,1466354,1.0,4.0,4.0,-1.16067,-162.983,6.71518,-165.251,q1_graph2,2025-01-17 23:19:14,2025-01-17,17,3,1,23,phone,1,person,1,person,515794,629627
572413,1,505965,1475513,1.0,4.0,4.0,-2.24962,-165.651,-3.88606,-166.186,q1_graph2,2025-01-18 01:51:53,2025-01-18,18,3,1,1,phone,1,person,1,person,505965,572413
515794,1,505965,1477390,1.0,4.0,4.0,6.71518,-165.251,-3.88606,-166.186,q1_graph2,2025-01-18 02:23:10,2025-01-18,18,3,1,2,phone,1,person,1,person,505965,515794
572413,1,629627,1503450,1.0,4.0,4.0,-2.24962,-165.651,-1.16067,-162.983,q1_graph2,2025-01-18 09:37:30,2025-01-18,18,3,1,9,phone,1,person,1,person,572413,629627
515794,1,629627,1518265,1.0,4.0,4.0,6.71518,-165.251,-1.16067,-162.983,q1_graph2,2025-01-18 13:44:25,2025-01-18,18,3,1,13,phone,1,person,1,person,515794,629627
515794,1,505965,1532336,1.0,4.0,4.0,6.71518,-165.251,-3.88606,-166.186,q1_graph2,2025-01-18 17:38:56,2025-01-18,18,3,1,17,phone,1,person,1,person,505965,515794
505965,0,629627,1538449,1.0,,,,,,,q1_graph2,2025-01-18 19:20:49,2025-01-18,18,3,1,19,email,1,person,1,person,505965,629627
515794,0,629627,1578355,1.0,,,,,,,q1_graph2,2025-01-19 06:25:55,2025-01-19,19,3,1,6,email,1,person,1,person,515794,629627
515794,0,505965,1589475,1.0,,,,,,,q1_graph2,2025-01-19 09:31:15,2025-01-19,19,3,1,9,email,1,person,1,person,505965,515794
515794,1,629627,1609697,1.0,4.0,4.0,6.71518,-165.251,-1.16067,-162.983,q1_graph2,2025-01-19 15:08:17,2025-01-19,19,3,1,15,phone,1,person,1,person,515794,629627
515794,0,505965,1630374,1.0,,,,,,,q1_graph2,2025-01-19 20:52:54,2025-01-19,19,3,1,20,email,1,person,1,person,505965,515794
515794,0,629627,1637146,1.0,,,,,,,q1_graph2,2025-01-19 22:45:46,2025-01-19,19,3,1,22,email,1,person,1,person,515794,629627
515794,0,629627,1651736,1.0,,,,,,,q1_graph2,2025-01-20 02:48:56,2025-01-20,20,4,1,2,email,1,person,1,person,515794,629627
572413,1,515794,1669897,1.0,4.0,4.0,-2.24962,-165.651,6.71518,-165.251,q1_graph2,2025-01-20 07:51:37,2025-01-20,20,4,1,7,phone,1,person,1,person,515794,572413
515794,0,629627,1679456,1.0,,,,,,,q1_graph2,2025-01-20 10:30:56,2025-01-20,20,4,1,10,email,1,person,1,person,515794,629627
572413,1,505965,1692111,1.0,4.0,4.0,-2.24962,-165.651,-3.88606,-166.186,q1_graph2,2025-01-20 14:01:51,2025-01-20,20,4,1,14,phone,1,person,1,person,505965,572413
505965,0,515794,1692798,1.0,,,,,,,q1_graph2,2025-01-20 14:13:18,2025-01-20,20,4,1,14,email,1,person,1,person,505965,515794
572413,1,629627,1695281,1.0,4.0,4.0,-2.24962,-165.651,-1.16067,-162.983,q1_graph2,2025-01-20 14:54:41,2025-01-20,20,4,1,14,phone,1,person,1,person,572413,629627
505965,0,515794,1720161,1.0,,,,,,,q1_graph2,2025-01-20 21:49:21,2025-01-20,20,4,1,21,email,1,person,1,person,505965,515794
572413,1,515794,1732391,1.0,4.0,4.0,-2.24962,-165.651,6.71518,-165.251,q1_graph2,2025-01-21 01:13:11,2025-01-21,21,4,1,1,phone,1,person,1,person,515794,572413
515794,0,505965,1732586,1.0,,,,,,,q1_graph2,2025-01-21 01:16:26,2025-01-21,21,4,1,1,email,1,person,1,person,505965,515794
515794,1,629627,1733739,1.0,4.0,4.0,6.71518,-165.251,-1.16067,-162.983,q1_graph2,2025-01-21 01:35:39,2025-01-21,21,4,1,1,phone,1,person,1,person,515794,629627
572413,1,505965,1736351,1.0,4.0,4.0,-2.24962,-165.651,-3.88606,-166.186,q1_graph2,2025-01-21 02:19:11,2025-01-21,21,4,1,2,phone,1,person,1,person,505965,572413
505965,0,629627,1758690,1.0,,,,,,,q1_graph2,2025-01-21 08:31:30,2025-01-21,21,4,1,8,email,1,person,1,person,505965,629627
629627,1,505965,1779937,1.0,4.0,4.0,-1.16067,-162.983,-3.88606,-166.186,q1_graph2,2025-01-21 14:25:37,2025-01-21,21,4,1,14,phone,1,person,1,person,505965,629627
515794,0,505965,1791802,1.0,,,,,,,q1_graph2,2025-01-21 17:43:22,2025-01-21,21,4,1,17,email,1,person,1,person,505965,515794
505965,0,629627,1797636,1.0,,,,,,,q1_graph2,2025-01-21 19:20:36,2025-01-21,21,4,1,19,email,1,person,1,person,505965,629627
629627,1,515794,1804143,1.0,4.0,4.0,-1.16067,-162.983,6.71518,-165.251,q1_graph2,2025-01-21 21:09:03,2025-01-21,21,4,1,21,phone,1,person,1,person,515794,629627
515794,1,629627,1810012,1.0,4.0,4.0,6.71518,-165.251,-1.16067,-162.983,q1_graph2,2025-01-21 22:46:52,2025-01-21,21,4,1,22,phone,1,person,1,person,515794,629627
505965,0,629627,1817071,1.0,,,,,,,q1_graph2,2025-01-22 00:44:31,2025-01-22,22,4,1,0,email,1,person,1,person,505965,629627
572413,1,629627,1821154,1.0,4.0,4.0,-2.24962,-165.651,-1.16067,-162.983,q1_graph2,2025-01-22 01:52:34,2025-01-22,22,4,1,1,phone,1,person,1,person,572413,629627
572413,1,629627,1830463,1.0,4.0,4.0,-2.24962,-165.651,-1.16067,-162.983,q1_graph2,2025-01-22 04:27:43,2025-01-22,22,4,1,4,phone,1,person,1,person,572413,629627
572413,1,505965,1844074,1.0,4.0,4.0,-2.24962,-165.651,-3.88606,-166.186,q1_graph2,2025-01-22 08:14:34,2025-01-22,22,4,1,8,phone,1,person,1,person,505965,572413
572413,1,505965,1873199,1.0,4.0,4.0,-2.24962,-165.651,-3.88606,-166.186,q1_graph2,2025-01-22 16:19:59,2025-01-22,22,4,1,16,phone,1,person,1,person,505965,572413
541017,0,563211,1982342,1.0,,,,,,,q1_graph2,2025-01-23 22:39:02,2025-01-23,23,4,1,22,email,1,person,1,person,541017,563211
585212,1,563211,2213247,1.0,4.0,1.0,5.62833,-161.113,-27.3353,-18.2227,q1_graph2,2025-01-26 14:47:27,2025-01-26,26,4,1,14,phone,1,person,1,person,563211,585212
541017,1,629627,2381635,1.0,1.0,4.0,-29.4524,-13.6491,-1.16067,-162.983,q1_graph2,2025-01-28 13:33:55,2025-01-28,28,5,1,13,phone,1,person,1,person,541017,629627
585212,1,541017,2457218,1.0,4.0,1.0,5.62833,-161.113,-29.4524,-13.6491,q1_graph2,2025-01-29 10:33:38,2025-01-29,29,5,1,10,phone,1,person,1,person,541017,585212
585212,1,599441,2507087,1.0,4.0,4.0,5.62833,-161.113,2.74785,-162.275,q1_graph2,2025-01-30 00:24:47,2025-01-30,30,5,1,0,phone,1,person,1,person,585212,599441
541017,1,563211,2585350,1.0,1.0,1.0,-29.4524,-13.6491,-27.3353,-18.2227,q1_graph2,2025-01-30 22:09:10,2025-01-30,30,5,1,22,phone,1,person,1,person,541017,563211
599441,0,527597,2746226,1.0,,,,,,,q1_graph2,2025-02-01 18:50:26,2025-02-01,32,5,2,18,email,1,person,1,person,527597,599441
582851,1,541017,2875591,1.0,1.0,1.0,-26.6688,-7.31949,-29.4524,-13.6491,q1_graph2,2025-02-03 06:46:31,2025-02-03,34,6,2,6,phone,1,person,1,person,541017,582851
629627,0,585212,2950741,1.0,,,,,,,q1_graph2,2025-02-04 03:39:01,2025-02-04,35,6,2,3,email,1,person,1,person,585212,629627
599441,0,534034,3023537,1.0,,,,,,,q1_graph2,2025-02-04 23:52:17,2025-02-04,35,6,2,23,email,1,person,1,person,534034,599441
527597,0,563211,3050236,1.0,,,,,,,q1_graph2,2025-02-05 07:17:16,2025-02-05,36,6,2,7,email,1,person,1,person,527597,563211
582851,1,527597,3110367,1.0,1.0,1.0,-26.6688,-7.31949,-27.555,-13.373,q1_graph2,2025-02-05 23:59:27,2025-02-05,36,6,2,23,phone,1,person,1,person,527597,582851
599441,0,629627,3153653,1.0,,,,,,,q1_graph2,2025-02-06 12:00:53,2025-02-06,37,6,2,12,email,1,person,1,person,599441,629627
582851,1,585212,3225713,1.0,1.0,4.0,-26.6688,-7.31949,5.62833,-161.113,q1_graph2,2025-02-07 08:01:53,2025-02-07,38,6,2,8,phone,1,person,1,person,582851,585212
629627,0,582851,3409195,1.0,,,,,,,q1_graph2,2025-02-09 10:59:55,2025-02-09,40,6,2,10,email,1,person,1,person,582851,629627
582851,1,563211,3422276,1.0,1.0,1.0,-26.6688,-7.31949,-27.3353,-18.2227,q1_graph2,2025-02-09 14:37:56,2025-02-09,40,6,2,14,phone,1,person,1,person,563211,582851
541017,1,563211,3502862,1.0,1.0,1.0,-29.4524,-13.6491,-27.3353,-18.2227,q1_graph2,2025-02-10 13:01:02,2025-02-10,41,7,2,13,phone,1,person,1,person,541017,563211
629627,0,599441,3581012,1.0,,,,,,,q1_graph2,2025-02-11 10:43:32,2025-02-11,42,7,2,10,email,1,person,1,person,599441,629627
563211,0,585212,4177530,1.0,,,,,,,q1_graph2,2025-02-18 08:25:30,2025-02-18,49,8,2,8,email,1,person,1,person,563211,585212
534034,0,629627,4287760,1.0,,,,,,,q1_graph2,2025-02-19 15:02:40,2025-02-19,50,8,2,15,email,1,person,1,person,534034,629627
541017,0,527597,4424230,1.0,,,,,,,q1_graph2,2025-02-21 04:57:10,2025-02-21,52,8,2,4,email,1,person,1,person,527597,541017
629627,0,585212,4440724,1.0,,,,,,,q1_graph2,2025-02-21 09:32:04,2025-02-21,52,8,2,9,email,1,person,1,person,585212,629627
629627,0,527597,4555568,1.0,,,,,,,q1_graph2,2025-02-22 17:26:08,2025-02-22,53,8,2,17,email,1,person,1,person,527597,629627
527597,0,534034,4752011,1.0,,,,,,,q1_graph2,2025-02-25 00:00:11,2025-02-25,56,9,2,0,email,1,person,1,person,527597,534034
629627,0,599441,4819651,1.0,,,,,,,q1_graph2,2025-02-25 18:47:31,2025-02-25,56,9,2,18,email,1,person,1,person,599441,629627
644830,0,585212,4940501,1.0,,,,,,,q1_graph2,2025-02-27 04:21:41,2025-02-27,58,9,2,4,email,1,person,1,person,585212,644830
527597,1,585212,4954955,1.0,1.0,4.0,-27.555,-13.373,5.62833,-161.113,q1_graph2,2025-02-27 08:22:35,2025-02-27,58,9,2,8,phone,1,person,1,person,527597,585212
644830,0,488928,4992132,1.0,,,,,,,q1_graph2,2025-02-27 18:42:12,2025-02-27,58,9,2,18,email,1,person,1,person,488928,644830
527597,1,585212,5005411,1.0,1.0,4.0,-27.555,-13.373,5.62833,-161.113,q1_graph2,2025-02-27 22:23:31,2025-02-27,58,9,2,22,phone,1,person,1,person,527597,585212
527597,0,599441,5032573,1.0,,,,,,,q1_graph2,2025-02-28 05:56:13,2025-02-28,59,9,2,5,email,1,person,1,person,527597,599441
534034,0,629627,5150002,1.0,,,,,,,q1_graph2,2025-03-01 14:33:22,2025-03-01,60,9,3,14,email,1,person,1,person,534034,629627
541017,0,599441,5179013,1.0,,,,,,,q1_graph2,2025-03-01 22:36:53,2025-03-01,60,9,3,22,email,1,person,1,person,541017,599441
527597,0,629627,5254924,1.0,,,,,,,q1_graph2,2025-03-02 19:42:04,2025-03-02,61,9,3,19,email,1,person,1,person,527597,629627
541017,1,629627,5393531,1.0,1.0,4.0,-29.4524,-13.6491,-1.16067,-162.983,q1_graph2,2025-03-04 10:12:11,2025-03-04,63,10,3,10,phone,1,person,1,person,541017,629627
527597,0,585212,5573115,1.0,,,,,,,q1_graph2,2025-03-06 12:05:15,2025-03-06,65,10,3,12,email,1,person,1,person,527597,585212
585212,0,644830,5573577,1.0,,,,,,,q1_graph2,2025-03-06 12:12:57,2025-03-06,65,10,3,12,email,1,person,1,person,585212,644830
488928,0,585212,5720004,1.0,,,,,,,q1_graph2,2025-03-08 04:53:24,2025-03-08,67,10,3,4,email,1,person,1,person,488928,585212
527597,1,534034,5742927,1.0,1.0,4.0,-27.555,-13.373,0.486228,-168.472,q1_graph2,2025-03-08 11:15:27,2025-03-08,67,10,3,11,phone,1,person,1,person,527597,534034
599441,0,585212,5814474,1.0,,,,,,,q1_graph2,2025-03-09 07:07:54,2025-03-09,68,10,3,7,email,1,person,1,person,585212,599441
585212,0,644830,5870257,1.0,,,,,,,q1_graph2,2025-03-09 22:37:37,2025-03-09,68,10,3,22,email,1,person,1,person,585212,644830
585212,0,488928,5876469,1.0,,,,,,,q1_graph2,2025-03-10 00:21:09,2025-03-10,69,11,3,0,email,1,person,1,person,488928,585212
534034,0,585212,5906427,1.0,,,,,,,q1_graph2,2025-03-10 08:40:27,2025-03-10,69,11,3,8,email,1,person,1,person,534034,585212
644830,0,488928,5932656,1.0,,,,,,,q1_graph2,2025-03-10 15:57:36,2025-03-10,69,11,3,15,email,1,person,1,person,488928,644830
585212,1,629627,5992930,1.0,4.0,4.0,5.62833,-161.113,-1.16067,-162.983,q1_graph2,2025-03-11 08:42:10,2025-03-11,70,11,3,8,phone,1,person,1,person,585212,629627
488928,0,585212,6002958,1.0,,,,,,,q1_graph2,2025-03-11 11:29:18,2025-03-11,70,11,3,11,email,1,person,1,person,488928,585212
527597,1,599441,6010507,1.0,1.0,4.0,-27.555,-13.373,2.74785,-162.275,q1_graph2,2025-03-11 13:35:07,2025-03-11,70,11,3,13,phone,1,person,1,person,527597,599441
644830,0,585212,6015112,1.0,,,,,,,q1_graph2,2025-03-11 14:51:52,2025-03-11,70,11,3,14,email,1,person,1,person,585212,644830
585212,0,488928,6226591,1.0,,,,,,,q1_graph2,2025-03-14 01:36:31,2025-03-14,73,11,3,1,email,1,person,1,person,488928,585212
585212,0,488928,6272425,1.0,,,,,,,q1_graph2,2025-03-14 14:20:25,2025-03-14,73,11,3,14,email,1,person,1,person,488928,585212
582851,1,629627,6341437,1.0,1.0,4.0,-26.6688,-7.31949,-1.16067,-162.983,q1_graph2,2025-03-15 09:30:37,2025-03-15,74,11,3,9,phone,1,person,1,person,582851,629627
488928,0,585212,6359006,1.0,,,,,,,q1_graph2,2025-03-15 14:23:26,2025-03-15,74,11,3,14,email,1,person,1,person,488928,585212
527597,1,563211,6384799,1.0,1.0,1.0,-27.555,-13.373,-27.3353,-18.2227,q1_graph2,2025-03-15 21:33:19,2025-03-15,74,11,3,21,phone,1,person,1,person,527597,563211
585212,1,629627,6426720,1.0,4.0,4.0,5.62833,-161.113,-1.16067,-162.983,q1_graph2,2025-03-16 09:12:00,2025-03-16,75,11,3,9,phone,1,person,1,person,585212,629627
541017,0,585212,6443424,1.0,,,,,,,q1_graph2,2025-03-16 13:50:24,2025-03-16,75,11,3,13,email,1,person,1,person,541017,585212
629627,0,534034,6598227,1.0,,,,,,,q1_graph2,2025-03-18 08:50:27,2025-03-18,77,12,3,8,email,1,person,1,person,534034,629627
585212,1,563211,6616656,1.0,4.0,1.0,5.62833,-161.113,-27.3353,-18.2227,q1_graph2,2025-03-18 13:57:36,2025-03-18,77,12,3,13,phone,1,person,1,person,563211,585212
488928,0,585212,6703224,1.0,,,,,,,q1_graph2,2025-03-19 14:00:24,2025-03-19,78,12,3,14,email,1,person,1,person,488928,585212
585212,0,644830,6733654,1.0,,,,,,,q1_graph2,2025-03-19 22:27:34,2025-03-19,78,12,3,22,email,1,person,1,person,585212,644830
527597,1,585212,6751549,1.0,1.0,4.0,-27.555,-13.373,5.62833,-161.113,q1_graph2,2025-03-20 03:25:49,2025-03-20,79,12,3,3,phone,1,person,1,person,527597,585212
585212,1,599441,6784532,1.0,4.0,4.0,5.62833,-161.113,2.74785,-162.275,q1_graph2,2025-03-20 12:35:32,2025-03-20,79,12,3,12,phone,1,person,1,person,585212,599441
644830,0,585212,6821216,1.0,,,,,,,q1_graph2,2025-03-20 22:46:56,2025-03-20,79,12,3,22,email,1,person,1,person,585212,644830
541017,0,585212,6864201,1.0,,,,,,,q1_graph2,2025-03-21 10:43:21,2025-03-21,80,12,3,10,email,1,person,1,person,541017,585212
599441,0,582851,6878154,1.0,,,,,,,q1_graph2,2025-03-21 14:35:54,2025-03-21,80,12,3,14,email,1,person,1,person,582851,599441
585212,0,488928,6941544,1.0,,,,,,,q1_graph2,2025-03-22 08:12:24,2025-03-22,81,12,3,8,email,1,person,1,person,488928,585212
527597,1,582851,6944750,1.0,1.0,1.0,-27.555,-13.373,-26.6688,-7.31949,q1_graph2,2025-03-22 09:05:50,2025-03-22,81,12,3,9,phone,1,person,1,person,527597,582851
644830,0,488928,7096778,1.0,,,,,,,q1_graph2,2025-03-24 03:19:38,2025-03-24,83,13,3,3,email,1,person,1,person,488928,644830
585212,1,563211,7097908,1.0,4.0,1.0,5.62833,-161.113,-27.3353,-18.2227,q1_graph2,2025-03-24 03:38:28,2025-03-24,83,13,3,3,phone,1,person,1,person,563211,585212
488928,0,585212,7127283,1.0,,,,,,,q1_graph2,2025-03-24 11:48:03,2025-03-24,83,13,3,11,email,1,person,1,person,488928,585212
582851,1,563211,7191426,1.0,1.0,1.0,-26.6688,-7.31949,-27.3353,-18.2227,q1_graph2,2025-03-25 05:37:06,2025-03-25,84,13,3,5,phone,1,person,1,person,563211,582851
644830,0,488928,7243181,1.0,,,,,,,q1_graph2,2025-03-25 19:59:41,2025-03-25,84,13,3,19,email,1,person,1,person,488928,644830
527597,1,582851,7261450,1.0,1.0,1.0,-27.555,-13.373,-26.6688,-7.31949,q1_graph2,2025-03-26 01:04:10,2025-03-26,85,13,3,1,phone,1,person,1,person,527597,582851
541017,0,527597,7359754,1.0,,,,,,,q1_graph2,2025-03-27 04:22:34,2025-03-27,86,13,3,4,email,1,person,1,person,527597,541017
527597,1,582851,7388590,1.0,1.0,1.0,-27.555,-13.373,-26.6688,-7.31949,q1_graph2,2025-03-27 12:23:10,2025-03-27,86,13,3,12,phone,1,person,1,person,527597,582851
585212,0,644830,7489945,1.0,,,,,,,q1_graph2,2025-03-28 16:32:25,2025-03-28,87,13,3,16,email,1,person,1,person,585212,644830
527597,1,585212,7574087,1.0,1.0,4.0,-27.555,-13.373,5.62833,-161.113,q1_graph2,2025-03-29 15:54:47,2025-03-29,88,13,3,15,phone,1,person,1,person,527597,585212
541017,0,629627,7693360,1.0,,,,,,,q1_graph2,2025-03-31 01:02:40,2025-03-31,90,14,3,1,email,1,person,1,person,541017,629627
585212,0,488928,7808131,1.0,,,,,,,q1_graph2,2025-04-01 08:55:31,2025-04-01,91,14,4,8,email,1,person,1,person,488928,585212
541017,1,563211,7818079,1.0,1.0,1.0,-29.4524,-13.6491,-27.3353,-18.2227,q1_graph2,2025-04-01 11:41:19,2025-04-01,91,14,4,11,phone,1,person,1,person,541017,563211
563211,0,527597,7969021,1.0,,,,,,,q1_graph2,2025-04-03 05:37:01,2025-04-03,93,14,4,5,email,1,person,1,person,527597,563211
599441,0,585212,8043145,1.0,,,,,,,q1_graph2,2025-04-04 02:12:25,2025-04-04,94,14,4,2,email,1,person,1,person,585212,599441
563211,0,534034,8102282,1.0,,,,,,,q1_graph2,2025-04-04 18:38:02,2025-04-04,94,14,4,18,email,1,person,1,person,534034,563211
644830,0,488928,8127107,1.0,,,,,,,q1_graph2,2025-04-05 01:31:47,2025-04-05,95,14,4,1,email,1,person,1,person,488928,644830
585212,1,534034,8142014,1.0,4.0,4.0,5.62833,-161.113,0.486228,-168.472,q1_graph2,2025-04-05 05:40:14,2025-04-05,95,14,4,5,phone,1,person,1,person,534034,585212
541017,1,582851,8167759,1.0,1.0,1.0,-29.4524,-13.6491,-26.6688,-7.31949,q1_graph2,2025-04-05 12:49:19,2025-04-05,95,14,4,12,phone,1,person,1,person,541017,582851
629627,0,527597,8168946,1.0,,,,,,,q1_graph2,2025-04-05 13:09:06,2025-04-05,95,14,4,13,email,1,person,1,person,527597,629627
541017,0,527597,8294685,1.0,,,,,,,q1_graph2,2025-04-07 00:04:45,2025-04-07,97,15,4,0,email,1,person,1,person,527597,541017
629627,0,563211,8357396,1.0,,,,,,,q1_graph2,2025-04-07 17:29:56,2025-04-07,97,15,4,17,email,1,person,1,person,563211,629627
582851,1,563211,8376183,1.0,1.0,1.0,-26.6688,-7.31949,-27.3353,-18.2227,q1_graph2,2025-04-07 22:43:03,2025-04-07,97,15,4,22,phone,1,person,1,person,563211,582851
541017,0,629627,8433984,1.0,,,,,,,q1_graph2,2025-04-08 14:46:24,2025-04-08,98,15,4,14,email,1,person,1,person,541017,629627
585212,0,644830,8441674,1.0,,,,,,,q1_graph2,2025-04-08 16:54:34,2025-04-08,98,15,4,16,email,1,person,1,person,585212,644830
527597,1,582851,8458432,1.0,1.0,1.0,-27.555,-13.373,-26.6688,-7.31949,q1_graph2,2025-04-08 21:33:52,2025-04-08,98,15,4,21,phone,1,person,1,person,527597,582851
534034,0,527597,8544418,1.0,,,,,,,q1_graph2,2025-04-09 21:26:58,2025-04-09,99,15,4,21,email,1,person,1,person,527597,534034
541017,1,599441,8615406,1.0,1.0,4.0,-29.4524,-13.6491,2.74785,-162.275,q1_graph2,2025-04-10 17:10:06,2025-04-10,100,15,4,17,phone,1,person,1,person,541017,599441
541017,0,585212,8653188,1.0,,,,,,,q1_graph2,2025-04-11 03:39:48,2025-04-11,101,15,4,3,email,1,person,1,person,541017,585212
563211,0,629627,8711294,1.0,,,,,,,q1_graph2,2025-04-11 19:48:14,2025-04-11,101,15,4,19,email,1,person,1,person,563211,629627
585212,1,534034,8850337,1.0,4.0,4.0,5.62833,-161.113,0.486228,-168.472,q1_graph2,2025-04-13 10:25:37,2025-04-13,103,15,4,10,phone,1,person,1,person,534034,585212
585212,0,644830,8855927,1.0,,,,,,,q1_graph2,2025-04-13 11:58:47,2025-04-13,103,15,4,11,email,1,person,1,person,585212,644830
585212,1,629627,8905092,1.0,4.0,4.0,5.62833,-161.113,-1.16067,-162.983,q1_graph2,2025-04-14 01:38:12,2025-04-14,104,16,4,1,phone,1,person,1,person,585212,629627
585212,0,644830,9240893,1.0,,,,,,,q1_graph2,2025-04-17 22:54:53,2025-04-17,107,16,4,22,email,1,person,1,person,585212,644830
644830,0,488928,9286158,1.0,,,,,,,q1_graph2,2025-04-18 11:29:18,2025-04-18,108,16,4,11,email,1,person,1,person,488928,644830
629627,0,582851,9386339,1.0,,,,,,,q1_graph2,2025-04-19 15:18:59,2025-04-19,109,16,4,15,email,1,person,1,person,582851,629627
527597,0,534034,9397663,1.0,,,,,,,q1_graph2,2025-04-19 18:27:43,2025-04-19,109,16,4,18,email,1,person,1,person,527597,534034
563211,0,527597,9409176,1.0,,,,,,,q1_graph2,2025-04-19 21:39:36,2025-04-19,109,16,4,21,email,1,person,1,person,527597,563211
527597,0,585212,9503440,1.0,,,,,,,q1_graph2,2025-04-20 23:50:40,2025-04-20,110,16,4,23,email,1,person,1,person,527597,585212
629627,0,599441,9689806,1.0,,,,,,,q1_graph2,2025-04-23 03:36:46,2025-04-23,113,17,4,3,email,1,person,1,person,599441,629627
599441,0,541017,9862807,1.0,,,,,,,q1_graph2,2025-04-25 03:40:07,2025-04-25,115,17,4,3,email,1,person,1,person,541017,599441
527597,0,541017,9879345,1.0,,,,,,,q1_graph2,2025-04-25 08:15:45,2025-04-25,115,17,4,8,email,1,person,1,person,527597,541017
541017,1,582851,9921458,1.0,1.0,1.0,-29.4524,-13.6491,-26.6688,-7.31949,q1_graph2,2025-04-25 19:57:38,2025-04-25,115,17,4,19,phone,1,person,1,person,541017,582851
629627,0,534034,9960277,1.0,,,,,,,q1_graph2,2025-04-26 06:44:37,2025-04-26,116,17,4,6,email,1,person,1,person,534034,629627
582851,1,541017,10089293,1.0,1.0,1.0,-26.6688,-7.31949,-29.4524,-13.6491,q1_graph2,2025-04-27 18:34:53,2025-04-27,117,17,4,18,phone,1,person,1,person,541017,582851
585212,0,644830,10304971,1.0,,,,,,,q1_graph2,2025-04-30 06:29:31,2025-04-30,120,18,4,6,email,1,person,1,person,585212,644830
582851,1,585212,10332671,1.0,1.0,4.0,-26.6688,-7.31949,5.62833,-161.113,q1_graph2,2025-04-30 14:11:11,2025-04-30,120,18,4,14,phone,1,person,1,person,582851,585212
644830,0,488928,10363238,1.0,,,,,,,q1_graph2,2025-04-30 22:40:38,2025-04-30,120,18,4,22,email,1,person,1,person,488928,644830
602912,0,534449,10436141,1.0,,,,,,,q1_graph2,2025-05-01 18:55:41,2025-05-01,121,18,5,18,email,1,person,1,person,534449,602912
515794,0,505965,10449234,1.0,,,,,,,q1_graph2,2025-05-01 22:33:54,2025-05-01,121,18,5,22,email,1,person,1,person,505965,515794
629627,1,534449,10475109,1.0,4.0,2.0,-1.16067,-162.983,-24.0127,90.9734,q1_graph2,2025-05-02 05:45:09,2025-05-02,122,18,5,5,phone,1,person,1,person,534449,629627
477138,0,515794,10491217,1.0,,,,,,,q1_graph2,2025-05-02 10:13:37,2025-05-02,122,18,5,10,email,1,person,1,person,477138,515794
544615,0,629627,10545616,1.0,,,,,,,q1_graph2,2025-05-03 01:20:16,2025-05-03,123,18,5,1,email,1,person,1,person,544615,629627
515794,1,477138,10564216,1.0,4.0,3.0,6.71518,-165.251,-24.7171,-111.474,q1_graph2,2025-05-03 06:30:16,2025-05-03,123,18,5,6,phone,1,person,1,person,477138,515794
527597,0,582851,10574943,1.0,,,,,,,q1_graph2,2025-05-03 09:29:03,2025-05-03,123,18,5,9,email,1,person,1,person,527597,582851
505965,1,639051,10582812,1.0,4.0,3.0,-3.88606,-166.186,-25.422,-111.678,q1_graph2,2025-05-03 11:40:12,2025-05-03,123,18,5,11,phone,1,person,1,person,505965,639051
477138,0,544615,10584513,1.0,,,,,,,q1_graph2,2025-05-03 12:08:33,2025-05-03,123,18,5,12,email,1,person,1,person,477138,544615
534449,0,505965,10591475,1.0,,,,,,,q1_graph2,2025-05-03 14:04:35,2025-05-03,123,18,5,14,email,1,person,1,person,505965,534449
544615,0,639051,10626591,1.0,,,,,,,q1_graph2,2025-05-03 23:49:51,2025-05-03,123,18,5,23,email,1,person,1,person,544615,639051
572413,0,602912,10643744,1.0,,,,,,,q1_graph2,2025-05-04 04:35:44,2025-05-04,124,18,5,4,email,1,person,1,person,572413,602912
515794,0,534449,10682653,1.0,,,,,,,q1_graph2,2025-05-04 15:24:13,2025-05-04,124,18,5,15,email,1,person,1,person,515794,534449
602912,0,515794,10708046,1.0,,,,,,,q1_graph2,2025-05-04 22:27:26,2025-05-04,124,18,5,22,email,1,person,1,person,515794,602912
599441,0,534034,10719247,1.0,,,,,,,q1_graph2,2025-05-05 01:34:07,2025-05-05,125,19,5,1,email,1,person,1,person,534034,599441
602912,0,639051,10738685,1.0,,,,,,,q1_graph2,2025-05-05 06:58:05,2025-05-05,125,19,5,6,email,1,person,1,person,602912,639051
582851,1,527597,10744257,1.0,1.0,1.0,-26.6688,-7.31949,-27.555,-13.373,q1_graph2,2025-05-05 08:30:57,2025-05-05,125,19,5,8,phone,1,person,1,person,527597,582851
582851,1,541017,10754288,1.0,1.0,1.0,-26.6688,-7.31949,-29.4524,-13.6491,q1_graph2,2025-05-05 11:18:08,2025-05-05,125,19,5,11,phone,1,person,1,person,541017,582851
582851,1,585212,10779478,1.0,1.0,4.0,-26.6688,-7.31949,5.62833,-161.113,q1_graph2,2025-05-05 18:17:58,2025-05-05,125,19,5,18,phone,1,person,1,person,582851,585212
544615,0,477138,10787213,1.0,,,,,,,q1_graph2,2025-05-05 20:26:53,2025-05-05,125,19,5,20,email,1,person,1,person,477138,544615
572413,0,477138,10788656,1.0,,,,,,,q1_graph2,2025-05-05 20:50:56,2025-05-05,125,19,5,20,email,1,person,1,person,477138,572413
572413,0,629627,10827522,1.0,,,,,,,q1_graph2,2025-05-06 07:38:42,2025-05-06,126,19,5,7,email,1,person,1,person,572413,629627
644830,0,488928,10857107,1.0,,,,,,,q1_graph2,2025-05-06 15:51:47,2025-05-06,126,19,5,15,email,1,person,1,person,488928,644830
602912,0,477138,10874051,1.0,,,,,,,q1_graph2,2025-05-06 20:34:11,2025-05-06,126,19,5,20,email,1,person,1,person,477138,602912
541017,0,582851,10900665,1.0,,,,,,,q1_graph2,2025-05-07 03:57:45,2025-05-07,127,19,5,3,email,1,person,1,person,541017,582851
602912,1,544615,10901482,1.0,1.0,2.0,-28.3801,-9.46184,-20.6565,91.7841,q1_graph2,2025-05-07 04:11:22,2025-05-07,127,19,5,4,phone,1,person,1,person,544615,602912
602912,0,629627,10927260,1.0,,,,,,,q1_graph2,2025-05-07 11:21:00,2025-05-07,127,19,5,11,email,1,person,1,person,602912,629627
629627,1,477138,10934479,1.0,4.0,3.0,-1.16067,-162.983,-24.7171,-111.474,q1_graph2,2025-05-07 13:21:19,2025-05-07,127,19,5,13,phone,1,person,1,person,477138,629627
515794,0,602912,10952497,1.0,,,,,,,q1_graph2,2025-05-07 18:21:37,2025-05-07,127,19,5,18,email,1,person,1,person,515794,602912
644830,0,488928,10963849,1.0,,,,,,,q1_graph2,2025-05-07 21:30:49,2025-05-07,127,19,5,21,email,1,person,1,person,488928,644830
629627,1,515794,10965136,1.0,4.0,4.0,-1.16067,-162.983,6.71518,-165.251,q1_graph2,2025-05-07 21:52:16,2025-05-07,127,19,5,21,phone,1,person,1,person,515794,629627
644830,0,488928,10976634,1.0,,,,,,,q1_graph2,2025-05-08 01:03:54,2025-05-08,128,19,5,1,email,1,person,1,person,488928,644830
477138,0,629627,11065871,1.0,,,,,,,q1_graph2,2025-05-09 01:51:11,2025-05-09,129,19,5,1,email,1,person,1,person,477138,629627
541017,1,599441,11074863,1.0,1.0,4.0,-29.4524,-13.6491,2.74785,-162.275,q1_graph2,2025-05-09 04:21:03,2025-05-09,129,19,5,4,phone,1,person,1,person,541017,599441
534034,0,582851,11100226,1.0,,,,,,,q1_graph2,2025-05-09 11:23:46,2025-05-09,129,19,5,11,email,1,person,1,person,534034,582851
505965,1,515794,11211138,1.0,4.0,4.0,-3.88606,-166.186,6.71518,-165.251,q1_graph2,2025-05-10 18:12:18,2025-05-10,130,19,5,18,phone,1,person,1,person,505965,515794
477138,0,639051,11259863,1.0,,,,,,,q1_graph2,2025-05-11 07:44:23,2025-05-11,131,19,5,7,email,1,person,1,person,477138,639051
629627,0,563211,11287622,1.0,,,,,,,q1_graph2,2025-05-11 15:27:02,2025-05-11,131,19,5,15,email,1,person,1,person,563211,629627
527597,0,541017,11293594,1.0,,,,,,,q1_graph2,2025-05-11 17:06:34,2025-05-11,131,19,5,17,email,1,person,1,person,527597,541017
602912,1,534449,11319504,1.0,1.0,2.0,-28.3801,-9.46184,-24.0127,90.9734,q1_graph2,2025-05-12 00:18:24,2025-05-12,132,20,5,0,phone,1,person,1,person,534449,602912
505965,1,602912,11345084,1.0,4.0,1.0,-3.88606,-166.186,-28.3801,-9.46184,q1_graph2,2025-05-12 07:24:44,2025-05-12,132,20,5,7,phone,1,person,1,person,505965,602912
544615,0,639051,11361079,1.0,,,,,,,q1_graph2,2025-05-12 11:51:19,2025-05-12,132,20,5,11,email,1,person,1,person,544615,639051
505965,1,544615,11376309,1.0,4.0,2.0,-3.88606,-166.186,-20.6565,91.7841,q1_graph2,2025-05-12 16:05:09,2025-05-12,132,20,5,16,phone,1,person,1,person,505965,544615
544615,0,639051,11398887,1.0,,,,,,,q1_graph2,2025-05-12 22:21:27,2025-05-12,132,20,5,22,email,1,person,1,person,544615,639051
477138,0,534449,11457565,1.0,,,,,,,q1_graph2,2025-05-13 14:39:25,2025-05-13,133,20,5,14,email,1,person,1,person,477138,534449
644830,0,585212,11489905,1.0,,,,,,,q1_graph2,2025-05-13 23:38:25,2025-05-13,133,20,5,23,email,1,person,1,person,585212,644830
602912,0,515794,11521391,1.0,,,,,,,q1_graph2,2025-05-14 08:23:11,2025-05-14,134,20,5,8,email,1,person,1,person,515794,602912
477138,0,544615,11577935,1.0,,,,,,,q1_graph2,2025-05-15 00:05:35,2025-05-15,135,20,5,0,email,1,person,1,person,477138,544615
602912,0,515794,11595165,1.0,,,,,,,q1_graph2,2025-05-15 04:52:45,2025-05-15,135,20,5,4,email,1,person,1,person,515794,602912
505965,1,534449,11595270,1.0,4.0,2.0,-3.88606,-166.186,-24.0127,90.9734,q1_graph2,2025-05-15 04:54:30,2025-05-15,135,20,5,4,phone,1,person,1,person,505965,534449
602912,0,629627,11618838,1.0,,,,,,,q1_graph2,2025-05-15 11:27:18,2025-05-15,135,20,5,11,email,1,person,1,person,602912,629627
629627,1,639051,11628219,1.0,4.0,3.0,-1.16067,-162.983,-25.422,-111.678,q1_graph2,2025-05-15 14:03:39,2025-05-15,135,20,5,14,phone,1,person,1,person,629627,639051
572413,0,639051,11691816,1.0,,,,,,,q1_graph2,2025-05-16 07:43:36,2025-05-16,136,20,5,7,email,1,person,1,person,572413,639051
515794,1,602912,11699884,1.0,4.0,1.0,6.71518,-165.251,-28.3801,-9.46184,q1_graph2,2025-05-16 09:58:04,2025-05-16,136,20,5,9,phone,1,person,1,person,515794,602912
602912,0,477138,11710502,1.0,,,,,,,q1_graph2,2025-05-16 12:55:02,2025-05-16,136,20,5,12,email,1,person,1,person,477138,602912
515794,1,544615,11803196,1.0,4.0,2.0,6.71518,-165.251,-20.6565,91.7841,q1_graph2,2025-05-17 14:39:56,2025-05-17,137,20,5,14,phone,1,person,1,person,515794,544615
602912,0,534449,11817324,1.0,,,,,,,q1_graph2,2025-05-17 18:35:24,2025-05-17,137,20,5,18,email,1,person,1,person,534449,602912
629627,1,602912,11962409,1.0,4.0,1.0,-1.16067,-162.983,-28.3801,-9.46184,q1_graph2,2025-05-19 10:53:29,2025-05-19,139,21,5,10,phone,1,person,1,person,602912,629627
505965,1,534449,11964814,1.0,4.0,2.0,-3.88606,-166.186,-24.0127,90.9734,q1_graph2,2025-05-19 11:33:34,2025-05-19,139,21,5,11,phone,1,person,1,person,505965,534449
505965,1,515794,11971387,1.0,4.0,4.0,-3.88606,-166.186,6.71518,-165.251,q1_graph2,2025-05-19 13:23:07,2025-05-19,139,21,5,13,phone,1,person,1,person,505965,515794
629627,1,505965,11985154,1.0,4.0,4.0,-1.16067,-162.983,-3.88606,-166.186,q1_graph2,2025-05-19 17:12:34,2025-05-19,139,21,5,17,phone,1,person,1,person,505965,629627
572413,0,505965,12014363,1.0,,,,,,,q1_graph2,2025-05-20 01:19:23,2025-05-20,140,21,5,1,email,1,person,1,person,505965,572413
572413,0,544615,12062090,1.0,,,,,,,q1_graph2,2025-05-20 14:34:50,2025-05-20,140,21,5,14,email,1,person,1,person,544615,572413
515794,1,505965,12076559,1.0,4.0,4.0,6.71518,-165.251,-3.88606,-166.186,q1_graph2,2025-05-20 18:35:59,2025-05-20,140,21,5,18,phone,1,person,1,person,505965,515794
602912,0,639051,12091739,1.0,,,,,,,q1_graph2,2025-05-20 22:48:59,2025-05-20,140,21,5,22,email,1,person,1,person,602912,639051
572413,0,515794,12141521,1.0,,,,,,,q1_graph2,2025-05-21 12:38:41,2025-05-21,141,21,5,12,email,1,person,1,person,515794,572413
515794,0,602912,12160102,1.0,,,,,,,q1_graph2,2025-05-21 17:48:22,2025-05-21,141,21,5,17,email,1,person,1,person,515794,602912
505965,1,602912,12173431,1.0,4.0,1.0,-3.88606,-166.186,-28.3801,-9.46184,q1_graph2,2025-05-21 21:30:31,2025-05-21,141,21,5,21,phone,1,person,1,person,505965,602912
602912,0,629627,12228391,1.0,,,,,,,q1_graph2,2025-05-22 12:46:31,2025-05-22,142,21,5,12,email,1,person,1,person,602912,629627
477138,0,505965,12269767,1.0,,,,,,,q1_graph2,2025-05-23 00:16:07,2025-05-23,143,21,5,0,email,1,person,1,person,477138,505965
515794,1,505965,12289830,1.0,4.0,4.0,6.71518,-165.251,-3.88606,-166.186,q1_graph2,2025-05-23 05:50:30,2025-05-23,143,21,5,5,phone,1,person,1,person,505965,515794
629627,0,505965,12338685,1.0,,,,,,,q1_graph2,2025-05-23 19:24:45,2025-05-23,143,21,5,19,email,1,person,1,person,505965,629627
477138,0,515794,12405920,1.0,,,,,,,q1_graph2,2025-05-24 14:05:20,2025-05-24,144,21,5,14,email,1,person,1,person,477138,515794
629627,1,544615,12408293,1.0,4.0,2.0,-1.16067,-162.983,-20.6565,91.7841,q1_graph2,2025-05-24 14:44:53,2025-05-24,144,21,5,14,phone,1,person,1,person,544615,629627
572413,0,602912,12410059,1.0,,,,,,,q1_graph2,2025-05-24 15:14:19,2025-05-24,144,21,5,15,email,1,person,1,person,572413,602912
572413,0,505965,12414409,1.0,,,,,,,q1_graph2,2025-05-24 16:26:49,2025-05-24,144,21,5,16,email,1,person,1,person,505965,572413
629627,1,544615,12440413,1.0,4.0,2.0,-1.16067,-162.983,-20.6565,91.7841,q1_graph2,2025-05-24 23:40:13,2025-05-24,144,21,5,23,phone,1,person,1,person,544615,629627
534449,0,629627,12455753,1.0,,,,,,,q1_graph2,2025-05-25 03:55:53,2025-05-25,145,21,5,3,email,1,person,1,person,534449,629627
544615,0,534449,12484354,1.0,,,,,,,q1_graph2,2025-05-25 11:52:34,2025-05-25,145,21,5,11,email,1,person,1,person,534449,544615
505965,1,602912,12523901,1.0,4.0,1.0,-3.88606,-166.186,-28.3801,-9.46184,q1_graph2,2025-05-25 22:51:41,2025-05-25,145,21,5,22,phone,1,person,1,person,505965,602912
505965,1,629627,12540115,1.0,4.0,4.0,-3.88606,-166.186,-1.16067,-162.983,q1_graph2,2025-05-26 03:21:55,2025-05-26,146,22,5,3,phone,1,person,1,person,505965,629627
505965,1,477138,12550059,1.0,4.0,3.0,-3.88606,-166.186,-24.7171,-111.474,q1_graph2,2025-05-26 06:07:39,2025-05-26,146,22,5,6,phone,1,person,1,person,477138,505965
544615,0,602912,12565287,1.0,,,,,,,q1_graph2,2025-05-26 10:21:27,2025-05-26,146,22,5,10,email,1,person,1,person,544615,602912
585212,0,644830,12572672,1.0,,,,,,,q1_graph2,2025-05-26 12:24:32,2025-05-26,146,22,5,12,email,1,person,1,person,585212,644830
515794,0,629627,12598153,1.0,,,,,,,q1_graph2,2025-05-26 19:29:13,2025-05-26,146,22,5,19,email,1,person,1,person,515794,629627
572413,0,515794,12602602,1.0,,,,,,,q1_graph2,2025-05-26 20:43:22,2025-05-26,146,22,5,20,email,1,person,1,person,515794,572413
515794,0,544615,12623593,1.0,,,,,,,q1_graph2,2025-05-27 02:33:13,2025-05-27,147,22,5,2,email,1,person,1,person,515794,544615
515794,0,629627,12653558,1.0,,,,,,,q1_graph2,2025-05-27 10:52:38,2025-05-27,147,22,5,10,email,1,person,1,person,515794,629627
572413,0,602912,12694819,1.0,,,,,,,q1_graph2,2025-05-27 22:20:19,2025-05-27,147,22,5,22,email,1,person,1,person,572413,602912
515794,0,602912,12712662,1.0,,,,,,,q1_graph2,2025-05-28 03:17:42,2025-05-28,148,22,5,3,email,1,person,1,person,515794,602912
544615,0,639051,12756923,1.0,,,,,,,q1_graph2,2025-05-28 15:35:23,2025-05-28,148,22,5,15,email,1,person,1,person,544615,639051
572413,0,544615,12763657,1.0,,,,,,,q1_graph2,2025-05-28 17:27:37,2025-05-28,148,22,5,17,email,1,person,1,person,544615,572413
602912,0,534449,12827754,1.0,,,,,,,q1_graph2,2025-05-29 11:15:54,2025-05-29,149,22,5,11,email,1,person,1,person,534449,602912
585212,0,644830,14709092,1.0,,,,,,,q1_graph2,2025-06-20 05:51:32,2025-06-20,171,25,6,5,email,1,person,1,person,585212,644830
585212,0,644830,15791166,1.0,,,,,,,q1_graph2,2025-07-02 18:26:06,2025-07-02,183,27,7,18,email,1,person,1,person,585212,644830
585212,0,644830,16266273,1.0,,,,,,,q1_graph2,2025-07-08 06:24:33,2025-07-08,189,28,7,6,email,1,person,1,person,585212,644830
585212,0,644830,18661695,1.0,,,,,,,q1_graph2,2025-08-04 23:48:15,2025-08-04,216,32,8,23,email,1,person,1,person,585212,644830
585212,0,644830,18662380,1.0,,,,,,,q1_graph2,2025-08-04 23:59:40,2025-08-04,216,32,8,23,email,1,person,1,person,585212,644830
477138,1,639051,20842531,1.0,3.0,3.0,-24.7171,-111.474,-25.422,-111.678,q1_graph2,2025-08-30 05:35:31,2025-08-30,242,35,8,5,phone,1,person,1,person,477138,639051
477138,1,639051,20906802,1.0,3.0,3.0,-24.7171,-111.474,-25.422,-111.678,q1_graph2,2025-08-30 23:26:42,2025-08-30,242,35,8,23,phone,1,person,1,person,477138,639051
639051,0,629627,21116196,1.0,,,,,,,q1_graph2,2025-09-02 09:36:36,2025-09-02,245,36,9,9,email,1,person,1,person,629627,639051
629627,0,477138,21201625,1.0,,,,,,,q1_graph2,2025-09-03 09:20:25,2025-09-03,246,36,9,9,email,1,person,1,person,477138,629627
477138,1,629627,21334033,1.0,3.0,4.0,-24.7171,-111.474,-1.16067,-162.983,q1_graph2,2025-09-04 22:07:13,2025-09-04,247,36,9,22,phone,1,person,1,person,477138,629627
629627,0,477138,21338033,1.0,,,,,,,q1_graph2,2025-09-04 23:13:53,2025-09-04,247,36,9,23,email,1,person,1,person,477138,629627
639051,0,477138,21545376,1.0,,,,,,,q1_graph2,2025-09-07 08:49:36,2025-09-07,250,36,9,8,email,1,person,1,person,477138,639051
639051,0,602912,21573712,1.0,,,,,,,q1_graph2,2025-09-07 16:41:52,2025-09-07,250,36,9,16,email,1,person,1,person,602912,639051
639051,0,477138,21585601,1.0,,,,,,,q1_graph2,2025-09-07 20:00:01,2025-09-07,250,36,9,20,email,1,person,1,person,477138,639051
602912,1,629627,21606175,1.0,1.0,4.0,-28.3801,-9.46184,-1.16067,-162.983,q1_graph2,2025-09-08 01:42:55,2025-09-08,251,37,9,1,phone,1,person,1,person,602912,629627
629627,1,602912,21618588,1.0,4.0,1.0,-1.16067,-162.983,-28.3801,-9.46184,q1_graph2,2025-09-08 05:09:48,2025-09-08,251,37,9,5,phone,1,person,1,person,602912,629627
639051,1,629627,21644066,1.0,3.0,4.0,-25.422,-111.678,-1.16067,-162.983,q1_graph2,2025-09-08 12:14:26,2025-09-08,251,37,9,12,phone,1,person,1,person,629627,639051
477138,1,602912,21656472,1.0,3.0,1.0,-24.7171,-111.474,-28.3801,-9.46184,q1_graph2,2025-09-08 15:41:12,2025-09-08,251,37,9,15,phone,1,person,1,person,477138,602912
639051,0,477138,21679563,1.0,,,,,,,q1_graph2,2025-09-08 22:06:03,2025-09-08,251,37,9,22,email,1,person,1,person,477138,639051
639051,0,629627,21703598,1.0,,,,,,,q1_graph2,2025-09-09 04:46:38,2025-09-09,252,37,9,4,email,1,person,1,person,629627,639051
639051,0,602912,21707171,1.0,,,,,,,q1_graph2,2025-09-09 05:46:11,2025-09-09,252,37,9,5,email,1,person,1,person,602912,639051
477138,1,602912,21718939,1.0,3.0,1.0,-24.7171,-111.474,-28.3801,-9.46184,q1_graph2,2025-09-09 09:02:19,2025-09-09,252,37,9,9,phone,1,person,1,person,477138,602912
639051,0,477138,21760367,1.0,,,,,,,q1_graph2,2025-09-09 20:32:47,2025-09-09,252,37,9,20,email,1,person,1,person,477138,639051
639051,0,629627,21807202,1.0,,,,,,,q1_graph2,2025-09-10 09:33:22,2025-09-10,253,37,9,9,email,1,person,1,person,629627,639051
602912,0,477138,21819818,1.0,,,,,,,q1_graph2,2025-09-10 13:03:38,2025-09-10,253,37,9,13,email,1,person,1,person,477138,602912
629627,1,602912,21898652,1.0,4.0,1.0,-1.16067,-162.983,-28.3801,-9.46184,q1_graph2,2025-09-11 10:57:32,2025-09-11,254,37,9,10,phone,1,person,1,person,602912,629627
629627,0,602912,21912550,1.0,,,,,,,q1_graph2,2025-09-11 14:49:10,2025-09-11,254,37,9,14,email,1,person,1,person,602912,629627
629627,1,639051,21938489,1.0,4.0,3.0,-1.16067,-162.983,-25.422,-111.678,q1_graph2,2025-09-11 22:01:29,2025-09-11,254,37,9,22,phone,1,person,1,person,629627,639051
629627,1,602912,21955909,1.0,4.0,1.0,-1.16067,-162.983,-28.3801,-9.46184,q1_graph2,2025-09-12 02:51:49,2025-09-12,255,37,9,2,phone,1,person,1,person,602912,629627
639051,1,602912,21981600,1.0,3.0,1.0,-25.422,-111.678,-28.3801,-9.46184,q1_graph2,2025-09-12 10:00:00,2025-09-12,255,37,9,10,phone,1,person,1,person,602912,639051
629627,1,477138,22142162,1.0,4.0,3.0,-1.16067,-162.983,-24.7171,-111.474,q1_graph2,2025-09-14 06:36:02,2025-09-14,257,37,9,6,phone,1,person,1,person,477138,629627
602912,1,639051,22207707,1.0,1.0,3.0,-28.3801,-9.46184,-25.422,-111.678,q1_graph2,2025-09-15 00:48:27,2025-09-15,258,38,9,0,phone,1,person,1,person,602912,639051
477138,1,639051,22211417,1.0,3.0,3.0,-24.7171,-111.474,-25.422,-111.678,q1_graph2,2025-09-15 01:50:17,2025-09-15,258,38,9,1,phone,1,person,1,person,477138,639051
602912,1,629627,22247115,1.0,1.0,4.0,-28.3801,-9.46184,-1.16067,-162.983,q1_graph2,2025-09-15 11:45:15,2025-09-15,258,38,9,11,phone,1,person,1,person,602912,629627
639051,1,602912,22248020,1.0,3.0,1.0,-25.422,-111.678,-28.3801,-9.46184,q1_graph2,2025-09-15 12:00:20,2025-09-15,258,38,9,12,phone,1,person,1,person,602912,639051
639051,1,629627,22334784,1.0,3.0,4.0,-25.422,-111.678,-1.16067,-162.983,q1_graph2,2025-09-16 12:06:24,2025-09-16,259,38,9,12,phone,1,person,1,person,629627,639051
477138,0,639051,22399630,1.0,,,,,,,q1_graph2,2025-09-17 06:07:10,2025-09-17,260,38,9,6,email,1,person,1,person,477138,639051
629627,0,602912,22420882,1.0,,,,,,,q1_graph2,2025-09-17 12:01:22,2025-09-17,260,38,9,12,email,1,person,1,person,602912,629627
639051,0,477138,22422133,1.0,,,,,,,q1_graph2,2025-09-17 12:22:13,2025-09-17,260,38,9,12,email,1,person,1,person,477138,639051
639051,0,477138,22451808,1.0,,,,,,,q1_graph2,2025-09-17 20:36:48,2025-09-17,260,38,9,20,email,1,person,1,person,477138,639051
639051,0,629627,22462831,1.0,,,,,,,q1_graph2,2025-09-17 23:40:31,2025-09-17,260,38,9,23,email,1,person,1,person,629627,639051
602912,1,639051,22475347,1.0,1.0,3.0,-28.3801,-9.46184,-25.422,-111.678,q1_graph2,2025-09-18 03:09:07,2025-09-18,261,38,9,3,phone,1,person,1,person,602912,639051
477138,0,602912,22530022,1.0,,,,,,,q1_graph2,2025-09-18 18:20:22,2025-09-18,261,38,9,18,email,1,person,1,person,477138,602912
602912,0,477138,22531593,1.0,,,,,,,q1_graph2,2025-09-18 18:46:33,2025-09-18,261,38,9,18,email,1,person,1,person,477138,602912
477138,1,629627,22536510,1.0,3.0,4.0,-24.7171,-111.474,-1.16067,-162.983,q1_graph2,2025-09-18 20:08:30,2025-09-18,261,38,9,20,phone,1,person,1,person,477138,629627
602912,0,477138,22554406,1.0,,,,,,,q1_graph2,2025-09-19 01:06:46,2025-09-19,262,38,9,1,email,1,person,1,person,477138,602912
629627,0,639051,22576342,1.0,,,,,,,q1_graph2,2025-09-19 07:12:22,2025-09-19,262,38,9,7,email,1,person,1,person,629627,639051
629627,0,639051,22663848,1.0,,,,,,,q1_graph2,2025-09-20 07:30:48,2025-09-20,263,38,9,7,email,1,person,1,person,629627,639051
639051,1,477138,22665558,1.0,3.0,3.0,-25.422,-111.678,-24.7171,-111.474,q1_graph2,2025-09-20 07:59:18,2025-09-20,263,38,9,7,phone,1,person,1,person,477138,639051
602912,0,629627,22666112,1.0,,,,,,,q1_graph2,2025-09-20 08:08:32,2025-09-20,263,38,9,8,email,1,person,1,person,602912,629627
602912,0,477138,22757505,1.0,,,,,,,q1_graph2,2025-09-21 09:31:45,2025-09-21,264,38,9,9,email,1,person,1,person,477138,602912
477138,0,602912,22804809,1.0,,,,,,,q1_graph2,2025-09-21 22:40:09,2025-09-21,264,38,9,22,email,1,person,1,person,477138,602912
602912,0,639051,22824279,1.0,,,,,,,q1_graph2,2025-09-22 04:04:39,2025-09-22,265,39,9,4,email,1,person,1,person,602912,639051
602912,1,639051,22830587,1.0,1.0,3.0,-28.3801,-9.46184,-25.422,-111.678,q1_graph2,2025-09-22 05:49:47,2025-09-22,265,39,9,5,phone,1,person,1,person,602912,639051
602912,0,477138,22884475,1.0,,,,,,,q1_graph2,2025-09-22 20:47:55,2025-09-22,265,39,9,20,email,1,person,1,person,477138,602912
629627,0,639051,22934478,1.0,,,,,,,q1_graph2,2025-09-23 10:41:18,2025-09-23,266,39,9,10,email,1,person,1,person,629627,639051
629627,0,639051,22943918,1.0,,,,,,,q1_graph2,2025-09-23 13:18:38,2025-09-23,266,39,9,13,email,1,person,1,person,629627,639051
477138,1,602912,22975397,1.0,3.0,1.0,-24.7171,-111.474,-28.3801,-9.46184,q1_graph2,2025-09-23 22:03:17,2025-09-23,266,39,9,22,phone,1,person,1,person,477138,602912
629627,1,602912,22997872,1.0,4.0,1.0,-1.16067,-162.983,-28.3801,-9.46184,q1_graph2,2025-09-24 04:17:52,2025-09-24,267,39,9,4,phone,1,person,1,person,602912,629627
629627,0,477138,23012151,1.0,,,,,,,q1_graph2,2025-09-24 08:15:51,2025-09-24,267,39,9,8,email,1,person,1,person,477138,629627
602912,0,629627,23034767,1.0,,,,,,,q1_graph2,2025-09-24 14:32:47,2025-09-24,267,39,9,14,email,1,person,1,person,602912,629627
629627,0,639051,23096951,1.0,,,,,,,q1_graph2,2025-09-25 07:49:11,2025-09-25,268,39,9,7,email,1,person,1,person,629627,639051
639051,0,477138,23115416,1.0,,,,,,,q1_graph2,2025-09-25 12:56:56,2025-09-25,268,39,9,12,email,1,person,1,person,477138,639051
477138,0,602912,23174900,1.0,,,,,,,q1_graph2,2025-09-26 05:28:20,2025-09-26,269,39,9,5,email,1,person,1,person,477138,602912
639051,0,477138,23185940,1.0,,,,,,,q1_graph2,2025-09-26 08:32:20,2025-09-26,269,39,9,8,email,1,person,1,person,477138,639051
639051,0,602912,23246868,1.0,,,,,,,q1_graph2,2025-09-27 01:27:48,2025-09-27,270,39,9,1,email,1,person,1,person,602912,639051
477138,0,629627,23248867,1.0,,,,,,,q1_graph2,2025-09-27 02:01:07,2025-09-27,270,39,9,2,email,1,person,1,person,477138,629627
477138,0,629627,23282119,1.0,,,,,,,q1_graph2,2025-09-27 11:15:19,2025-09-27,270,39,9,11,email,1,person,1,person,477138,629627
639051,1,629627,23282608,1.0,3.0,4.0,-25.422,-111.678,-1.16067,-162.983,q1_graph2,2025-09-27 11:23:28,2025-09-27,270,39,9,11,phone,1,person,1,person,629627,639051
477138,1,639051,23301338,1.0,3.0,3.0,-24.7171,-111.474,-25.422,-111.678,q1_graph2,2025-09-27 16:35:38,2025-09-27,270,39,9,16,phone,1,person,1,person,477138,639051
639051,1,477138,23309100,1.0,3.0,3.0,-25.422,-111.678,-24.7171,-111.474,q1_graph2,2025-09-27 18:45:00,2025-09-27,270,39,9,18,phone,1,person,1,person,477138,639051
639051,1,629627,23328537,1.0,3.0,4.0,-25.422,-111.678,-1.16067,-162.983,q1_graph2,2025-09-28 00:08:57,2025-09-28,271,39,9,0,phone,1,person,1,person,629627,639051
477138,1,629627,23329146,1.0,3.0,4.0,-24.7171,-111.474,-1.16067,-162.983,q1_graph2,2025-09-28 00:19:06,2025-09-28,271,39,9,0,phone,1,person,1,person,477138,629627
477138,1,602912,23336361,1.0,3.0,1.0,-24.7171,-111.474,-28.3801,-9.46184,q1_graph2,2025-09-28 02:19:21,2025-09-28,271,39,9,2,phone,1,person,1,person,477138,602912
639051,1,477138,23345203,1.0,3.0,3.0,-25.422,-111.678,-24.7171,-111.474,q1_graph2,2025-09-28 04:46:43,2025-09-28,271,39,9,4,phone,1,person,1,person,477138,639051
639051,0,629627,23357281,1.0,,,,,,,q1_graph2,2025-09-28 08:08:01,2025-09-28,271,39,9,8,email,1,person,1,person,629627,639051
477138,1,639051,23387824,1.0,3.0,3.0,-24.7171,-111.474,-25.422,-111.678,q1_graph2,2025-09-28 16:37:04,2025-09-28,271,39,9,16,phone,1,person,1,person,477138,639051
639051,0,629627,23439733,1.0,,,,,,,q1_graph2,2025-09-29 07:02:13,2025-09-29,272,40,9,7,email,1,person,1,person,629627,639051
477138,1,639051,23493997,1.0,3.0,3.0,-24.7171,-111.474,-25.422,-111.678,q1_graph2,2025-09-29 22:06:37,2025-09-29,272,40,9,22,phone,1,person,1,person,477138,639051
602912,0,629627,23510059,1.0,,,,,,,q1_graph2,2025-09-30 02:34:19,2025-09-30,273,40,9,2,email,1,person,1,person,602912,629627
629627,1,639051,23555844,1.0,4.0,3.0,-1.16067,-162.983,-25.422,-111.678,q1_graph2,2025-09-30 15:17:24,2025-09-30,273,40,9,15,phone,1,person,1,person,629627,639051
602912,0,629627,23591447,1.0,,,,,,,q1_graph2,2025-10-01 01:10:47,2025-10-01,274,40,10,1,email,1,person,1,person,602912,629627
629627,0,639051,23613478,1.0,,,,,,,q1_graph2,2025-10-01 07:17:58,2025-10-01,274,40,10,7,email,1,person,1,person,629627,639051
629627,0,639051,23636603,1.0,,,,,,,q1_graph2,2025-10-01 13:43:23,2025-10-01,274,40,10,13,email,1,person,1,person,629627,639051
639051,0,629627,23700163,1.0,,,,,,,q1_graph2,2025-10-02 07:22:43,2025-10-02,275,40,10,7,email,1,person,1,person,629627,639051
639051,0,477138,23764735,1.0,,,,,,,q1_graph2,2025-10-03 01:18:55,2025-10-03,276,40,10,1,email,1,person,1,person,477138,639051
629627,1,477138,23795795,1.0,4.0,3.0,-1.16067,-162.983,-24.7171,-111.474,q1_graph2,2025-10-03 09:56:35,2025-10-03,276,40,10,9,phone,1,person,1,person,477138,629627
639051,1,629627,23822681,1.0,3.0,4.0,-25.422,-111.678,-1.16067,-162.983,q1_graph2,2025-10-03 17:24:41,2025-10-03,276,40,10,17,phone,1,person,1,person,629627,639051
629627,1,602912,23842037,1.0,4.0,1.0,-1.16067,-162.983,-28.3801,-9.46184,q1_graph2,2025-10-03 22:47:17,2025-10-03,276,40,10,22,phone,1,person,1,person,602912,629627
629627,1,477138,23881840,1.0,4.0,3.0,-1.16067,-162.983,-24.7171,-111.474,q1_graph2,2025-10-04 09:50:40,2025-10-04,277,40,10,9,phone,1,person,1,person,477138,629627
629627,0,639051,23885449,1.0,,,,,,,q1_graph2,2025-10-04 10:50:49,2025-10-04,277,40,10,10,email,1,person,1,person,629627,639051
639051,0,477138,24039351,1.0,,,,,,,q1_graph2,2025-10-06 05:35:51,2025-10-06,279,41,10,5,email,1,person,1,person,477138,639051
477138,1,629627,24088607,1.0,3.0,4.0,-24.7171,-111.474,-1.16067,-162.983,q1_graph2,2025-10-06 19:16:47,2025-10-06,279,41,10,19,phone,1,person,1,person,477138,629627
477138,1,629627,24287043,1.0,3.0,4.0,-24.7171,-111.474,-1.16067,-162.983,q1_graph2,2025-10-09 02:24:03,2025-10-09,282,41,10,2,phone,1,person,1,person,477138,629627
629627,0,477138,24303471,1.0,,,,,,,q1_graph2,2025-10-09 06:57:51,2025-10-09,282,41,10,6,email,1,person,1,person,477138,629627
477138,1,639051,24308317,1.0,3.0,3.0,-24.7171,-111.474,-25.422,-111.678,q1_graph2,2025-10-09 08:18:37,2025-10-09,282,41,10,8,phone,1,person,1,person,477138,639051
629627,0,639051,24390893,1.0,,,,,,,q1_graph2,2025-10-10 07:14:53,2025-10-10,283,41,10,7,email,1,person,1,person,629627,639051
629627,1,534449,25070537,1.0,4.0,2.0,-1.16067,-162.983,-24.0127,90.9734,q1_graph2,2025-10-18 04:02:17,2025-10-18,291,42,10,4,phone,1,person,1,person,534449,629627
572413,0,629627,25077063,1.0,,,,,,,q1_graph2,2025-10-18 05:51:03,2025-10-18,291,42,10,5,email,1,person,1,person,572413,629627
572413,0,505965,25078145,1.0,,,,,,,q1_graph2,2025-10-18 06:09:05,2025-10-18,291,42,10,6,email,1,person,1,person,505965,572413
629627,1,515794,25080322,1.0,4.0,4.0,-1.16067,-162.983,6.71518,-165.251,q1_graph2,2025-10-18 06:45:22,2025-10-18,291,42,10,6,phone,1,person,1,person,515794,629627
505965,0,629627,25080457,1.0,,,,,,,q1_graph2,2025-10-18 06:47:37,2025-10-18,291,42,10,6,email,1,person,1,person,505965,629627
505965,0,515794,25082206,1.0,,,,,,,q1_graph2,2025-10-18 07:16:46,2025-10-18,291,42,10,7,email,1,person,1,person,505965,515794
629627,1,515794,25082444,1.0,4.0,4.0,-1.16067,-162.983,6.71518,-165.251,q1_graph2,2025-10-18 07:20:44,2025-10-18,291,42,10,7,phone,1,person,1,person,515794,629627
505965,0,515794,25083330,1.0,,,,,,,q1_graph2,2025-10-18 07:35:30,2025-10-18,291,42,10,7,email,1,person,1,person,505965,515794
629627,1,505965,25085370,1.0,4.0,4.0,-1.16067,-162.983,-3.88606,-166.186,q1_graph2,2025-10-18 08:09:30,2025-10-18,291,42,10,8,phone,1,person,1,person,505965,629627
629627,1,515794,25088201,1.0,4.0,4.0,-1.16067,-162.983,6.71518,-165.251,q1_graph2,2025-10-18 08:56:41,2025-10-18,291,42,10,8,phone,1,person,1,person,515794,629627
572413,0,629627,25088973,1.0,,,,,,,q1_graph2,2025-10-18 09:09:33,2025-10-18,291,42,10,9,email,1,person,1,person,572413,629627
629627,1,505965,25090157,1.0,4.0,4.0,-1.16067,-162.983,-3.88606,-166.186,q1_graph2,2025-10-18 09:29:17,2025-10-18,291,42,10,9,phone,1,person,1,person,505965,629627
505965,0,515794,25090730,1.0,,,,,,,q1_graph2,2025-10-18 09:38:50,2025-10-18,291,42,10,9,email,1,person,1,person,505965,515794
572413,0,505965,25096246,1.0,,,,,,,q1_graph2,2025-10-18 11:10:46,2025-10-18,291,42,10,11,email,1,person,1,person,505965,572413
629627,1,505965,25096422,1.0,4.0,4.0,-1.16067,-162.983,-3.88606,-166.186,q1_graph2,2025-10-18 11:13:42,2025-10-18,291,42,10,11,phone,1,person,1,person,505965,629627
629627,1,505965,25096676,1.0,4.0,4.0,-1.16067,-162.983,-3.88606,-166.186,q1_graph2,2025-10-18 11:17:56,2025-10-18,291,42,10,11,phone,1,person,1,person,505965,629627
629627,1,515794,25099662,1.0,4.0,4.0,-1.16067,-162.983,6.71518,-165.251,q1_graph2,2025-10-18 12:07:42,2025-10-18,291,42,10,12,phone,1,person,1,person,515794,629627
572413,0,629627,25102198,1.0,,,,,,,q1_graph2,2025-10-18 12:49:58,2025-10-18,291,42,10,12,email,1,person,1,person,572413,629627
515794,0,505965,25106307,1.0,,,,,,,q1_graph2,2025-10-18 13:58:27,2025-10-18,291,42,10,13,email,1,person,1,person,505965,515794
572413,0,515794,25119654,1.0,,,,,,,q1_graph2,2025-10-18 17:40:54,2025-10-18,291,42,10,17,email,1,person,1,person,515794,572413
505965,0,515794,25120036,1.0,,,,,,,q1_graph2,2025-10-18 17:47:16,2025-10-18,291,42,10,17,email,1,person,1,person,505965,515794
629627,0,505965,25122396,1.0,,,,,,,q1_graph2,2025-10-18 18:26:36,2025-10-18,291,42,10,18,email,1,person,1,person,505965,629627
629627,0,515794,25124906,1.0,,,,,,,q1_graph2,2025-10-18 19:08:26,2025-10-18,291,42,10,19,email,1,person,1,person,515794,629627
534449,0,544615,25126176,1.0,,,,,,,q1_graph2,2025-10-18 19:29:36,2025-10-18,291,42,10,19,email,1,person,1,person,534449,544615
629627,1,534449,25126426,1.0,4.0,2.0,-1.16067,-162.983,-24.0127,90.9734,q1_graph2,2025-10-18 19:33:46,2025-10-18,291,42,10,19,phone,1,person,1,person,534449,629627
629627,0,505965,25127032,1.0,,,,,,,q1_graph2,2025-10-18 19:43:52,2025-10-18,291,42,10,19,email,1,person,1,person,505965,629627
629627,0,505965,25127974,1.0,,,,,,,q1_graph2,2025-10-18 19:59:34,2025-10-18,291,42,10,19,email,1,person,1,person,505965,629627
629627,1,505965,25128416,1.0,4.0,4.0,-1.16067,-162.983,-3.88606,-166.186,q1_graph2,2025-10-18 20:06:56,2025-10-18,291,42,10,20,phone,1,person,1,person,505965,629627
629627,1,505965,25129688,1.0,4.0,4.0,-1.16067,-162.983,-3.88606,-166.186,q1_graph2,2025-10-18 20:28:08,2025-10-18,291,42,10,20,phone,1,person,1,person,505965,629627
629627,0,515794,25129964,1.0,,,,,,,q1_graph2,2025-10-18 20:32:44,2025-10-18,291,42,10,20,email,1,person,1,person,515794,629627
572413,0,505965,25130068,1.0,,,,,,,q1_graph2,2025-10-18 20:34:28,2025-10-18,291,42,10,20,email,1,person,1,person,505965,572413
572413,0,505965,25135544,1.0,,,,,,,q1_graph2,2025-10-18 22:05:44,2025-10-18,291,42,10,22,email,1,person,1,person,505965,572413
505965,0,629627,25138706,1.0,,,,,,,q1_graph2,2025-10-18 22:58:26,2025-10-18,291,42,10,22,email,1,person,1,person,505965,629627
505965,0,515794,25138948,1.0,,,,,,,q1_graph2,2025-10-18 23:02:28,2025-10-18,291,42,10,23,email,1,person,1,person,505965,515794
505965,0,629627,25139645,1.0,,,,,,,q1_graph2,2025-10-18 23:14:05,2025-10-18,291,42,10,23,email,1,person,1,person,505965,629627
505965,0,629627,25139950,1.0,,,,,,,q1_graph2,2025-10-18 23:19:10,2025-10-18,291,42,10,23,email,1,person,1,person,505965,629627
629627,1,515794,25142976,1.0,4.0,4.0,-1.16067,-162.983,6.71518,-165.251,q1_graph2,2025-10-19 00:09:36,2025-10-19,292,42,10,0,phone,1,person,1,person,515794,629627
629627,1,505965,25145869,1.0,4.0,4.0,-1.16067,-162.983,-3.88606,-166.186,q1_graph2,2025-10-19 00:57:49,2025-10-19,292,42,10,0,phone,1,person,1,person,505965,629627
515794,0,629627,25150110,1.0,,,,,,,q1_graph2,2025-10-19 02:08:30,2025-10-19,292,42,10,2,email,1,person,1,person,515794,629627
572413,0,515794,25150124,1.0,,,,,,,q1_graph2,2025-10-19 02:08:44,2025-10-19,292,42,10,2,email,1,person,1,person,515794,572413
629627,1,534449,25152027,1.0,4.0,2.0,-1.16067,-162.983,-24.0127,90.9734,q1_graph2,2025-10-19 02:40:27,2025-10-19,292,42,10,2,phone,1,person,1,person,534449,629627
505965,0,629627,25153698,1.0,,,,,,,q1_graph2,2025-10-19 03:08:18,2025-10-19,292,42,10,3,email,1,person,1,person,505965,629627
505965,0,629627,25154779,1.0,,,,,,,q1_graph2,2025-10-19 03:26:19,2025-10-19,292,42,10,3,email,1,person,1,person,505965,629627
544615,0,534449,25156869,1.0,,,,,,,q1_graph2,2025-10-19 04:01:09,2025-10-19,292,42,10,4,email,1,person,1,person,534449,544615
534449,1,544615,25157304,1.0,2.0,2.0,-24.0127,90.9734,-20.6565,91.7841,q1_graph2,2025-10-19 04:08:24,2025-10-19,292,42,10,4,phone,1,person,1,person,534449,544615
534449,0,629627,25165451,1.0,,,,,,,q1_graph2,2025-10-19 06:24:11,2025-10-19,292,42,10,6,email,1,person,1,person,534449,629627
534449,1,629627,25169659,1.0,2.0,4.0,-24.0127,90.9734,-1.16067,-162.983,q1_graph2,2025-10-19 07:34:19,2025-10-19,292,42,10,7,phone,1,person,1,person,534449,629627
629627,1,544615,25237137,1.0,4.0,2.0,-1.16067,-162.983,-20.6565,91.7841,q1_graph2,2025-10-20 02:18:57,2025-10-20,293,43,10,2,phone,1,person,1,person,544615,629627
534449,0,629627,25271522,1.0,,,,,,,q1_graph2,2025-10-20 11:52:02,2025-10-20,293,43,10,11,email,1,person,1,person,534449,629627
534449,1,629627,25295649,1.0,2.0,4.0,-24.0127,90.9734,-1.16067,-162.983,q1_graph2,2025-10-20 18:34:09,2025-10-20,293,43,10,18,phone,1,person,1,person,534449,629627
534449,1,629627,25297793,1.0,2.0,4.0,-24.0127,90.9734,-1.16067,-162.983,q1_graph2,2025-10-20 19:09:53,2025-10-20,293,43,10,19,phone,1,person,1,person,534449,629627
544615,0,629627,25301697,1.0,,,,,,,q1_graph2,2025-10-20 20:14:57,2025-10-20,293,43,10,20,email,1,person,1,person,544615,629627
544615,0,629627,25342520,1.0,,,,,,,q1_graph2,2025-10-21 07:35:20,2025-10-21,294,43,10,7,email,1,person,1,person,544615,629627
534449,0,544615,25374490,1.0,,,,,,,q1_graph2,2025-10-21 16:28:10,2025-10-21,294,43,10,16,email,1,person,1,person,534449,544615
544615,0,629627,25401849,1.0,,,,,,,q1_graph2,2025-10-22 00:04:09,2025-10-22,295,43,10,0,email,1,person,1,person,544615,629627
534449,1,629627,25414057,1.0,2.0,4.0,-24.0127,90.9734,-1.16067,-162.983,q1_graph2,2025-10-22 03:27:37,2025-10-22,295,43,10,3,phone,1,person,1,person,534449,629627
534449,0,544615,25414331,1.0,,,,,,,q1_graph2,2025-10-22 03:32:11,2025-10-22,295,43,10,3,email,1,person,1,person,534449,544615
534449,0,629627,25436062,1.0,,,,,,,q1_graph2,2025-10-22 09:34:22,2025-10-22,295,43,10,9,email,1,person,1,person,534449,629627
544615,0,534449,25483276,1.0,,,,,,,q1_graph2,2025-10-22 22:41:16,2025-10-22,295,43,10,22,email,1,person,1,person,534449,544615
629627,1,544615,25513507,1.0,4.0,2.0,-1.16067,-162.983,-20.6565,91.7841,q1_graph2,2025-10-23 07:05:07,2025-10-23,296,43,10,7,phone,1,person,1,person,544615,629627
629627,1,534449,25576317,1.0,4.0,2.0,-1.16067,-162.983,-24.0127,90.9734,q1_graph2,2025-10-24 00:31:57,2025-10-24,297,43,10,0,phone,1,person,1,person,534449,629627
534449,1,629627,25588871,1.0,2.0,4.0,-24.0127,90.9734,-1.16067,-162.983,q1_graph2,2025-10-24 04:01:11,2025-10-24,297,43,10,4,phone,1,person,1,person,534449,629627
534449,0,544615,25671680,1.0,,,,,,,q1_graph2,2025-10-25 03:01:20,2025-10-25,298,43,10,3,email,1,person,1,person,534449,544615
534449,1,544615,25697695,1.0,2.0,2.0,-24.0127,90.9734,-20.6565,91.7841,q1_graph2,2025-10-25 10:14:55,2025-10-25,298,43,10,10,phone,1,person,1,person,534449,544615
534449,1,629627,25701216,1.0,2.0,4.0,-24.0127,90.9734,-1.16067,-162.983,q1_graph2,2025-10-25 11:13:36,2025-10-25,298,43,10,11,phone,1,person,1,person,534449,629627
534449,1,629627,25731350,1.0,2.0,4.0,-24.0127,90.9734,-1.16067,-162.983,q1_graph2,2025-10-25 19:35:50,2025-10-25,298,43,10,19,phone,1,person,1,person,534449,629627
534449,1,629627,25732566,1.0,2.0,4.0,-24.0127,90.9734,-1.16067,-162.983,q1_graph2,2025-10-25 19:56:06,2025-10-25,298,43,10,19,phone,1,person,1,person,534449,629627
544615,0,534449,25748798,1.0,,,,,,,q1_graph2,2025-10-26 00:26:38,2025-10-26,299,43,10,0,email,1,person,1,person,534449,544615
629627,1,534449,25775624,1.0,4.0,2.0,-1.16067,-162.983,-24.0127,90.9734,q1_graph2,2025-10-26 07:53:44,2025-10-26,299,43,10,7,phone,1,person,1,person,534449,629627
544615,0,534449,25824899,1.0,,,,,,,q1_graph2,2025-10-26 21:34:59,2025-10-26,299,43,10,21,email,1,person,1,person,534449,544615
534449,0,629627,25866331,1.0,,,,,,,q1_graph2,2025-10-27 09:05:31,2025-10-27,300,44,10,9,email,1,person,1,person,534449,629627
629627,1,544615,25867283,1.0,4.0,2.0,-1.16067,-162.983,-20.6565,91.7841,q1_graph2,2025-10-27 09:21:23,2025-10-27,300,44,10,9,phone,1,person,1,person,544615,629627
534449,1,544615,25869591,1.0,2.0,2.0,-24.0127,90.9734,-20.6565,91.7841,q1_graph2,2025-10-27 09:59:51,2025-10-27,300,44,10,9,phone,1,person,1,person,534449,544615
629627,1,544615,25877029,1.0,4.0,2.0,-1.16067,-162.983,-20.6565,91.7841,q1_graph2,2025-10-27 12:03:49,2025-10-27,300,44,10,12,phone,1,person,1,person,544615,629627
534449,1,544615,25963428,1.0,2.0,2.0,-24.0127,90.9734,-20.6565,91.7841,q1_graph2,2025-10-28 12:03:48,2025-10-28,301,44,10,12,phone,1,person,1,person,534449,544615
534449,1,544615,25969258,1.0,2.0,2.0,-24.0127,90.9734,-20.6565,91.7841,q1_graph2,2025-10-28 13:40:58,2025-10-28,301,44,10,13,phone,1,person,1,person,534449,544615
534449,1,629627,25982184,1.0,2.0,4.0,-24.0127,90.9734,-1.16067,-162.983,q1_graph2,2025-10-28 17:16:24,2025-10-28,301,44,10,17,phone,1,person,1,person,534449,629627
544615,0,534449,25995369,1.0,,,,,,,q1_graph2,2025-10-28 20:56:09,2025-10-28,301,44,10,20,email,1,person,1,person,534449,544615
534449,1,544615,26004350,1.0,2.0,2.0,-24.0127,90.9734,-20.6565,91.7841,q1_graph2,2025-10-28 23:25:50,2025-10-28,301,44,10,23,phone,1,person,1,person,534449,544615
534449,1,629627,26069795,1.0,2.0,4.0,-24.0127,90.9734,-1.16067,-162.983,q1_graph2,2025-10-29 17:36:35,2025-10-29,302,44,10,17,phone,1,person,1,person,534449,629627
544615,0,534449,26094730,1.0,,,,,,,q1_graph2,2025-10-30 00:32:10,2025-10-30,303,44,10,0,email,1,person,1,person,534449,544615
544615,0,534449,26191809,1.0,,,,,,,q1_graph2,2025-10-31 03:30:09,2025-10-31,304,44,10,3,email,1,person,1,person,534449,544615
534449,0,544615,26269047,1.0,,,,,,,q1_graph2,2025-11-01 00:57:27,2025-11-01,305,44,11,0,email,1,person,1,person,534449,544615
534449,0,544615,26277178,1.0,,,,,,,q1_graph2,2025-11-01 03:12:58,2025-11-01,305,44,11,3,email,1,person,1,person,534449,544615
614761,1,542965,1672686,1.0,1.0,2.0,-27.7842,-8.74823,-21.896,89.4,q1_graph3,2025-01-20 08:38:06,2025-01-20,20,4,1,8,phone,1,person,1,person,542965,614761
538892,1,572391,1749455,1.0,2.0,2.0,-23.5953,91.3571,-21.1411,91.1427,q1_graph3,2025-01-21 05:57:35,2025-01-21,21,4,1,5,phone,1,person,1,person,538892,572391
538892,0,614761,2020424,1.0,,,,,,,q1_graph3,2025-01-24 09:13:44,2025-01-24,24,4,1,9,email,1,person,1,person,538892,614761
614761,1,500813,2220686,1.0,1.0,1.0,-27.7842,-8.74823,-29.1714,-10.493,q1_graph3,2025-01-26 16:51:26,2025-01-26,26,4,1,16,phone,1,person,1,person,500813,614761
500813,0,542965,2274331,1.0,,,,,,,q1_graph3,2025-01-27 07:45:31,2025-01-27,27,5,1,7,email,1,person,1,person,500813,542965
500813,0,614761,2380177,1.0,,,,,,,q1_graph3,2025-01-28 13:09:37,2025-01-28,28,5,1,13,email,1,person,1,person,500813,614761
614761,0,542965,2430149,1.0,,,,,,,q1_graph3,2025-01-29 03:02:29,2025-01-29,29,5,1,3,email,1,person,1,person,542965,614761
500813,1,542965,2476844,1.0,1.0,2.0,-29.1714,-10.493,-21.896,89.4,q1_graph3,2025-01-29 16:00:44,2025-01-29,29,5,1,16,phone,1,person,1,person,500813,542965
500813,0,538892,2975300,1.0,,,,,,,q1_graph3,2025-02-04 10:28:20,2025-02-04,35,6,2,10,email,1,person,1,person,500813,538892
500813,1,614761,3117621,1.0,1.0,1.0,-29.1714,-10.493,-27.7842,-8.74823,q1_graph3,2025-02-06 02:00:21,2025-02-06,37,6,2,2,phone,1,person,1,person,500813,614761
614761,1,500813,3346166,1.0,1.0,1.0,-27.7842,-8.74823,-29.1714,-10.493,q1_graph3,2025-02-08 17:29:26,2025-02-08,39,6,2,17,phone,1,person,1,person,500813,614761
614761,0,542965,3657899,1.0,,,,,,,q1_graph3,2025-02-12 08:04:59,2025-02-12,43,7,2,8,email,1,person,1,person,542965,614761
538892,1,500813,3695899,1.0,2.0,1.0,-23.5953,91.3571,-29.1714,-10.493,q1_graph3,2025-02-12 18:38:19,2025-02-12,43,7,2,18,phone,1,person,1,person,500813,538892
614761,1,572391,3942418,1.0,1.0,2.0,-27.7842,-8.74823,-21.1411,91.1427,q1_graph3,2025-02-15 15:06:58,2025-02-15,46,7,2,15,phone,1,person,1,person,572391,614761
500813,0,572391,4119524,1.0,,,,,,,q1_graph3,2025-02-17 16:18:44,2025-02-17,48,8,2,16,email,1,person,1,person,500813,572391
500813,1,572391,4270415,1.0,1.0,2.0,-29.1714,-10.493,-21.1411,91.1427,q1_graph3,2025-02-19 10:13:35,2025-02-19,50,8,2,10,phone,1,person,1,person,500813,572391
493094,0,572391,4299598,1.0,,,,,,,q1_graph3,2025-02-19 18:19:58,2025-02-19,50,8,2,18,email,1,person,1,person,493094,572391
536003,0,572391,4571584,1.0,,,,,,,q1_graph3,2025-02-22 21:53:04,2025-02-22,53,8,2,21,email,1,person,1,person,536003,572391
536003,0,493094,4606382,1.0,,,,,,,q1_graph3,2025-02-23 07:33:02,2025-02-23,54,8,2,7,email,1,person,1,person,493094,536003
521318,0,572391,4751398,1.0,,,,,,,q1_graph3,2025-02-24 23:49:58,2025-02-24,55,9,2,23,email,1,person,1,person,521318,572391
536003,0,493094,4751604,1.0,,,,,,,q1_graph3,2025-02-24 23:53:24,2025-02-24,55,9,2,23,email,1,person,1,person,493094,536003
493094,0,536003,4786310,1.0,,,,,,,q1_graph3,2025-02-25 09:31:50,2025-02-25,56,9,2,9,email,1,person,1,person,493094,536003
493094,0,521318,4803460,1.0,,,,,,,q1_graph3,2025-02-25 14:17:40,2025-02-25,56,9,2,14,email,1,person,1,person,493094,521318
521318,0,493094,4879592,1.0,,,,,,,q1_graph3,2025-02-26 11:26:32,2025-02-26,57,9,2,11,email,1,person,1,person,493094,521318
542649,0,493094,4889936,1.0,,,,,,,q1_graph3,2025-02-26 14:18:56,2025-02-26,57,9,2,14,email,1,person,1,person,493094,542649
493094,0,572391,5001127,1.0,,,,,,,q1_graph3,2025-02-27 21:12:07,2025-02-27,58,9,2,21,email,1,person,1,person,493094,572391
536003,0,572391,5047092,1.0,,,,,,,q1_graph3,2025-02-28 09:58:12,2025-02-28,59,9,2,9,email,1,person,1,person,536003,572391
614761,0,572391,5120855,1.0,,,,,,,q1_graph3,2025-03-01 06:27:35,2025-03-01,60,9,3,6,email,1,person,1,person,572391,614761
521318,0,572391,5380865,1.0,,,,,,,q1_graph3,2025-03-04 06:41:05,2025-03-04,63,10,3,6,email,1,person,1,person,521318,572391
572391,0,493094,5415006,1.0,,,,,,,q1_graph3,2025-03-04 16:10:06,2025-03-04,63,10,3,16,email,1,person,1,person,493094,572391
542649,0,493094,5549295,1.0,,,,,,,q1_graph3,2025-03-06 05:28:15,2025-03-06,65,10,3,5,email,1,person,1,person,493094,542649
614761,0,538892,5552690,1.0,,,,,,,q1_graph3,2025-03-06 06:24:50,2025-03-06,65,10,3,6,email,1,person,1,person,538892,614761
614761,1,538892,5568861,1.0,1.0,2.0,-27.7842,-8.74823,-23.5953,91.3571,q1_graph3,2025-03-06 10:54:21,2025-03-06,65,10,3,10,phone,1,person,1,person,538892,614761
493094,0,536003,5570859,1.0,,,,,,,q1_graph3,2025-03-06 11:27:39,2025-03-06,65,10,3,11,email,1,person,1,person,493094,536003
572391,0,493094,5600496,1.0,,,,,,,q1_graph3,2025-03-06 19:41:36,2025-03-06,65,10,3,19,email,1,person,1,person,493094,572391
536003,0,493094,5657250,1.0,,,,,,,q1_graph3,2025-03-07 11:27:30,2025-03-07,66,10,3,11,email,1,person,1,person,493094,536003
542649,0,493094,5695888,1.0,,,,,,,q1_graph3,2025-03-07 22:11:28,2025-03-07,66,10,3,22,email,1,person,1,person,493094,542649
493094,0,572391,5768758,1.0,,,,,,,q1_graph3,2025-03-08 18:25:58,2025-03-08,67,10,3,18,email,1,person,1,person,493094,572391
500813,0,542965,5776123,1.0,,,,,,,q1_graph3,2025-03-08 20:28:43,2025-03-08,67,10,3,20,email,1,person,1,person,500813,542965
500813,0,614761,5822309,1.0,,,,,,,q1_graph3,2025-03-09 09:18:29,2025-03-09,68,10,3,9,email,1,person,1,person,500813,614761
493094,0,536003,5927475,1.0,,,,,,,q1_graph3,2025-03-10 14:31:15,2025-03-10,69,11,3,14,email,1,person,1,person,493094,536003
521318,0,493094,5939231,1.0,,,,,,,q1_graph3,2025-03-10 17:47:11,2025-03-10,69,11,3,17,email,1,person,1,person,493094,521318
572391,0,493094,5946490,1.0,,,,,,,q1_graph3,2025-03-10 19:48:10,2025-03-10,69,11,3,19,email,1,person,1,person,493094,572391
521318,0,572391,5953630,1.0,,,,,,,q1_graph3,2025-03-10 21:47:10,2025-03-10,69,11,3,21,email,1,person,1,person,521318,572391
536003,0,572391,5997711,1.0,,,,,,,q1_graph3,2025-03-11 10:01:51,2025-03-11,70,11,3,10,email,1,person,1,person,536003,572391
536003,0,493094,6045248,1.0,,,,,,,q1_graph3,2025-03-11 23:14:08,2025-03-11,70,11,3,23,email,1,person,1,person,493094,536003
521318,0,572391,6088471,1.0,,,,,,,q1_graph3,2025-03-12 11:14:31,2025-03-12,71,11,3,11,email,1,person,1,person,521318,572391
493094,0,536003,6099754,1.0,,,,,,,q1_graph3,2025-03-12 14:22:34,2025-03-12,71,11,3,14,email,1,person,1,person,493094,536003
572391,0,493094,6264092,1.0,,,,,,,q1_graph3,2025-03-14 12:01:32,2025-03-14,73,11,3,12,email,1,person,1,person,493094,572391
538892,0,500813,6547149,1.0,,,,,,,q1_graph3,2025-03-17 18:39:09,2025-03-17,76,12,3,18,email,1,person,1,person,500813,538892
493094,0,536003,6551747,1.0,,,,,,,q1_graph3,2025-03-17 19:55:47,2025-03-17,76,12,3,19,email,1,person,1,person,493094,536003
536003,0,572391,6661462,1.0,,,,,,,q1_graph3,2025-03-19 02:24:22,2025-03-19,78,12,3,2,email,1,person,1,person,536003,572391
521318,0,493094,6707208,1.0,,,,,,,q1_graph3,2025-03-19 15:06:48,2025-03-19,78,12,3,15,email,1,person,1,person,493094,521318
493094,0,572391,6741098,1.0,,,,,,,q1_graph3,2025-03-20 00:31:38,2025-03-20,79,12,3,0,email,1,person,1,person,493094,572391
493094,0,536003,6868180,1.0,,,,,,,q1_graph3,2025-03-21 11:49:40,2025-03-21,80,12,3,11,email,1,person,1,person,493094,536003
572391,0,493094,6969107,1.0,,,,,,,q1_graph3,2025-03-22 15:51:47,2025-03-22,81,12,3,15,email,1,person,1,person,493094,572391
521318,0,572391,7234277,1.0,,,,,,,q1_graph3,2025-03-25 17:31:17,2025-03-25,84,13,3,17,email,1,person,1,person,521318,572391
538892,1,572391,7238975,1.0,2.0,2.0,-23.5953,91.3571,-21.1411,91.1427,q1_graph3,2025-03-25 18:49:35,2025-03-25,84,13,3,18,phone,1,person,1,person,538892,572391
493094,0,572391,7257372,1.0,,,,,,,q1_graph3,2025-03-25 23:56:12,2025-03-25,84,13,3,23,email,1,person,1,person,493094,572391
493094,0,536003,7361660,1.0,,,,,,,q1_graph3,2025-03-27 04:54:20,2025-03-27,86,13,3,4,email,1,person,1,person,493094,536003
614761,1,500813,7532107,1.0,1.0,1.0,-27.7842,-8.74823,-29.1714,-10.493,q1_graph3,2025-03-29 04:15:07,2025-03-29,88,13,3,4,phone,1,person,1,person,500813,614761
614761,0,542965,7616725,1.0,,,,,,,q1_graph3,2025-03-30 03:45:25,2025-03-30,89,13,3,3,email,1,person,1,person,542965,614761
493094,0,572391,7632859,1.0,,,,,,,q1_graph3,2025-03-30 08:14:19,2025-03-30,89,13,3,8,email,1,person,1,person,493094,572391
493094,0,572391,7691776,1.0,,,,,,,q1_graph3,2025-03-31 00:36:16,2025-03-31,90,14,3,0,email,1,person,1,person,493094,572391
521318,0,493094,7902315,1.0,,,,,,,q1_graph3,2025-04-02 11:05:15,2025-04-02,92,14,4,11,email,1,person,1,person,493094,521318
572391,0,493094,8028888,1.0,,,,,,,q1_graph3,2025-04-03 22:14:48,2025-04-03,93,14,4,22,email,1,person,1,person,493094,572391
538892,1,572391,8055403,1.0,2.0,2.0,-23.5953,91.3571,-21.1411,91.1427,q1_graph3,2025-04-04 05:36:43,2025-04-04,94,14,4,5,phone,1,person,1,person,538892,572391
521318,0,572391,8119549,1.0,,,,,,,q1_graph3,2025-04-04 23:25:49,2025-04-04,94,14,4,23,email,1,person,1,person,521318,572391
538892,1,500813,8277723,1.0,2.0,1.0,-23.5953,91.3571,-29.1714,-10.493,q1_graph3,2025-04-06 19:22:03,2025-04-06,96,14,4,19,phone,1,person,1,person,500813,538892
572391,0,493094,8396953,1.0,,,,,,,q1_graph3,2025-04-08 04:29:13,2025-04-08,98,15,4,4,email,1,person,1,person,493094,572391
538892,1,542965,8521304,1.0,2.0,2.0,-23.5953,91.3571,-21.896,89.4,q1_graph3,2025-04-09 15:01:44,2025-04-09,99,15,4,15,phone,1,person,1,person,538892,542965
521318,0,572391,8698081,1.0,,,,,,,q1_graph3,2025-04-11 16:08:01,2025-04-11,101,15,4,16,email,1,person,1,person,521318,572391
541619,1,607386,8912739,1.0,4.0,0.0,5.91178,-161.276,33.5741,-40.3904,q1_graph3,2025-04-14 03:45:39,2025-04-14,104,16,4,3,phone,1,person,1,person,541619,607386
572391,0,493094,8951610,1.0,,,,,,,q1_graph3,2025-04-14 14:33:30,2025-04-14,104,16,4,14,email,1,person,1,person,493094,572391
614761,1,572391,9032836,1.0,1.0,2.0,-27.7842,-8.74823,-21.1411,91.1427,q1_graph3,2025-04-15 13:07:16,2025-04-15,105,16,4,13,phone,1,person,1,person,572391,614761
544074,0,516236,9043949,1.0,,,,,,,q1_graph3,2025-04-15 16:12:29,2025-04-15,105,16,4,16,email,1,person,1,person,516236,544074
544074,0,516236,9056801,1.0,,,,,,,q1_graph3,2025-04-15 19:46:41,2025-04-15,105,16,4,19,email,1,person,1,person,516236,544074
493652,1,607386,9064253,1.0,5.0,0.0,24.9831,155.446,33.5741,-40.3904,q1_graph3,2025-04-15 21:50:53,2025-04-15,105,16,4,21,phone,1,person,1,person,493652,607386
493652,1,538892,9115787,1.0,5.0,2.0,24.9831,155.446,-23.5953,91.3571,q1_graph3,2025-04-16 12:09:47,2025-04-16,106,16,4,12,phone,1,person,1,person,493652,538892
544074,0,607386,9132905,1.0,,,,,,,q1_graph3,2025-04-16 16:55:05,2025-04-16,106,16,4,16,email,1,person,1,person,544074,607386
538892,1,542965,9173851,1.0,2.0,2.0,-23.5953,91.3571,-21.896,89.4,q1_graph3,2025-04-17 04:17:31,2025-04-17,107,16,4,4,phone,1,person,1,person,538892,542965
544074,0,493652,9188843,1.0,,,,,,,q1_graph3,2025-04-17 08:27:23,2025-04-17,107,16,4,8,email,1,person,1,person,493652,544074
541619,1,607386,9268385,1.0,4.0,0.0,5.91178,-161.276,33.5741,-40.3904,q1_graph3,2025-04-18 06:33:05,2025-04-18,108,16,4,6,phone,1,person,1,person,541619,607386
538892,1,607386,9366388,1.0,2.0,0.0,-23.5953,91.3571,33.5741,-40.3904,q1_graph3,2025-04-19 09:46:28,2025-04-19,109,16,4,9,phone,1,person,1,person,538892,607386
541619,0,538892,9412792,1.0,,,,,,,q1_graph3,2025-04-19 22:39:52,2025-04-19,109,16,4,22,email,1,person,1,person,538892,541619
572391,0,542649,9421205,1.0,,,,,,,q1_graph3,2025-04-20 01:00:05,2025-04-20,110,16,4,1,email,1,person,1,person,542649,572391
542649,0,572391,9466049,1.0,,,,,,,q1_graph3,2025-04-20 13:27:29,2025-04-20,110,16,4,13,email,1,person,1,person,542649,572391
500813,1,542965,9621064,1.0,1.0,2.0,-29.1714,-10.493,-21.896,89.4,q1_graph3,2025-04-22 08:31:04,2025-04-22,112,17,4,8,phone,1,person,1,person,500813,542965
544074,0,493652,9633884,1.0,,,,,,,q1_graph3,2025-04-22 12:04:44,2025-04-22,112,17,4,12,email,1,person,1,person,493652,544074
541619,1,607386,9637884,1.0,4.0,0.0,5.91178,-161.276,33.5741,-40.3904,q1_graph3,2025-04-22 13:11:24,2025-04-22,112,17,4,13,phone,1,person,1,person,541619,607386
538892,1,544074,9640210,1.0,2.0,4.0,-23.5953,91.3571,2.35166,-161.322,q1_graph3,2025-04-22 13:50:10,2025-04-22,112,17,4,13,phone,1,person,1,person,538892,544074
500813,1,542965,9662291,1.0,1.0,2.0,-29.1714,-10.493,-21.896,89.4,q1_graph3,2025-04-22 19:58:11,2025-04-22,112,17,4,19,phone,1,person,1,person,500813,542965
500813,0,614761,9670356,1.0,,,,,,,q1_graph3,2025-04-22 22:12:36,2025-04-22,112,17,4,22,email,1,person,1,person,500813,614761
493652,1,516236,9732498,1.0,5.0,0.0,24.9831,155.446,32.1192,-47.3531,q1_graph3,2025-04-23 15:28:18,2025-04-23,113,17,4,15,phone,1,person,1,person,493652,516236
544074,0,541619,9798433,1.0,,,,,,,q1_graph3,2025-04-24 09:47:13,2025-04-24,114,17,4,9,email,1,person,1,person,541619,544074
541619,1,544074,9857200,1.0,4.0,4.0,5.91178,-161.276,2.35166,-161.322,q1_graph3,2025-04-25 02:06:40,2025-04-25,115,17,4,2,phone,1,person,1,person,541619,544074
572391,0,542649,9906612,1.0,,,,,,,q1_graph3,2025-04-25 15:50:12,2025-04-25,115,17,4,15,email,1,person,1,person,542649,572391
614761,1,542965,10045065,1.0,1.0,2.0,-27.7842,-8.74823,-21.896,89.4,q1_graph3,2025-04-27 06:17:45,2025-04-27,117,17,4,6,phone,1,person,1,person,542965,614761
538892,1,493652,10142894,1.0,2.0,5.0,-23.5953,91.3571,24.9831,155.446,q1_graph3,2025-04-28 09:28:14,2025-04-28,118,18,4,9,phone,1,person,1,person,493652,538892
541619,0,493652,10234286,1.0,,,,,,,q1_graph3,2025-04-29 10:51:26,2025-04-29,119,18,4,10,email,1,person,1,person,493652,541619
516236,1,538892,10245839,1.0,0.0,2.0,32.1192,-47.3531,-23.5953,91.3571,q1_graph3,2025-04-29 14:03:59,2025-04-29,119,18,4,14,phone,1,person,1,person,516236,538892
493652,1,544074,10284633,1.0,5.0,4.0,24.9831,155.446,2.35166,-161.322,q1_graph3,2025-04-30 00:50:33,2025-04-30,120,18,4,0,phone,1,person,1,person,493652,544074
607386,0,516236,10300433,1.0,,,,,,,q1_graph3,2025-04-30 05:13:53,2025-04-30,120,18,4,5,email,1,person,1,person,516236,607386
493652,1,541619,10335267,1.0,5.0,4.0,24.9831,155.446,5.91178,-161.276,q1_graph3,2025-04-30 14:54:27,2025-04-30,120,18,4,14,phone,1,person,1,person,493652,541619
544074,0,541619,10375445,1.0,,,,,,,q1_graph3,2025-05-01 02:04:05,2025-05-01,121,18,5,2,email,1,person,1,person,541619,544074
607386,0,538892,10473136,1.0,,,,,,,q1_graph3,2025-05-02 05:12:16,2025-05-02,122,18,5,5,email,1,person,1,person,538892,607386
541619,0,516236,10533925,1.0,,,,,,,q1_graph3,2025-05-02 22:05:25,2025-05-02,122,18,5,22,email,1,person,1,person,516236,541619
493652,0,538892,10571496,1.0,,,,,,,q1_graph3,2025-05-03 08:31:36,2025-05-03,123,18,5,8,email,1,person,1,person,493652,538892
542649,0,572391,10573818,1.0,,,,,,,q1_graph3,2025-05-03 09:10:18,2025-05-03,123,18,5,9,email,1,person,1,person,542649,572391
493652,1,516236,10607688,1.0,5.0,0.0,24.9831,155.446,32.1192,-47.3531,q1_graph3,2025-05-03 18:34:48,2025-05-03,123,18,5,18,phone,1,person,1,person,493652,516236
614761,1,572391,10706025,1.0,1.0,2.0,-27.7842,-8.74823,-21.1411,91.1427,q1_graph3,2025-05-04 21:53:45,2025-05-04,124,18,5,21,phone,1,person,1,person,572391,614761
544074,0,516236,10753668,1.0,,,,,,,q1_graph3,2025-05-05 11:07:48,2025-05-05,125,19,5,11,email,1,person,1,person,516236,544074
607386,0,493652,10820701,1.0,,,,,,,q1_graph3,2025-05-06 05:45:01,2025-05-06,126,19,5,5,email,1,person,1,person,493652,607386
541619,0,607386,10866945,1.0,,,,,,,q1_graph3,2025-05-06 18:35:45,2025-05-06,126,19,5,18,email,1,person,1,person,541619,607386
544074,0,541619,10914107,1.0,,,,,,,q1_graph3,2025-05-07 07:41:47,2025-05-07,127,19,5,7,email,1,person,1,person,541619,544074
614761,1,572391,10985332,1.0,1.0,2.0,-27.7842,-8.74823,-21.1411,91.1427,q1_graph3,2025-05-08 03:28:52,2025-05-08,128,19,5,3,phone,1,person,1,person,572391,614761
544074,0,541619,11057489,1.0,,,,,,,q1_graph3,2025-05-08 23:31:29,2025-05-08,128,19,5,23,email,1,person,1,person,541619,544074
516236,1,538892,11075131,1.0,0.0,2.0,32.1192,-47.3531,-23.5953,91.3571,q1_graph3,2025-05-09 04:25:31,2025-05-09,129,19,5,4,phone,1,person,1,person,516236,538892
607386,0,541619,11104277,1.0,,,,,,,q1_graph3,2025-05-09 12:31:17,2025-05-09,129,19,5,12,email,1,person,1,person,541619,607386
607386,0,538892,11212797,1.0,,,,,,,q1_graph3,2025-05-10 18:39:57,2025-05-10,130,19,5,18,email,1,person,1,person,538892,607386
493652,0,538892,11235305,1.0,,,,,,,q1_graph3,2025-05-11 00:55:05,2025-05-11,131,19,5,0,email,1,person,1,person,493652,538892
572391,0,542649,11961227,1.0,,,,,,,q1_graph3,2025-05-19 10:33:47,2025-05-19,139,21,5,10,email,1,person,1,person,542649,572391
542649,0,572391,12641770,1.0,,,,,,,q1_graph3,2025-05-27 07:36:10,2025-05-27,147,22,5,7,email,1,person,1,person,542649,572391
542649,0,572391,13490410,1.0,,,,,,,q1_graph3,2025-06-06 03:20:10,2025-06-06,157,23,6,3,email,1,person,1,person,542649,572391
542649,0,572391,13687156,1.0,,,,,,,q1_graph3,2025-06-08 09:59:16,2025-06-08,159,23,6,9,email,1,person,1,person,542649,572391
538892,0,541619,16628392,1.0,,,,,,,q1_graph3,2025-07-12 10:59:52,2025-07-12,193,28,7,10,email,1,person,1,person,538892,541619
538892,0,541619,16897710,1.0,,,,,,,q1_graph3,2025-07-15 13:48:30,2025-07-15,196,29,7,13,email,1,person,1,person,538892,541619
544074,1,538892,17121072,1.0,4.0,2.0,2.35166,-161.322,-23.5953,91.3571,q1_graph3,2025-07-18 03:51:12,2025-07-18,199,29,7,3,phone,1,person,1,person,538892,544074
544074,1,541619,17149567,1.0,4.0,4.0,2.35166,-161.322,5.91178,-161.276,q1_graph3,2025-07-18 11:46:07,2025-07-18,199,29,7,11,phone,1,person,1,person,541619,544074
544074,1,541619,17429185,1.0,4.0,4.0,2.35166,-161.322,5.91178,-161.276,q1_graph3,2025-07-21 17:26:25,2025-07-21,202,30,7,17,phone,1,person,1,person,541619,544074
538892,0,541619,17499134,1.0,,,,,,,q1_graph3,2025-07-22 12:52:14,2025-07-22,203,30,7,12,email,1,person,1,person,538892,541619
544074,1,538892,17601232,1.0,4.0,2.0,2.35166,-161.322,-23.5953,91.3571,q1_graph3,2025-07-23 17:13:52,2025-07-23,204,30,7,17,phone,1,person,1,person,538892,544074
538892,0,544074,17697435,1.0,,,,,,,q1_graph3,2025-07-24 19:57:15,2025-07-24,205,30,7,19,email,1,person,1,person,538892,544074
544074,1,541619,17785145,1.0,4.0,4.0,2.35166,-161.322,5.91178,-161.276,q1_graph3,2025-07-25 20:19:05,2025-07-25,206,30,7,20,phone,1,person,1,person,541619,544074
544074,0,538892,17934517,1.0,,,,,,,q1_graph3,2025-07-27 13:48:37,2025-07-27,208,30,7,13,email,1,person,1,person,538892,544074
541619,0,538892,17989009,1.0,,,,,,,q1_graph3,2025-07-28 04:56:49,2025-07-28,209,31,7,4,email,1,person,1,person,538892,541619
538892,0,544074,18132297,1.0,,,,,,,q1_graph3,2025-07-29 20:44:57,2025-07-29,210,31,7,20,email,1,person,1,person,538892,544074
544074,1,541619,18186660,1.0,4.0,4.0,2.35166,-161.322,5.91178,-161.276,q1_graph3,2025-07-30 11:51:00,2025-07-30,211,31,7,11,phone,1,person,1,person,541619,544074
544074,0,541619,18196252,1.0,,,,,,,q1_graph3,2025-07-30 14:30:52,2025-07-30,211,31,7,14,email,1,person,1,person,541619,544074
538892,0,544074,18337188,1.0,,,,,,,q1_graph3,2025-08-01 05:39:48,2025-08-01,213,31,8,5,email,1,person,1,person,538892,544074
544074,0,538892,18636988,1.0,,,,,,,q1_graph3,2025-08-04 16:56:28,2025-08-04,216,32,8,16,email,1,person,1,person,538892,544074
544074,1,538892,18711916,1.0,4.0,2.0,2.35166,-161.322,-23.5953,91.3571,q1_graph3,2025-08-05 13:45:16,2025-08-05,217,32,8,13,phone,1,person,1,person,538892,544074
544074,1,541619,18869662,1.0,4.0,4.0,2.35166,-161.322,5.91178,-161.276,q1_graph3,2025-08-07 09:34:22,2025-08-07,219,32,8,9,phone,1,person,1,person,541619,544074
544074,0,541619,18898309,1.0,,,,,,,q1_graph3,2025-08-07 17:31:49,2025-08-07,219,32,8,17,email,1,person,1,person,541619,544074
538892,0,541619,18973146,1.0,,,,,,,q1_graph3,2025-08-08 14:19:06,2025-08-08,220,32,8,14,email,1,person,1,person,538892,541619
544074,0,541619,19022747,1.0,,,,,,,q1_graph3,2025-08-09 04:05:47,2025-08-09,221,32,8,4,email,1,person,1,person,541619,544074
544074,1,541619,19058010,1.0,4.0,4.0,2.35166,-161.322,5.91178,-161.276,q1_graph3,2025-08-09 13:53:30,2025-08-09,221,32,8,13,phone,1,person,1,person,541619,544074
544074,0,538892,19167417,1.0,,,,,,,q1_graph3,2025-08-10 20:16:57,2025-08-10,222,32,8,20,email,1,person,1,person,538892,544074
544074,1,538892,19177189,1.0,4.0,2.0,2.35166,-161.322,-23.5953,91.3571,q1_graph3,2025-08-10 22:59:49,2025-08-10,222,32,8,22,phone,1,person,1,person,538892,544074
544074,1,538892,19256891,1.0,4.0,2.0,2.35166,-161.322,-23.5953,91.3571,q1_graph3,2025-08-11 21:08:11,2025-08-11,223,33,8,21,phone,1,person,1,person,538892,544074
538892,0,544074,19361607,1.0,,,,,,,q1_graph3,2025-08-13 02:13:27,2025-08-13,225,33,8,2,email,1,person,1,person,538892,544074
544074,0,541619,19623842,1.0,,,,,,,q1_graph3,2025-08-16 03:04:02,2025-08-16,228,33,8,3,email,1,person,1,person,541619,544074
544074,1,538892,19696142,1.0,4.0,2.0,2.35166,-161.322,-23.5953,91.3571,q1_graph3,2025-08-16 23:09:02,2025-08-16,228,33,8,23,phone,1,person,1,person,538892,544074
544074,1,541619,19855205,1.0,4.0,4.0,2.35166,-161.322,5.91178,-161.276,q1_graph3,2025-08-18 19:20:05,2025-08-18,230,34,8,19,phone,1,person,1,person,541619,544074
544074,0,541619,19884838,1.0,,,,,,,q1_graph3,2025-08-19 03:33:58,2025-08-19,231,34,8,3,email,1,person,1,person,541619,544074
538892,0,541619,20000695,1.0,,,,,,,q1_graph3,2025-08-20 11:44:55,2025-08-20,232,34,8,11,email,1,person,1,person,538892,541619
541619,0,544074,20033852,1.0,,,,,,,q1_graph3,2025-08-20 20:57:32,2025-08-20,232,34,8,20,email,1,person,1,person,541619,544074
544074,0,538892,20064067,1.0,,,,,,,q1_graph3,2025-08-21 05:21:07,2025-08-21,233,34,8,5,email,1,person,1,person,538892,544074
544074,1,541619,20128854,1.0,4.0,4.0,2.35166,-161.322,5.91178,-161.276,q1_graph3,2025-08-21 23:20:54,2025-08-21,233,34,8,23,phone,1,person,1,person,541619,544074
541619,0,538892,20176137,1.0,,,,,,,q1_graph3,2025-08-22 12:28:57,2025-08-22,234,34,8,12,email,1,person,1,person,538892,541619
628320,1,557269,186326,1.0,4.0,4.0,0.224078,-163.624,2.40053,-161.288,q1_graph4,2025-01-03 03:45:26,2025-01-03,3,1,1,3,phone,1,person,1,person,557269,628320
546593,1,492850,211842,1.0,0.0,3.0,32.2146,-42.6609,-24.9904,-111.346,q1_graph4,2025-01-03 10:50:42,2025-01-03,3,1,1,10,phone,1,person,1,person,492850,546593
536906,0,569329,925206,1.0,,,,,,,q1_graph4,2025-01-11 17:00:06,2025-01-11,11,2,1,17,email,1,person,1,person,536906,569329
483005,0,655963,1214644,1.0,,,,,,,q1_graph4,2025-01-15 01:24:04,2025-01-15,15,3,1,1,email,1,person,1,person,483005,655963
601496,0,557269,1233608,1.0,,,,,,,q1_graph4,2025-01-15 06:40:08,2025-01-15,15,3,1,6,email,1,person,1,person,557269,601496
639642,1,639642,1648114,1.0,5.0,5.0,21.5434,154.279,21.5434,154.279,q1_graph4,2025-01-20 01:48:34,2025-01-20,20,4,1,1,phone,1,person,1,person,639642,639642
557269,1,544636,1821416,1.0,4.0,3.0,2.40053,-161.288,-23.8755,-111.541,q1_graph4,2025-01-22 01:56:56,2025-01-22,22,4,1,1,phone,1,person,1,person,544636,557269
579305,1,544636,1993324,1.0,0.0,3.0,39.8886,-41.778,-23.8755,-111.541,q1_graph4,2025-01-24 01:42:04,2025-01-24,24,4,1,1,phone,1,person,1,person,544636,579305
584457,0,639642,2333783,1.0,,,,,,,q1_graph4,2025-01-28 00:16:23,2025-01-28,28,5,1,0,email,1,person,1,person,584457,639642
516873,0,483005,2888446,1.0,,,,,,,q1_graph4,2025-02-03 10:20:46,2025-02-03,34,6,2,10,email,1,person,1,person,483005,516873
492850,0,580798,2983830,1.0,,,,,,,q1_graph4,2025-02-04 12:50:30,2025-02-04,35,6,2,12,email,1,person,1,person,492850,580798
536906,0,584457,3979471,1.0,,,,,,,q1_graph4,2025-02-16 01:24:31,2025-02-16,47,7,2,1,email,1,person,1,person,536906,584457
569329,1,482012,4426243,1.0,0.0,3.0,28.7426,-41.4508,-24.5756,-110.945,q1_graph4,2025-02-21 05:30:43,2025-02-21,52,8,2,5,phone,1,person,1,person,482012,569329
536906,1,492850,4618802,1.0,5.0,3.0,22.429,154.859,-24.9904,-111.346,q1_graph4,2025-02-23 11:00:02,2025-02-23,54,8,2,11,phone,1,person,1,person,492850,536906
544636,0,544636,5097789,1.0,,,,,,,q1_graph4,2025-03-01 00:03:09,2025-03-01,60,9,3,0,email,1,person,1,person,544636,544636
580798,0,482012,5399751,1.0,,,,,,,q1_graph4,2025-03-04 11:55:51,2025-03-04,63,10,3,11,email,1,person,1,person,482012,580798
546593,0,580798,5802122,1.0,,,,,,,q1_graph4,2025-03-09 03:42:02,2025-03-09,68,10,3,3,email,1,person,1,person,546593,580798
536906,0,541907,5962332,1.0,,,,,,,q1_graph4,2025-03-11 00:12:12,2025-03-11,70,11,3,0,email,1,person,1,person,536906,541907
464579,0,611572,6753983,1.0,,,,,,,q1_graph4,2025-03-20 04:06:23,2025-03-20,79,12,3,4,email,1,person,1,person,464579,611572
584457,0,601496,6765740,1.0,,,,,,,q1_graph4,2025-03-20 07:22:20,2025-03-20,79,12,3,7,email,1,person,1,person,584457,601496
546593,1,588172,6834265,1.0,0.0,4.0,32.2146,-42.6609,3.00486,-159.23,q1_graph4,2025-03-21 02:24:25,2025-03-21,80,12,3,2,phone,1,person,1,person,546593,588172
584457,0,639642,6834450,1.0,,,,,,,q1_graph4,2025-03-21 02:27:30,2025-03-21,80,12,3,2,email,1,person,1,person,584457,639642
579305,1,639642,6849146,1.0,0.0,5.0,39.8886,-41.778,21.5434,154.279,q1_graph4,2025-03-21 06:32:26,2025-03-21,80,12,3,6,phone,1,person,1,person,579305,639642
636721,0,546593,7373660,1.0,,,,,,,q1_graph4,2025-03-27 08:14:20,2025-03-27,86,13,3,8,email,1,person,1,person,546593,636721
536906,1,516873,7396962,1.0,5.0,2.0,22.429,154.859,-22.066,93.129,q1_graph4,2025-03-27 14:42:42,2025-03-27,86,13,3,14,phone,1,person,1,person,516873,536906
536906,0,585606,8143055,1.0,,,,,,,q1_graph4,2025-04-05 05:57:35,2025-04-05,95,14,4,5,email,1,person,1,person,536906,585606
579305,0,584457,8577969,1.0,,,,,,,q1_graph4,2025-04-10 06:46:09,2025-04-10,100,15,4,6,email,1,person,1,person,579305,584457
464579,1,580237,8830805,1.0,0.0,1.0,33.7833,-45.4927,-32.7065,-10.3259,q1_graph4,2025-04-13 05:00:05,2025-04-13,103,15,4,5,phone,1,person,1,person,464579,580237
566580,0,584457,8989733,1.0,,,,,,,q1_graph4,2025-04-15 01:08:53,2025-04-15,105,16,4,1,email,1,person,1,person,566580,584457
557269,0,639642,9592069,1.0,,,,,,,q1_graph4,2025-04-22 00:27:49,2025-04-22,112,17,4,0,email,1,person,1,person,557269,639642
657526,1,536906,9720039,1.0,1.0,5.0,-25.7329,-14.9697,22.429,154.859,q1_graph4,2025-04-23 12:00:39,2025-04-23,113,17,4,12,phone,1,person,1,person,536906,657526
536906,1,579305,10144850,1.0,5.0,0.0,22.429,154.859,39.8886,-41.778,q1_graph4,2025-04-28 10:00:50,2025-04-28,118,18,4,10,phone,1,person,1,person,536906,579305
536906,1,628320,10813210,1.0,5.0,4.0,22.429,154.859,0.224078,-163.624,q1_graph4,2025-05-06 03:40:10,2025-05-06,126,19,5,3,phone,1,person,1,person,536906,628320
536906,0,571369,10822678,1.0,,,,,,,q1_graph4,2025-05-06 06:17:58,2025-05-06,126,19,5,6,email,1,person,1,person,536906,571369
544636,1,557269,10844499,1.0,3.0,4.0,-23.8755,-111.541,2.40053,-161.288,q1_graph4,2025-05-06 12:21:39,2025-05-06,126,19,5,12,phone,1,person,1,person,544636,557269
464579,1,579305,10899026,1.0,0.0,0.0,33.7833,-45.4927,39.8886,-41.778,q1_graph4,2025-05-07 03:30:26,2025-05-07,127,19,5,3,phone,1,person,1,person,464579,579305
557269,1,544636,11156529,1.0,4.0,3.0,2.40053,-161.288,-23.8755,-111.541,q1_graph4,2025-05-10 03:02:09,2025-05-10,130,19,5,3,phone,1,person,1,person,544636,557269
464579,0,596726,11410310,1.0,,,,,,,q1_graph4,2025-05-13 01:31:50,2025-05-13,133,20,5,1,email,1,person,1,person,464579,596726
464579,1,537816,11928506,1.0,0.0,3.0,33.7833,-45.4927,-25.1781,-110.144,q1_graph4,2025-05-19 01:28:26,2025-05-19,139,21,5,1,phone,1,person,1,person,464579,537816
544636,1,579305,12131001,1.0,3.0,0.0,-23.8755,-111.541,39.8886,-41.778,q1_graph4,2025-05-21 09:43:21,2025-05-21,141,21,5,9,phone,1,person,1,person,544636,579305
588172,1,569329,12196958,1.0,4.0,0.0,3.00486,-159.23,28.7426,-41.4508,q1_graph4,2025-05-22 04:02:38,2025-05-22,142,21,5,4,phone,1,person,1,person,569329,588172
536906,1,655963,12538827,1.0,5.0,0.0,22.429,154.859,29.4162,-45.8675,q1_graph4,2025-05-26 03:00:27,2025-05-26,146,22,5,3,phone,1,person,1,person,536906,655963
628320,1,584457,12672587,1.0,4.0,3.0,0.224078,-163.624,-24.475,-111.147,q1_graph4,2025-05-27 16:09:47,2025-05-27,147,22,5,16,phone,1,person,1,person,584457,628320
546593,0,657526,12700843,1.0,,,,,,,q1_graph4,2025-05-28 00:00:43,2025-05-28,148,22,5,0,email,1,person,1,person,546593,657526
636721,0,464579,12996152,1.0,,,,,,,q1_graph4,2025-05-31 10:02:32,2025-05-31,151,22,5,10,email,1,person,1,person,464579,636721
588172,1,482012,13309424,1.0,4.0,3.0,3.00486,-159.23,-24.5756,-110.945,q1_graph4,2025-06-04 01:03:44,2025-06-04,155,23,6,1,phone,1,person,1,person,482012,588172
639642,0,557269,13333142,1.0,,,,,,,q1_graph4,2025-06-04 07:39:02,2025-06-04,155,23,6,7,email,1,person,1,person,557269,639642
464579,1,558089,13764174,1.0,0.0,3.0,33.7833,-45.4927,-24.0376,-110.73,q1_graph4,2025-06-09 07:22:54,2025-06-09,160,24,6,7,phone,1,person,1,person,464579,558089
639642,0,557269,13924472,1.0,,,,,,,q1_graph4,2025-06-11 03:54:32,2025-06-11,162,24,6,3,email,1,person,1,person,557269,639642
464579,0,459726,14434570,1.0,,,,,,,q1_graph4,2025-06-17 01:36:10,2025-06-17,168,25,6,1,email,1,person,1,person,459726,464579
585606,1,544636,14637506,1.0,3.0,3.0,-25.2324,-110.18,-23.8755,-111.541,q1_graph4,2025-06-19 09:58:26,2025-06-19,170,25,6,9,phone,1,person,1,person,544636,585606
636721,1,580798,15145416,1.0,1.0,2.0,-29.6764,-11.6307,-21.1545,88.0749,q1_graph4,2025-06-25 07:03:36,2025-06-25,176,26,6,7,phone,1,person,1,person,580798,636721
464579,1,578749,15433302,1.0,0.0,1.0,33.7833,-45.4927,-35.6034,-11.7988,q1_graph4,2025-06-28 15:01:42,2025-06-28,179,26,6,15,phone,1,person,1,person,464579,578749
639642,0,557269,15489015,1.0,,,,,,,q1_graph4,2025-06-29 06:30:15,2025-06-29,180,26,6,6,email,1,person,1,person,557269,639642
536906,1,601496,16050163,1.0,5.0,3.0,22.429,154.859,-24.9297,-111.014,q1_graph4,2025-07-05 18:22:43,2025-07-05,186,27,7,18,phone,1,person,1,person,536906,601496
536906,0,483005,16175332,1.0,,,,,,,q1_graph4,2025-07-07 05:08:52,2025-07-07,188,28,7,5,email,1,person,1,person,483005,536906
579305,1,601496,16449641,1.0,0.0,3.0,39.8886,-41.778,-24.9297,-111.014,q1_graph4,2025-07-10 09:20:41,2025-07-10,191,28,7,9,phone,1,person,1,person,579305,601496
557269,1,655963,16775149,1.0,4.0,0.0,2.40053,-161.288,29.4162,-45.8675,q1_graph4,2025-07-14 03:45:49,2025-07-14,195,29,7,3,phone,1,person,1,person,557269,655963
557269,0,601496,16848023,1.0,,,,,,,q1_graph4,2025-07-15 00:00:23,2025-07-15,196,29,7,0,email,1,person,1,person,557269,601496
655963,0,579305,17214748,1.0,,,,,,,q1_graph4,2025-07-19 05:52:28,2025-07-19,200,29,7,5,email,1,person,1,person,579305,655963
636721,0,492850,17810319,1.0,,,,,,,q1_graph4,2025-07-26 03:18:39,2025-07-26,207,30,7,3,email,1,person,1,person,492850,636721
464579,1,571670,17895063,1.0,0.0,4.0,33.7833,-45.4927,5.33031,-168.957,q1_graph4,2025-07-27 02:51:03,2025-07-27,208,30,7,2,phone,1,person,1,person,464579,571670
655963,1,579305,18096375,1.0,0.0,0.0,29.4162,-45.8675,39.8886,-41.778,q1_graph4,2025-07-29 10:46:15,2025-07-29,210,31,7,10,phone,1,person,1,person,579305,655963
579305,0,584457,18419436,1.0,,,,,,,q1_graph4,2025-08-02 04:30:36,2025-08-02,214,31,8,4,email,1,person,1,person,579305,584457
584457,1,579305,18451117,1.0,3.0,0.0,-24.475,-111.147,39.8886,-41.778,q1_graph4,2025-08-02 13:18:37,2025-08-02,214,31,8,13,phone,1,person,1,person,579305,584457
655963,1,601496,18505443,1.0,0.0,3.0,29.4162,-45.8675,-24.9297,-111.014,q1_graph4,2025-08-03 04:24:03,2025-08-03,215,31,8,4,phone,1,person,1,person,601496,655963
536906,1,639642,18780504,1.0,5.0,5.0,22.429,154.859,21.5434,154.279,q1_graph4,2025-08-06 08:48:24,2025-08-06,218,32,8,8,phone,1,person,1,person,536906,639642
492850,0,464579,19217486,1.0,,,,,,,q1_graph4,2025-08-11 10:11:26,2025-08-11,223,33,8,10,email,1,person,1,person,464579,492850
579305,1,639642,19337771,1.0,0.0,5.0,39.8886,-41.778,21.5434,154.279,q1_graph4,2025-08-12 19:36:11,2025-08-12,224,33,8,19,phone,1,person,1,person,579305,639642
541907,0,628320,19810824,1.0,,,,,,,q1_graph4,2025-08-18 07:00:24,2025-08-18,230,34,8,7,email,1,person,1,person,541907,628320
464579,0,588172,20483291,1.0,,,,,,,q1_graph4,2025-08-26 01:48:11,2025-08-26,238,35,8,1,email,1,person,1,person,464579,588172
585606,0,516873,20737235,1.0,,,,,,,q1_graph4,2025-08-29 00:20:35,2025-08-29,241,35,8,0,email,1,person,1,person,516873,585606
655963,1,655963,20926012,1.0,0.0,0.0,29.4162,-45.8675,29.4162,-45.8675,q1_graph4,2025-08-31 04:46:52,2025-08-31,243,35,8,4,phone,1,person,1,person,655963,655963
492850,1,569329,21377528,1.0,3.0,0.0,-24.9904,-111.346,28.7426,-41.4508,q1_graph4,2025-09-05 10:12:08,2025-09-05,248,36,9,10,phone,1,person,1,person,492850,569329
464579,1,500336,21428024,1.0,0.0,5.0,33.7833,-45.4927,20.7839,156.256,q1_graph4,2025-09-06 00:13:44,2025-09-06,249,36,9,0,phone,1,person,1,person,464579,500336
580798,0,588172,22137620,1.0,,,,,,,q1_graph4,2025-09-14 05:20:20,2025-09-14,257,37,9,5,email,1,person,1,person,580798,588172
536906,1,566580,22206280,1.0,5.0,3.0,22.429,154.859,-24.0661,-111.936,q1_graph4,2025-09-15 00:24:40,2025-09-15,258,38,9,0,phone,1,person,1,person,536906,566580
569329,0,588172,22225957,1.0,,,,,,,q1_graph4,2025-09-15 05:52:37,2025-09-15,258,38,9,5,email,1,person,1,person,569329,588172
569329,0,636721,22325784,1.0,,,,,,,q1_graph4,2025-09-16 09:36:24,2025-09-16,259,38,9,9,email,1,person,1,person,569329,636721
482012,1,492850,22474096,1.0,3.0,3.0,-24.5756,-110.945,-24.9904,-111.346,q1_graph4,2025-09-18 02:48:16,2025-09-18,261,38,9,2,phone,1,person,1,person,482012,492850
544636,1,579305,22922666,1.0,3.0,0.0,-23.8755,-111.541,39.8886,-41.778,q1_graph4,2025-09-23 07:24:26,2025-09-23,266,39,9,7,phone,1,person,1,person,544636,579305
464579,0,623468,24036025,1.0,,,,,,,q1_graph4,2025-10-06 04:40:25,2025-10-06,279,41,10,4,email,1,person,1,person,464579,623468
588172,0,636721,24118217,1.0,,,,,,,q1_graph4,2025-10-07 03:30:17,2025-10-07,280,41,10,3,email,1,person,1,person,588172,636721
536906,1,477374,24135034,1.0,5.0,5.0,22.429,154.859,20.1005,154.004,q1_graph4,2025-10-07 08:10:34,2025-10-07,280,41,10,8,phone,1,person,1,person,477374,536906
579305,0,639642,24195600,1.0,,,,,,,q1_graph4,2025-10-08 01:00:00,2025-10-08,281,41,10,1,email,1,person,1,person,579305,639642
483005,1,579305,24206542,1.0,5.0,0.0,19.1386,155.099,39.8886,-41.778,q1_graph4,2025-10-08 04:02:22,2025-10-08,281,41,10,4,phone,1,person,1,person,483005,579305
483005,1,579305,24255941,1.0,5.0,0.0,19.1386,155.099,39.8886,-41.778,q1_graph4,2025-10-08 17:45:41,2025-10-08,281,41,10,17,phone,1,person,1,person,483005,579305
588172,1,464579,24926025,1.0,4.0,0.0,3.00486,-159.23,33.7833,-45.4927,q1_graph4,2025-10-16 11:53:45,2025-10-16,289,42,10,11,phone,1,person,1,person,464579,588172
636721,1,536906,25235524,1.0,1.0,5.0,-29.6764,-11.6307,22.429,154.859,q1_graph4,2025-10-20 01:52:04,2025-10-20,293,43,10,1,phone,1,person,1,person,536906,636721
639642,0,639642,25753347,1.0,,,,,,,q1_graph4,2025-10-26 01:42:27,2025-10-26,299,43,10,1,email,1,person,1,person,639642,639642
492850,1,588172,25926522,1.0,3.0,4.0,-24.9904,-111.346,3.00486,-159.23,q1_graph4,2025-10-28 01:48:42,2025-10-28,301,44,10,1,phone,1,person,1,person,492850,588172
492850,1,588172,25945503,1.0,3.0,4.0,-24.9904,-111.346,3.00486,-159.23,q1_graph4,2025-10-28 07:05:03,2025-10-28,301,44,10,7,phone,1,person,1,person,492850,588172
464579,1,611238,26271897,1.0,0.0,1.0,33.7833,-45.4927,-27.0582,-10.3526,q1_graph4,2025-11-01 01:44:57,2025-11-01,305,44,11,1,phone,1,person,1,person,464579,611238
464579,0,536906,26706183,1.0,,,,,,,q1_graph4,2025-11-06 02:23:03,2025-11-06,310,45,11,2,email,1,person,1,person,464579,536906
557269,1,639642,26912434,1.0,4.0,5.0,2.40053,-161.288,21.5434,154.279,q1_graph4,2025-11-08 11:40:34,2025-11-08,312,45,11,11,phone,1,person,1,person,557269,639642
536906,1,544636,26977263,1.0,5.0,3.0,22.429,154.859,-23.8755,-111.541,q1_graph4,2025-11-09 05:41:03,2025-11-09,313,45,11,5,phone,1,person,1,person,536906,544636
464579,1,521673,27271090,1.0,0.0,0.0,33.7833,-45.4927,39.4571,-48.424,q1_graph4,2025-11-12 15:18:10,2025-11-12,316,46,11,15,phone,1,person,1,person,464579,521673
464579,1,516393,27475931,1.0,0.0,3.0,33.7833,-45.4927,-24.3748,-111.257,q1_graph4,2025-11-15 00:12:11,2025-11-15,319,46,11,0,phone,1,person,1,person,464579,516393
536906,1,557269,29212368,1.0,5.0,4.0,22.429,154.859,2.40053,-161.288,q1_graph4,2025-12-05 02:32:48,2025-12-05,339,49,12,2,phone,1,person,1,person,536906,557269
584457,1,585606,29318786,1.0,3.0,3.0,-24.475,-111.147,-25.2324,-110.18,q1_graph4,2025-12-06 08:06:26,2025-12-06,340,49,12,8,phone,1,person,1,person,584457,585606
492850,1,580798,29917227,1.0,3.0,2.0,-24.9904,-111.346,-21.1545,88.0749,q1_graph4,2025-12-13 06:20:27,2025-12-13,347,50,12,6,phone,1,person,1,person,492850,580798
639642,1,557269,30082351,1.0,5.0,4.0,21.5434,154.279,2.40053,-161.288,q1_graph4,2025-12-15 04:12:31,2025-12-15,349,51,12,4,phone,1,person,1,person,557269,639642
639642,0,655963,30173088,1.0,,,,,,,q1_graph4,2025-12-16 05:24:48,2025-12-16,350,51,12,5,email,1,person,1,person,639642,655963
464579,1,645371,30250956,1.0,0.0,4.0,33.7833,-45.4927,-3.35086,-162.18,q1_graph4,2025-12-17 03:02:36,2025-12-17,351,51,12,3,phone,1,person,1,person,464579,645371
655963,1,579305,30703951,1.0,0.0,0.0,29.4162,-45.8675,39.8886,-41.778,q1_graph4,2025-12-22 08:52:31,2025-12-22,356,52,12,8,phone,1,person,1,person,579305,655963
579305,1,655963,31126132,1.0,0.0,0.0,39.8886,-41.778,29.4162,-45.8675,q1_graph4,2025-12-27 06:08:52,2025-12-27,361,52,12,6,phone,1,person,1,person,579305,655963
594308,0,549840,105656,1.0,,,,,,,q1_graph5,2025-01-02 05:20:56,2025-01-02,2,1,1,5,email,1,person,1,person,549840,594308
483784,0,631903,975525,1.0,,,,,,,q1_graph5,2025-01-12 06:58:45,2025-01-12,12,2,1,6,email,1,person,1,person,483784,631903
549840,0,619322,1674004,1.0,,,,,,,q1_graph5,2025-01-20 09:00:04,2025-01-20,20,4,1,9,email,1,person,1,person,549840,619322
594308,1,477657,2053209,1.0,2.0,4.0,-24.1761,93.8902,-1.17279,-170.646,q1_graph5,2025-01-24 18:20:09,2025-01-24,24,4,1,18,phone,1,person,1,person,477657,594308
483784,1,619322,4699152,1.0,0.0,3.0,32.2503,-40.4067,-24.2286,-111.129,q1_graph5,2025-02-24 09:19:12,2025-02-24,55,9,2,9,phone,1,person,1,person,483784,619322
483784,1,561819,7920737,1.0,0.0,1.0,32.2503,-40.4067,-27.4766,-14.6148,q1_graph5,2025-04-02 16:12:17,2025-04-02,92,14,4,16,phone,1,person,1,person,483784,561819
477657,1,561819,8308267,1.0,4.0,1.0,-1.17279,-170.646,-27.4766,-14.6148,q1_graph5,2025-04-07 03:51:07,2025-04-07,97,15,4,3,phone,1,person,1,person,477657,561819
619322,1,530990,8590844,1.0,3.0,3.0,-24.2286,-111.129,-25.0313,-110.738,q1_graph5,2025-04-10 10:20:44,2025-04-10,100,15,4,10,phone,1,person,1,person,530990,619322
594308,1,631903,9699658,1.0,2.0,5.0,-24.1761,93.8902,25.5535,153.235,q1_graph5,2025-04-23 06:20:58,2025-04-23,113,17,4,6,phone,1,person,1,person,594308,631903
483784,1,549840,10909120,1.0,0.0,5.0,32.2503,-40.4067,22.5232,151.855,q1_graph5,2025-05-07 06:18:40,2025-05-07,127,19,5,6,phone,1,person,1,person,483784,549840
524153,0,594308,12269175,1.0,,,,,,,q1_graph5,2025-05-23 00:06:15,2025-05-23,143,21,5,0,email,1,person,1,person,524153,594308
524153,0,530990,12457852,1.0,,,,,,,q1_graph5,2025-05-25 04:30:52,2025-05-25,145,21,5,4,email,1,person,1,person,524153,530990
573137,1,530990,12960538,1.0,4.0,3.0,0.259451,-165.576,-25.0313,-110.738,q1_graph5,2025-05-31 00:08:58,2025-05-31,151,22,5,0,phone,1,person,1,person,530990,573137
573137,0,594308,13494250,1.0,,,,,,,q1_graph5,2025-06-06 04:24:10,2025-06-06,157,23,6,4,email,1,person,1,person,573137,594308
594308,1,549840,17145053,1.0,2.0,5.0,-24.1761,93.8902,22.5232,151.855,q1_graph5,2025-07-18 10:30:53,2025-07-18,199,29,7,10,phone,1,person,1,person,549840,594308
549840,0,477657,17222207,1.0,,,,,,,q1_graph5,2025-07-19 07:56:47,2025-07-19,200,29,7,7,email,1,person,1,person,477657,549840
477657,1,619322,17631014,1.0,4.0,3.0,-1.17279,-170.646,-24.2286,-111.129,q1_graph5,2025-07-24 01:30:14,2025-07-24,205,30,7,1,phone,1,person,1,person,477657,619322
530990,1,561819,19289575,1.0,3.0,1.0,-25.0313,-110.738,-27.4766,-14.6148,q1_graph5,2025-08-12 06:12:55,2025-08-12,224,33,8,6,phone,1,person,1,person,530990,561819
530990,1,561819,19519615,1.0,3.0,1.0,-25.0313,-110.738,-27.4766,-14.6148,q1_graph5,2025-08-14 22:06:55,2025-08-14,226,33,8,22,phone,1,person,1,person,530990,561819
631903,0,524153,19962775,1.0,,,,,,,q1_graph5,2025-08-20 01:12:55,2025-08-20,232,34,8,1,email,1,person,1,person,524153,631903
631903,0,530990,20238675,1.0,,,,,,,q1_graph5,2025-08-23 05:51:15,2025-08-23,235,34,8,5,email,1,person,1,person,530990,631903
619322,0,631903,20434873,1.0,,,,,,,q1_graph5,2025-08-25 12:21:13,2025-08-25,237,35,8,12,email,1,person,1,person,619322,631903
594308,0,631903,20774327,1.0,,,,,,,q1_graph5,2025-08-29 10:38:47,2025-08-29,241,35,8,10,email,1,person,1,person,594308,631903
483784,0,549840,22591259,1.0,,,,,,,q1_graph5,2025-09-19 11:20:59,2025-09-19,262,38,9,11,email,1,person,1,person,483784,549840
594308,1,561819,26279498,1.0,2.0,1.0,-24.1761,93.8902,-27.4766,-14.6148,q1_graph5,2025-11-01 03:51:38,2025-11-01,305,44,11,3,phone,1,person,1,person,561819,594308
631903,0,477657,26548331,1.0,,,,,,,q1_graph5,2025-11-04 06:32:11,2025-11-04,308,45,11,6,email,1,person,1,person,477657,631903
477657,0,573137,27310421,1.0,,,,,,,q1_graph5,2025-11-13 02:13:41,2025-11-13,317,46,11,2,email,1,person,1,person,477657,573137
549840,0,524153,28001444,1.0,,,,,,,q1_graph5,2025-11-21 02:10:44,2025-11-21,325,47,11,2,email,1,person,1,person,524153,549840
619322,0,530990,28392298,1.0,,,,,,,q1_graph5,2025-11-25 14:44:58,2025-11-25,329,48,11,14,email,1,person,1,person,530990,619322
561819,0,619322,29126902,1.0,,,,,,,q1_graph5,2025-12-04 02:48:22,2025-12-04,338,49,12,2,email,1,person,1,person,561819,619322
530990,1,561819,31198737,1.0,3.0,1.0,-25.0313,-110.738,-27.4766,-14.6148,q1_graph5,2025-12-28 02:18:57,2025-12-28,362,52,12,2,phone,1,person,1,person,530990,561819
