graph,person_id,category_id,direction,amount
template,2,630626,spending,5000.0
template,2,536346,spending,1000.0
template,2,520660,spending,3000.0
template,2,567195,spending,4000.0
template,2,527449,spending,100.0
template,2,459381,spending,900.0
template,2,595298,spending,2000.0
template,2,466907,spending,600.0
template,2,589943,spending,2000.0
template,2,577992,spending,3000.0
template,2,537281,spending,400.0
template,2,523927,spending,200.0
template,2,580426,spending,1000.0
template,2,595581,spending,3000.0
template,2,642329,spending,1000.0
template,2,503701,spending,1000.0
template,2,571970,spending,20.0
template,2,644226,spending,500.0
template,2,632961,spending,10.0
template,2,473173,spending,2000.0
template,2,620120,spending,5000.0
template,2,621924,spending,700.0
template,27,630626,spending,6000.0
template,27,536346,spending,900.0
template,27,520660,spending,6000.0
template,27,567195,spending,5000.0
template,27,527449,spending,400.0
template,27,459381,spending,700.0
template,27,595298,spending,700.0
template,27,466907,spending,600.0
template,27,589943,spending,5000.0
template,27,577992,spending,2000.0
template,27,537281,spending,50.0
template,27,595581,spending,1000.0
template,27,616315,spending,800.0
template,27,642329,spending,2000.0
template,27,503701,spending,4000.0
template,27,644226,spending,800.0
template,27,632961,spending,300.0
template,27,473173,spending,700.0
template,27,620120,spending,9000.0
template,29,630626,spending,6000.0
template,29,536346,spending,1000.0
template,29,567195,spending,4000.0
template,29,527449,spending,200.0
template,29,459381,spending,600.0
template,29,595298,spending,1000.0
template,29,466907,spending,800.0
template,29,589943,spending,2000.0
template,29,577992,spending,2000.0
template,29,537281,spending,200.0
template,29,595581,spending,500.0
template,29,616315,spending,400.0
template,29,642329,spending,100.0
template,29,503701,spending,1000.0
template,29,644226,spending,200.0
template,29,632961,spending,500.0
template,29,473173,spending,1000.0
template,29,620120,spending,6000.0
template,29,575030,spending,8000.0
template,29,621924,spending,400.0
template,31,503218,spending,500.0
template,31,630626,spending,4000.0
template,31,536346,spending,1000.0
template,31,520660,spending,2000.0
template,31,567195,spending,1000.0
template,31,527449,spending,400.0
template,31,459381,spending,500.0
template,31,595298,spending,1000.0
template,31,466907,spending,400.0
template,31,577992,spending,70.0
template,31,537281,spending,600.0
template,31,580426,spending,200.0
template,31,595581,spending,200.0
template,31,616315,spending,500.0
template,31,642329,spending,200.0
template,31,503701,spending,2000.0
template,31,644226,spending,1000.0
template,31,632961,spending,300.0
template,31,473173,spending,2000.0
template,31,620120,spending,700.0
template,31,575030,spending,5000.0
template,31,621924,spending,900.0
template,33,630626,spending,5000.0
template,33,567195,spending,2000.0
template,33,527449,spending,500.0
template,33,459381,spending,100.0
template,33,595298,spending,3000.0
template,33,466907,spending,500.0
template,33,577992,spending,400.0
template,33,537281,spending,200.0
template,33,523927,spending,3000.0
template,33,580426,spending,2000.0
template,33,595581,spending,2000.0
template,33,616315,spending,3000.0
template,33,642329,spending,900.0
template,33,503701,spending,900.0
template,33,632961,spending,500.0
template,33,473173,spending,3000.0
template,33,620120,spending,10000.0
template,33,575030,spending,4000.0
template,33,621924,spending,2000.0
template,34,630626,spending,3000.0
template,34,567195,spending,1000.0
template,34,527449,spending,200.0
template,34,459381,spending,200.0
template,34,595298,spending,40.0
template,34,589943,spending,300.0
template,34,537281,spending,600.0
template,34,523927,spending,2000.0
template,34,580426,spending,100.0
template,34,595581,spending,800.0
template,34,616315,spending,100.0
template,34,642329,spending,1000.0
template,34,503701,spending,3000.0
template,34,632961,spending,400.0
template,34,473173,spending,2000.0
template,34,620120,spending,1000.0
template,34,575030,spending,4000.0
template,34,621924,spending,30.0
template,35,630626,spending,6000.0
template,35,567195,spending,6000.0
template,35,527449,spending,80.0
template,35,459381,spending,600.0
template,35,595298,spending,1000.0
template,35,466907,spending,700.0
template,35,589943,spending,1000.0
template,35,537281,spending,1000.0
template,35,523927,spending,3000.0
template,35,642329,spending,2000.0
template,35,503701,spending,200.0
template,35,571970,spending,40.0
template,35,632961,spending,600.0
template,35,473173,spending,100.0
template,35,620120,spending,6000.0
template,35,575030,spending,6000.0
template,36,630626,spending,3000.0
template,36,567195,spending,1000.0
template,36,527449,spending,200.0
template,36,459381,spending,500.0
template,36,595298,spending,2000.0
template,36,466907,spending,300.0
template,36,589943,spending,1000.0
template,36,537281,spending,400.0
template,36,523927,spending,400.0
template,36,580426,spending,100.0
template,36,616315,spending,500.0
template,36,642329,spending,700.0
template,36,503701,spending,3000.0
template,36,571970,spending,200.0
template,36,632961,spending,500.0
template,36,473173,spending,2000.0
template,36,575030,spending,9000.0
template,37,630626,spending,2000.0
template,37,536346,spending,800.0
template,37,567195,spending,5000.0
template,37,527449,spending,400.0
template,37,459381,spending,200.0
template,37,595298,spending,2000.0
template,37,466907,spending,500.0
template,37,577992,spending,2000.0
template,37,523927,spending,1000.0
template,37,616315,spending,50.0
template,37,503701,spending,2000.0
template,37,571970,spending,60.0
template,37,644226,spending,1000.0
template,37,632961,spending,300.0
template,37,473173,spending,2000.0
template,37,621924,spending,300.0
template,38,630626,spending,600.0
template,38,567195,spending,3000.0
template,38,527449,spending,300.0
template,38,459381,spending,200.0
template,38,595298,spending,1000.0
template,38,466907,spending,600.0
template,38,589943,spending,600.0
template,38,577992,spending,1000.0
template,38,523927,spending,1000.0
template,38,580426,spending,70.0
template,38,595581,spending,500.0
template,38,616315,spending,800.0
template,38,503701,spending,2000.0
template,38,571970,spending,60.0
template,38,632961,spending,200.0
template,38,473173,spending,2000.0
template,39,527449,spending,200.0
template,39,459381,spending,200.0
template,39,595298,spending,1000.0
template,39,577992,spending,2000.0
template,39,537281,spending,300.0
template,39,523927,spending,2000.0
template,39,595581,spending,200.0
template,39,642329,spending,900.0
template,39,503701,spending,2000.0
template,39,571970,spending,90.0
template,39,473173,spending,800.0
template,39,620120,spending,1000.0
template,39,575030,spending,300.0
template,39,621924,spending,3000.0
template,40,503218,spending,500.0
template,40,567195,spending,700.0
template,40,527449,spending,100.0
template,40,459381,spending,400.0
template,40,595298,spending,1000.0
template,40,466907,spending,500.0
template,40,589943,spending,600.0
template,40,577992,spending,1000.0
template,40,537281,spending,1000.0
template,40,580426,spending,100.0
template,40,595581,spending,400.0
template,40,616315,spending,300.0
template,40,642329,spending,70.0
template,40,503701,spending,2000.0
template,40,571970,spending,300.0
template,40,473173,spending,2000.0
template,40,575030,spending,8000.0
template,41,567195,spending,1000.0
template,41,527449,spending,100.0
template,41,459381,spending,500.0
template,41,595298,spending,1000.0
template,41,466907,spending,70.0
template,41,589943,spending,2000.0
template,41,537281,spending,40.0
template,41,580426,spending,500.0
template,41,616315,spending,400.0
template,41,503701,spending,800.0
template,41,571970,spending,100.0
template,41,632961,spending,40.0
template,41,473173,spending,30.0
template,41,620120,spending,2000.0
template,41,575030,spending,400.0
template,42,567195,spending,700.0
template,42,527449,spending,200.0
template,42,459381,spending,700.0
template,42,595298,spending,2000.0
template,42,466907,spending,700.0
template,42,589943,spending,900.0
template,42,537281,spending,500.0
template,42,523927,spending,1000.0
template,42,595581,spending,300.0
template,42,616315,spending,600.0
template,42,642329,spending,800.0
template,42,503701,spending,1000.0
template,42,571970,spending,100.0
template,42,632961,spending,200.0
template,42,473173,spending,3000.0
template,42,620120,spending,400.0
template,42,621924,spending,600.0
template,43,503218,spending,700.0
template,43,567195,spending,400.0
template,43,527449,spending,100.0
template,43,459381,spending,400.0
template,43,595298,spending,1000.0
template,43,466907,spending,300.0
template,43,589943,spending,500.0
template,43,537281,spending,80.0
template,43,523927,spending,2000.0
template,43,580426,spending,500.0
template,43,616315,spending,1000.0
template,43,503701,spending,400.0
template,43,571970,spending,70.0
template,43,632961,spending,70.0
template,43,473173,spending,300.0
template,43,620120,spending,2000.0
template,43,575030,spending,6000.0
template,44,630626,spending,6000.0
template,44,567195,spending,6000.0
template,44,527449,spending,400.0
template,44,459381,spending,800.0
template,44,595298,spending,500.0
template,44,466907,spending,1000.0
template,44,589943,spending,3000.0
template,44,577992,spending,2000.0
template,44,523927,spending,5000.0
template,44,616315,spending,9000.0
template,44,642329,spending,900.0
template,44,571970,spending,200.0
template,44,632961,spending,400.0
template,44,473173,spending,2000.0
template,44,620120,spending,4000.0
template,44,575030,spending,7000.0
template,45,630626,spending,6000.0
template,45,536346,spending,2.0
template,45,520660,spending,3000.0
template,45,567195,spending,10000.0
template,45,527449,spending,200.0
template,45,459381,spending,800.0
template,45,595298,spending,3000.0
template,45,466907,spending,700.0
template,45,589943,spending,3000.0
template,45,577992,spending,1000.0
template,45,523927,spending,1000.0
template,45,580426,spending,200.0
template,45,595581,spending,4000.0
template,45,616315,spending,600.0
template,45,642329,spending,3000.0
template,45,571970,spending,60.0
template,45,644226,spending,800.0
template,45,632961,spending,300.0
template,45,473173,spending,900.0
template,45,620120,spending,8000.0
template,45,575030,spending,6000.0
template,45,621924,spending,2000.0
template,46,630626,spending,3000.0
template,46,536346,spending,2000.0
template,46,520660,spending,3000.0
template,46,567195,spending,700.0
template,46,527449,spending,50.0
template,46,459381,spending,200.0
template,46,595298,spending,5000.0
template,46,466907,spending,500.0
template,46,537281,spending,200.0
template,46,523927,spending,600.0
template,46,580426,spending,700.0
template,46,595581,spending,600.0
template,46,616315,spending,700.0
template,46,503701,spending,2000.0
template,46,644226,spending,2000.0
template,46,632961,spending,70.0
template,46,473173,spending,1000.0
template,46,620120,spending,3000.0
template,46,575030,spending,1000.0
template,46,621924,spending,1000.0
template,47,630626,spending,5000.0
template,47,567195,spending,3000.0
template,47,527449,spending,300.0
template,47,459381,spending,700.0
template,47,595298,spending,4000.0
template,47,466907,spending,600.0
template,47,589943,spending,200.0
template,47,523927,spending,2000.0
template,47,580426,spending,20.0
template,47,595581,spending,200.0
template,47,616315,spending,2000.0
template,47,503701,spending,500.0
template,47,571970,spending,80.0
template,47,473173,spending,600.0
template,47,620120,spending,900.0
template,47,575030,spending,4000.0
template,48,630626,spending,4000.0
template,48,567195,spending,5000.0
template,48,527449,spending,10.0
template,48,459381,spending,500.0
template,48,595298,spending,2000.0
template,48,466907,spending,900.0
template,48,537281,spending,500.0
template,48,523927,spending,3000.0
template,48,580426,spending,600.0
template,48,595581,spending,2000.0
template,48,616315,spending,100.0
template,48,503701,spending,200.0
template,48,632961,spending,500.0
template,48,473173,spending,300.0
template,48,620120,spending,6000.0
template,48,575030,spending,3000.0
template,49,640784,spending,1000.0
template,49,630626,spending,5000.0
template,49,536346,spending,200.0
template,49,520660,spending,2000.0
template,49,567195,spending,1000.0
template,49,527449,spending,300.0
template,49,459381,spending,500.0
template,49,595298,spending,3000.0
template,49,466907,spending,700.0
template,49,606730,spending,1000.0
template,49,589943,spending,4000.0
template,49,577992,spending,2000.0
template,49,580426,spending,1000.0
template,49,595581,spending,3000.0
template,49,616315,spending,400.0
template,49,642329,spending,400.0
template,49,503701,spending,3000.0
template,49,571970,spending,20.0
template,49,644226,spending,2000.0
template,49,632961,spending,300.0
template,49,473173,spending,300.0
template,49,620120,spending,6000.0
template,49,575030,spending,5000.0
template,49,621924,spending,3000.0
template,52,630626,spending,4000.0
template,52,536346,spending,2000.0
template,52,520660,spending,3000.0
template,52,527449,spending,70.0
template,52,459381,spending,7.0
template,52,595298,spending,4000.0
template,52,466907,spending,400.0
template,52,589943,spending,50.0
template,52,577992,spending,2000.0
template,52,523927,spending,2000.0
template,52,580426,spending,700.0
template,52,616315,spending,800.0
template,52,642329,spending,1000.0
template,52,503701,spending,4000.0
template,52,644226,spending,1000.0
template,52,632961,spending,20.0
template,52,473173,spending,3000.0
template,52,620120,spending,9000.0
template,52,575030,spending,5000.0
template,53,527449,spending,90.0
template,53,459381,spending,70.0
template,53,595298,spending,2000.0
template,53,466907,spending,2000.0
template,53,589943,spending,2000.0
template,53,537281,spending,600.0
template,53,523927,spending,400.0
template,53,595581,spending,3000.0
template,53,616315,spending,4000.0
template,53,642329,spending,900.0
template,53,503701,spending,6000.0
template,53,571970,spending,200.0
template,53,473173,spending,1000.0
template,53,621924,spending,400.0
template,54,567195,spending,4000.0
template,54,527449,spending,200.0
template,54,459381,spending,2000.0
template,54,595298,spending,1000.0
template,54,466907,spending,1000.0
template,54,589943,spending,2000.0
template,54,523927,spending,1000.0
template,54,580426,spending,900.0
template,54,616315,spending,4000.0
template,54,642329,spending,1000.0
template,54,503701,spending,3000.0
template,54,571970,spending,500.0
template,54,632961,spending,2000.0
template,54,473173,spending,1000.0
template,54,620120,spending,4000.0
template,54,575030,spending,500.0
template,54,621924,spending,10000.0
template,55,527449,spending,1000.0
template,55,459381,spending,600.0
template,55,595298,spending,5000.0
template,55,466907,spending,2000.0
template,55,523927,spending,1000.0
template,55,580426,spending,700.0
template,55,595581,spending,300.0
template,55,503701,spending,8000.0
template,55,473173,spending,6000.0
template,55,575030,spending,20000.0
template,55,621924,spending,4000.0
template,56,567195,spending,2000.0
template,56,527449,spending,300.0
template,56,459381,spending,2000.0
template,56,595298,spending,5000.0
template,56,466907,spending,1000.0
template,56,589943,spending,3000.0
template,56,537281,spending,2000.0
template,56,523927,spending,7000.0
template,56,595581,spending,2000.0
template,56,616315,spending,3000.0
template,56,642329,spending,400.0
template,56,503701,spending,5000.0
template,56,571970,spending,900.0
template,56,473173,spending,3000.0
template,56,620120,spending,800.0
template,56,575030,spending,7000.0
template,56,621924,spending,4000.0
template,57,503218,spending,4000.0
template,57,630626,spending,40000.0
template,57,536346,spending,5000.0
template,57,520660,spending,20000.0
template,57,567195,spending,40000.0
template,57,527449,spending,100.0
template,57,459381,spending,1000.0
template,57,595298,spending,10000.0
template,57,606730,spending,3000.0
template,57,589943,spending,10000.0
template,57,577992,spending,20000.0
template,57,523927,spending,20000.0
template,57,580426,spending,9000.0
template,57,642329,spending,6000.0
template,57,503701,spending,10000.0
template,57,571970,spending,200.0
template,57,644226,spending,9000.0
template,57,632961,spending,2000.0
template,57,473173,spending,3000.0
template,57,621924,spending,100000.0
template,58,527449,spending,90.0
template,58,459381,spending,3.0
template,58,595298,spending,1000.0
template,58,466907,spending,60.0
template,58,589943,spending,800.0
template,58,523927,spending,200.0
template,58,642329,spending,300.0
template,58,571970,spending,6.0
template,58,632961,spending,6.0
template,58,473173,spending,200.0
template,58,620120,spending,200.0
template,58,575030,spending,1000.0
template,58,621924,spending,400.0
template,59,567195,spending,300.0
template,59,527449,spending,200.0
template,59,459381,spending,100.0
template,59,595298,spending,500.0
template,59,466907,spending,200.0
template,59,577992,spending,500.0
template,59,595581,spending,400.0
template,59,642329,spending,20.0
template,59,503701,spending,200.0
template,59,571970,spending,50.0
template,59,632961,spending,30.0
template,59,473173,spending,200.0
template,59,620120,spending,600.0
template,59,575030,spending,3000.0
template,59,621924,spending,500.0
template,60,527449,spending,50.0
template,60,459381,spending,300.0
template,60,595298,spending,600.0
template,60,466907,spending,70.0
template,60,589943,spending,200.0
template,60,537281,spending,80.0
template,60,523927,spending,700.0
template,60,580426,spending,200.0
template,60,616315,spending,600.0
template,60,642329,spending,30.0
template,60,503701,spending,300.0
template,60,571970,spending,50.0
template,60,473173,spending,80.0
template,60,575030,spending,2000.0
template,61,630626,spending,3000.0
template,61,567195,spending,100.0
template,61,527449,spending,90.0
template,61,459381,spending,300.0
template,61,595298,spending,600.0
template,61,466907,spending,200.0
template,61,589943,spending,70.0
template,61,577992,spending,300.0
template,61,537281,spending,100.0
template,61,523927,spending,900.0
template,61,595581,spending,80.0
template,61,616315,spending,600.0
template,61,642329,spending,60.0
template,61,503701,spending,900.0
template,61,632961,spending,300.0
template,61,473173,spending,300.0
template,61,620120,spending,200.0
template,61,621924,spending,1000.0
template,62,630626,spending,2000.0
template,62,567195,spending,900.0
template,62,527449,spending,200.0
template,62,459381,spending,300.0
template,62,595298,spending,300.0
template,62,466907,spending,200.0
template,62,577992,spending,600.0
template,62,537281,spending,100.0
template,62,523927,spending,100.0
template,62,580426,spending,200.0
template,62,595581,spending,300.0
template,62,503701,spending,2000.0
template,62,571970,spending,60.0
template,62,632961,spending,100.0
template,62,473173,spending,90.0
template,62,620120,spending,1000.0
template,62,575030,spending,3000.0
template,63,630626,spending,5000.0
template,63,567195,spending,10000.0
template,63,527449,spending,100.0
template,63,459381,spending,400.0
template,63,595298,spending,2000.0
template,63,466907,spending,300.0
template,63,589943,spending,1000.0
template,63,537281,spending,80.0
template,63,523927,spending,80.0
template,63,580426,spending,1000.0
template,63,595581,spending,800.0
template,63,642329,spending,700.0
template,63,503701,spending,400.0
template,63,571970,spending,20.0
template,63,473173,spending,1000.0
template,63,575030,spending,3000.0
template,63,621924,spending,20000.0
template,64,630626,spending,2000.0
template,64,536346,spending,2000.0
template,64,520660,spending,1000.0
template,64,567195,spending,4000.0
template,64,527449,spending,100.0
template,64,459381,spending,500.0
template,64,595298,spending,1000.0
template,64,466907,spending,100.0
template,64,589943,spending,4000.0
template,64,577992,spending,700.0
template,64,523927,spending,500.0
template,64,580426,spending,400.0
template,64,503701,spending,2000.0
template,64,644226,spending,1000.0
template,64,473173,spending,200.0
template,64,620120,spending,6000.0
template,64,621924,spending,1000.0
template,65,630626,spending,2000.0
template,65,536346,spending,2000.0
template,65,520660,spending,2000.0
template,65,567195,spending,2000.0
template,65,527449,spending,400.0
template,65,459381,spending,400.0
template,65,595298,spending,1000.0
template,65,466907,spending,60.0
template,65,606730,spending,600.0
template,65,589943,spending,500.0
template,65,523927,spending,700.0
template,65,580426,spending,10.0
template,65,595581,spending,1000.0
template,65,616315,spending,600.0
template,65,642329,spending,700.0
template,65,503701,spending,500.0
template,65,571970,spending,20.0
template,65,644226,spending,500.0
template,65,632961,spending,200.0
template,65,473173,spending,400.0
template,65,620120,spending,2000.0
template,65,621924,spending,1000.0
template,0,630626,spending,4000.0
template,0,536346,spending,50.0
template,0,567195,spending,2000.0
template,0,527449,spending,200.0
template,0,459381,spending,300.0
template,0,595298,spending,3000.0
template,0,466907,spending,800.0
template,0,589943,spending,800.0
template,0,577992,spending,100.0
template,0,537281,spending,30.0
template,0,580426,spending,300.0
template,0,503701,spending,400.0
template,0,571970,spending,80.0
template,0,644226,spending,1000.0
template,0,473173,spending,1000.0
template,0,620120,spending,800.0
template,0,575030,spending,2000.0
template,0,621924,spending,1000.0
q1_graph1,608827,630626,spending,21699.3
q1_graph1,608827,567195,spending,15088.4
q1_graph1,608827,527449,spending,456.71
q1_graph1,608827,459381,spending,2378.6
q1_graph1,608827,595298,spending,5362.15
q1_graph1,608827,466907,spending,1689.16
q1_graph1,608827,589943,spending,8444.03
q1_graph1,608827,537281,spending,2111.52
q1_graph1,608827,580426,spending,385.87
q1_graph1,608827,595581,spending,1006.36
q1_graph1,608827,616315,spending,6192.98
q1_graph1,608827,642329,spending,6393.29
q1_graph1,608827,503701,spending,2935.06
q1_graph1,608827,632961,spending,116.31
q1_graph1,608827,473173,spending,4951.15
q1_graph1,608827,620120,spending,19480.8
q1_graph1,608827,575030,spending,14153.4
q1_graph1,608827,621924,spending,12677.5
q1_graph1,589639,630626,spending,25079.4
q1_graph1,589639,536346,spending,9368.15
q1_graph1,589639,520660,spending,12000.0
q1_graph1,589639,567195,spending,35981.5
q1_graph1,589639,527449,spending,1570.79
q1_graph1,589639,459381,spending,1177.72
q1_graph1,589639,595298,spending,6259.14
q1_graph1,589639,466907,spending,4315.51
q1_graph1,589639,589943,spending,17326.8
q1_graph1,589639,577992,spending,59222.4
q1_graph1,589639,595581,spending,6812.65
q1_graph1,589639,616315,spending,7992.34
q1_graph1,589639,642329,spending,10936.9
q1_graph1,589639,503701,spending,11748.4
q1_graph1,589639,571970,spending,922.08
q1_graph1,589639,644226,spending,4393.27
q1_graph1,589639,473173,spending,657.25
q1_graph1,589639,620120,spending,256705.0
q1_graph1,589639,575030,spending,22255.4
q1_graph1,589639,621924,spending,20611.7
q1_graph1,530528,630626,spending,8433.51
q1_graph1,530528,536346,spending,42.39
q1_graph1,530528,520660,spending,10454.0
q1_graph1,530528,567195,spending,3256.84
q1_graph1,530528,527449,spending,626.25
q1_graph1,530528,459381,spending,709.74
q1_graph1,530528,595298,spending,323.75
q1_graph1,530528,466907,spending,803.27
q1_graph1,530528,577992,spending,5401.11
q1_graph1,530528,523927,spending,566.66
q1_graph1,530528,580426,spending,1055.24
q1_graph1,530528,616315,spending,1263.37
q1_graph1,530528,642329,spending,1860.01
q1_graph1,530528,503701,spending,1056.28
q1_graph1,530528,571970,spending,572.39
q1_graph1,530528,644226,spending,2654.76
q1_graph1,530528,632961,spending,1258.56
q1_graph1,530528,473173,spending,2025.14
q1_graph1,530528,620120,spending,3136.11
q1_graph1,635706,630626,spending,32074.0
q1_graph1,635706,567195,spending,19509.3
q1_graph1,635706,527449,spending,707.75
q1_graph1,635706,459381,spending,2812.2
q1_graph1,635706,595298,spending,1346.38
q1_graph1,635706,466907,spending,1827.44
q1_graph1,635706,589943,spending,8451.08
q1_graph1,635706,537281,spending,179.25
q1_graph1,635706,580426,spending,6537.83
q1_graph1,635706,642329,spending,7422.71
q1_graph1,635706,503701,spending,5502.61
q1_graph1,635706,571970,spending,419.71
q1_graph1,635706,473173,spending,1568.36
q1_graph1,635706,620120,spending,288399.0
q1_graph1,635706,575030,spending,12879.0
q1_graph1,490041,630626,spending,3877.78
q1_graph1,490041,536346,spending,3898.0
q1_graph1,490041,520660,spending,3164.62
q1_graph1,490041,567195,spending,3425.74
q1_graph1,490041,527449,spending,190.9
q1_graph1,490041,459381,spending,944.51
q1_graph1,490041,595298,spending,2351.23
q1_graph1,490041,589943,spending,3472.76
q1_graph1,490041,537281,spending,2016.75
q1_graph1,490041,523927,spending,5981.19
q1_graph1,490041,616315,spending,541.23
q1_graph1,490041,642329,spending,2715.88
q1_graph1,490041,503701,spending,1124.28
q1_graph1,490041,571970,spending,755.36
q1_graph1,490041,644226,spending,1088.3
q1_graph1,490041,632961,spending,1277.89
q1_graph1,490041,473173,spending,546.79
q1_graph1,490041,620120,spending,902.7
q1_graph1,490041,575030,spending,989.2
q1_graph1,490041,621924,spending,309.48
q1_graph1,554431,630626,spending,8432.04
q1_graph1,554431,567195,spending,4869.66
q1_graph1,554431,527449,spending,477.21
q1_graph1,554431,459381,spending,991.31
q1_graph1,554431,595298,spending,1022.79
q1_graph1,554431,466907,spending,1592.45
q1_graph1,554431,589943,spending,2292.69
q1_graph1,554431,537281,spending,575.81
q1_graph1,554431,523927,spending,2100.87
q1_graph1,554431,580426,spending,507.66
q1_graph1,554431,595581,spending,864.5
q1_graph1,554431,642329,spending,3608.19
q1_graph1,554431,503701,spending,11532.2
q1_graph1,554431,571970,spending,109.57
q1_graph1,554431,473173,spending,2609.97
q1_graph1,554431,575030,spending,8023.05
q1_graph1,554431,621924,spending,4588.96
q1_graph1,599956,630626,spending,15128.2
q1_graph1,599956,536346,spending,2378.96
q1_graph1,599956,520660,spending,11521.2
q1_graph1,599956,567195,spending,14199.5
q1_graph1,599956,527449,spending,1287.62
q1_graph1,599956,459381,spending,1200.8
q1_graph1,599956,595298,spending,5424.06
q1_graph1,599956,466907,spending,1734.92
q1_graph1,599956,589943,spending,4308.22
q1_graph1,599956,577992,spending,573.69
q1_graph1,599956,537281,spending,3138.12
q1_graph1,599956,523927,spending,2612.14
q1_graph1,599956,642329,spending,4236.9
q1_graph1,599956,503701,spending,5658.37
q1_graph1,599956,644226,spending,801.56
q1_graph1,599956,473173,spending,3394.47
q1_graph1,599956,620120,spending,6039.55
q1_graph1,599956,575030,spending,33836.2
q1_graph1,599956,621924,spending,4397.31
q1_graph1,566342,630626,spending,2836.39
q1_graph1,566342,527449,spending,239.28
q1_graph1,566342,459381,spending,928.67
q1_graph1,566342,595298,spending,2976.7
q1_graph1,566342,466907,spending,1503.23
q1_graph1,566342,589943,spending,1392.07
q1_graph1,566342,577992,spending,1673.49
q1_graph1,566342,537281,spending,729.47
q1_graph1,566342,523927,spending,695.41
q1_graph1,566342,616315,spending,2325.96
q1_graph1,566342,642329,spending,3830.14
q1_graph1,566342,571970,spending,409.84
q1_graph1,566342,632961,spending,730.67
q1_graph1,566342,473173,spending,350.38
q1_graph1,566342,620120,spending,201.24
q1_graph1,566342,575030,spending,4154.76
q1_graph1,566342,621924,spending,1246.31
q1_graph1,548513,630626,spending,5458.02
q1_graph1,548513,536346,spending,3302.11
q1_graph1,548513,520660,spending,7279.05
q1_graph1,548513,567195,spending,3345.4
q1_graph1,548513,527449,spending,706.38
q1_graph1,548513,459381,spending,2555.54
q1_graph1,548513,595298,spending,6392.63
q1_graph1,548513,589943,spending,1499.5
q1_graph1,548513,580426,spending,479.26
q1_graph1,548513,595581,spending,4817.44
q1_graph1,548513,571970,spending,60.39
q1_graph1,548513,644226,spending,1464.26
q1_graph1,548513,473173,spending,1129.58
q1_graph1,548513,621924,spending,989.89
q1_graph1,599057,630626,spending,11194.7
q1_graph1,599057,536346,spending,937.43
q1_graph1,599057,520660,spending,1584.35
q1_graph1,599057,567195,spending,4545.13
q1_graph1,599057,527449,spending,50.84
q1_graph1,599057,459381,spending,1671.82
q1_graph1,599057,595298,spending,151.14
q1_graph1,599057,466907,spending,607.33
q1_graph1,599057,589943,spending,2235.21
q1_graph1,599057,577992,spending,121.9
q1_graph1,599057,523927,spending,1013.67
q1_graph1,599057,595581,spending,1123.79
q1_graph1,599057,616315,spending,2716.78
q1_graph1,599057,503701,spending,7222.34
q1_graph1,599057,644226,spending,2032.53
q1_graph1,599057,632961,spending,147.47
q1_graph1,599057,473173,spending,5174.1
q1_graph1,599057,621924,spending,3217.81
q1_graph1,568093,527449,spending,423.63
q1_graph1,568093,459381,spending,1351.29
q1_graph1,568093,595298,spending,6929.54
q1_graph1,568093,466907,spending,462.8
q1_graph1,568093,589943,spending,2057.6
q1_graph1,568093,577992,spending,5152.55
q1_graph1,568093,580426,spending,276.35
q1_graph1,568093,595581,spending,3047.35
q1_graph1,568093,616315,spending,4470.49
q1_graph1,568093,503701,spending,1230.07
q1_graph1,568093,632961,spending,55.9
q1_graph1,568093,473173,spending,1626.36
q1_graph1,568093,620120,spending,2087.31
q1_graph1,568093,621924,spending,1770.99
q1_graph1,464459,567195,spending,1167.72
q1_graph1,464459,527449,spending,534.04
q1_graph1,464459,459381,spending,1702.6
q1_graph1,464459,595298,spending,2991.42
q1_graph1,464459,466907,spending,1601.52
q1_graph1,464459,577992,spending,3184.21
q1_graph1,464459,537281,spending,1845.19
q1_graph1,464459,523927,spending,1784.67
q1_graph1,464459,595581,spending,4296.71
q1_graph1,464459,616315,spending,3261.55
q1_graph1,464459,571970,spending,763.63
q1_graph1,464459,632961,spending,699.42
q1_graph1,464459,473173,spending,1690.82
q1_graph1,464459,575030,spending,6587.65
q1_graph1,464459,621924,spending,5937.72
q1_graph1,635665,640784,spending,197.19
q1_graph1,635665,567195,spending,2739.08
q1_graph1,635665,527449,spending,39.34
q1_graph1,635665,459381,spending,1448.59
q1_graph1,635665,595298,spending,4378.48
q1_graph1,635665,577992,spending,3826.62
q1_graph1,635665,537281,spending,377.01
q1_graph1,635665,580426,spending,698.17
q1_graph1,635665,642329,spending,1576.24
q1_graph1,635665,503701,spending,5382.42
q1_graph1,635665,632961,spending,896.83
q1_graph1,635665,473173,spending,4052.61
q1_graph1,635665,620120,spending,5472.26
q1_graph1,635665,575030,spending,34041.9
q1_graph1,635665,621924,spending,461.46
q1_graph1,474199,567195,spending,195.8
q1_graph1,474199,527449,spending,619.57
q1_graph1,474199,459381,spending,199.86
q1_graph1,474199,595298,spending,900.45
q1_graph1,474199,589943,spending,1383.94
q1_graph1,474199,577992,spending,134.4
q1_graph1,474199,537281,spending,101.17
q1_graph1,474199,580426,spending,739.24
q1_graph1,474199,595581,spending,314.86
q1_graph1,474199,642329,spending,229.05
q1_graph1,474199,571970,spending,134.02
q1_graph1,474199,473173,spending,826.39
q1_graph1,474199,575030,spending,3106.61
q1_graph1,475130,527449,spending,296.73
q1_graph1,475130,459381,spending,464.59
q1_graph1,475130,595298,spending,760.17
q1_graph1,475130,466907,spending,750.34
q1_graph1,475130,589943,spending,2085.7
q1_graph1,475130,577992,spending,48.06
q1_graph1,475130,537281,spending,227.9
q1_graph1,475130,523927,spending,873.6
q1_graph1,475130,580426,spending,606.11
q1_graph1,475130,595581,spending,923.51
q1_graph1,475130,616315,spending,691.64
q1_graph1,475130,642329,spending,233.2
q1_graph1,475130,503701,spending,1402.55
q1_graph1,475130,571970,spending,32.31
q1_graph1,475130,632961,spending,136.86
q1_graph1,475130,473173,spending,1083.35
q1_graph1,475130,620120,spending,598.5
q1_graph1,596193,527449,spending,25.88
q1_graph1,596193,459381,spending,498.56
q1_graph1,596193,595298,spending,3494.46
q1_graph1,596193,466907,spending,215.51
q1_graph1,596193,577992,spending,5715.91
q1_graph1,596193,523927,spending,80.41
q1_graph1,596193,580426,spending,114.24
q1_graph1,596193,642329,spending,762.62
q1_graph1,596193,503701,spending,3200.76
q1_graph1,596193,571970,spending,5.5
q1_graph1,596193,632961,spending,505.63
q1_graph1,596193,473173,spending,512.2
q1_graph1,596193,620120,spending,1413.95
q1_graph1,596193,575030,spending,740.74
q1_graph1,596193,621924,spending,5373.2
q1_graph1,576641,567195,spending,101.93
q1_graph1,576641,527449,spending,57.7
q1_graph1,576641,459381,spending,385.35
q1_graph1,576641,595298,spending,1277.17
q1_graph1,576641,466907,spending,607.0
q1_graph1,576641,589943,spending,564.31
q1_graph1,576641,537281,spending,276.28
q1_graph1,576641,523927,spending,496.73
q1_graph1,576641,580426,spending,480.73
q1_graph1,576641,595581,spending,878.76
q1_graph1,576641,503701,spending,1617.76
q1_graph1,576641,571970,spending,62.22
q1_graph1,576641,473173,spending,349.8
q1_graph1,576641,620120,spending,532.92
q1_graph1,576641,575030,spending,367.71
q1_graph1,550361,630626,spending,2681.86
q1_graph1,550361,536346,spending,1078.75
q1_graph1,550361,567195,spending,2912.89
q1_graph1,550361,527449,spending,114.69
q1_graph1,550361,459381,spending,235.5
q1_graph1,550361,595298,spending,1135.49
q1_graph1,550361,589943,spending,2474.91
q1_graph1,550361,537281,spending,489.54
q1_graph1,550361,523927,spending,94.05
q1_graph1,550361,580426,spending,382.99
q1_graph1,550361,595581,spending,820.04
q1_graph1,550361,642329,spending,201.32
q1_graph1,550361,503701,spending,1870.79
q1_graph1,550361,571970,spending,152.14
q1_graph1,550361,644226,spending,1378.84
q1_graph1,550361,473173,spending,333.88
q1_graph1,550361,620120,spending,94.43
q1_graph1,550361,575030,spending,3691.55
q1_graph1,550361,621924,spending,626.0
q1_graph1,463777,630626,spending,583.52
q1_graph1,463777,536346,spending,763.66
q1_graph1,463777,520660,spending,1823.5
q1_graph1,463777,567195,spending,851.71
q1_graph1,463777,527449,spending,193.02
q1_graph1,463777,459381,spending,436.8
q1_graph1,463777,595298,spending,1409.48
q1_graph1,463777,466907,spending,208.84
q1_graph1,463777,589943,spending,427.55
q1_graph1,463777,577992,spending,4864.11
q1_graph1,463777,537281,spending,474.25
q1_graph1,463777,523927,spending,1561.97
q1_graph1,463777,580426,spending,316.86
q1_graph1,463777,595581,spending,693.07
q1_graph1,463777,616315,spending,1471.99
q1_graph1,463777,503701,spending,1690.67
q1_graph1,463777,644226,spending,205.66
q1_graph1,463777,632961,spending,73.59
q1_graph1,463777,473173,spending,522.83
q1_graph1,463777,575030,spending,2870.09
q1_graph1,463777,621924,spending,4575.82
q1_graph1,654763,503218,spending,566.76
q1_graph1,654763,630626,spending,4412.63
q1_graph1,654763,567195,spending,1941.65
q1_graph1,654763,527449,spending,399.58
q1_graph1,654763,459381,spending,613.32
q1_graph1,654763,595298,spending,3795.32
q1_graph1,654763,466907,spending,511.93
q1_graph1,654763,589943,spending,2217.83
q1_graph1,654763,537281,spending,1069.28
q1_graph1,654763,580426,spending,169.61
q1_graph1,654763,595581,spending,1643.03
q1_graph1,654763,642329,spending,50.58
q1_graph1,654763,503701,spending,1933.55
q1_graph1,654763,632961,spending,431.16
q1_graph1,654763,473173,spending,81.33
q1_graph1,654763,620120,spending,319.93
q1_graph1,654763,575030,spending,568.9
q1_graph1,654763,621924,spending,1537.07
q1_graph1,529922,630626,spending,6042.72
q1_graph1,529922,536346,spending,561.9
q1_graph1,529922,520660,spending,1056.71
q1_graph1,529922,567195,spending,889.15
q1_graph1,529922,527449,spending,233.11
q1_graph1,529922,459381,spending,388.16
q1_graph1,529922,595298,spending,2032.07
q1_graph1,529922,466907,spending,512.78
q1_graph1,529922,589943,spending,3011.76
q1_graph1,529922,577992,spending,920.72
q1_graph1,529922,523927,spending,690.54
q1_graph1,529922,580426,spending,481.91
q1_graph1,529922,595581,spending,2047.56
q1_graph1,529922,616315,spending,1647.79
q1_graph1,529922,642329,spending,220.36
q1_graph1,529922,503701,spending,3689.19
q1_graph1,529922,571970,spending,119.01
q1_graph1,529922,644226,spending,1072.89
q1_graph1,529922,632961,spending,390.31
q1_graph1,529922,473173,spending,1715.33
q1_graph1,529922,620120,spending,7263.71
q1_graph1,529922,575030,spending,9216.46
q1_graph1,529922,621924,spending,1790.27
q1_graph1,599063,630626,spending,2267.03
q1_graph1,599063,536346,spending,1307.49
q1_graph1,599063,520660,spending,2061.29
q1_graph1,599063,567195,spending,960.36
q1_graph1,599063,527449,spending,54.66
q1_graph1,599063,459381,spending,414.66
q1_graph1,599063,595298,spending,2085.13
q1_graph1,599063,606730,spending,1092.76
q1_graph1,599063,589943,spending,1526.12
q1_graph1,599063,577992,spending,554.65
q1_graph1,599063,523927,spending,1346.45
q1_graph1,599063,616315,spending,1443.58
q1_graph1,599063,642329,spending,581.21
q1_graph1,599063,503701,spending,3459.56
q1_graph1,599063,644226,spending,2836.08
q1_graph1,599063,632961,spending,507.66
q1_graph1,599063,473173,spending,2708.54
q1_graph1,599063,620120,spending,3118.43
q1_graph1,599063,621924,spending,746.42
q1_graph1,622296,630626,spending,5301.05
q1_graph1,622296,536346,spending,942.41
q1_graph1,622296,520660,spending,3331.5
q1_graph1,622296,567195,spending,2796.56
q1_graph1,622296,527449,spending,170.12
q1_graph1,622296,459381,spending,667.4
q1_graph1,622296,595298,spending,567.63
q1_graph1,622296,466907,spending,554.54
q1_graph1,622296,589943,spending,2927.57
q1_graph1,622296,577992,spending,750.85
q1_graph1,622296,595581,spending,2215.35
q1_graph1,622296,616315,spending,1981.13
q1_graph1,622296,503701,spending,2446.33
q1_graph1,622296,571970,spending,164.15
q1_graph1,622296,644226,spending,623.17
q1_graph1,622296,632961,spending,229.1
q1_graph1,622296,473173,spending,347.59
q1_graph1,622296,620120,spending,4579.47
q1_graph1,622296,575030,spending,965.86
q1_graph1,622296,621924,spending,19.92
q1_graph1,512397,640784,spending,1119.13
q1_graph1,512397,630626,spending,6106.78
q1_graph1,512397,536346,spending,881.23
q1_graph1,512397,520660,spending,4200.84
q1_graph1,512397,567195,spending,4880.51
q1_graph1,512397,527449,spending,343.32
q1_graph1,512397,459381,spending,993.54
q1_graph1,512397,595298,spending,2840.81
q1_graph1,512397,466907,spending,711.5
q1_graph1,512397,606730,spending,1254.79
q1_graph1,512397,577992,spending,739.49
q1_graph1,512397,537281,spending,732.21
q1_graph1,512397,523927,spending,3252.44
q1_graph1,512397,595581,spending,6308.05
q1_graph1,512397,616315,spending,321.43
q1_graph1,512397,642329,spending,1180.66
q1_graph1,512397,571970,spending,22.79
q1_graph1,512397,644226,spending,1984.33
q1_graph1,512397,632961,spending,913.17
q1_graph1,512397,473173,spending,4962.24
q1_graph1,512397,620120,spending,4388.86
q1_graph1,512397,575030,spending,11068.6
q1_graph1,512397,621924,spending,2487.82
q1_graph1,493044,630626,spending,5087.5
q1_graph1,493044,536346,spending,1472.52
q1_graph1,493044,520660,spending,822.4
q1_graph1,493044,567195,spending,1684.01
q1_graph1,493044,527449,spending,377.6
q1_graph1,493044,459381,spending,224.81
q1_graph1,493044,595298,spending,1684.21
q1_graph1,493044,466907,spending,658.91
q1_graph1,493044,537281,spending,1094.45
q1_graph1,493044,523927,spending,75.77
q1_graph1,493044,580426,spending,130.79
q1_graph1,493044,595581,spending,1412.76
q1_graph1,493044,642329,spending,125.63
q1_graph1,493044,503701,spending,2554.09
q1_graph1,493044,644226,spending,1702.58
q1_graph1,493044,632961,spending,45.08
q1_graph1,493044,473173,spending,1858.42
q1_graph1,493044,620120,spending,774.25
q1_graph1,493044,575030,spending,7441.46
q1_graph1,493044,621924,spending,1167.94
q1_graph1,592414,567195,spending,5063.82
q1_graph1,592414,527449,spending,576.89
q1_graph1,592414,459381,spending,1265.29
q1_graph1,592414,595298,spending,3137.79
q1_graph1,592414,466907,spending,1107.68
q1_graph1,592414,589943,spending,5302.38
q1_graph1,592414,577992,spending,1441.09
q1_graph1,592414,537281,spending,720.36
q1_graph1,592414,523927,spending,4573.48
q1_graph1,592414,580426,spending,483.1
q1_graph1,592414,595581,spending,2658.66
q1_graph1,592414,616315,spending,3429.01
q1_graph1,592414,642329,spending,1882.53
q1_graph1,592414,503701,spending,2522.31
q1_graph1,592414,571970,spending,243.81
q1_graph1,592414,473173,spending,725.17
q1_graph1,575704,527449,spending,749.74
q1_graph1,575704,459381,spending,2391.69
q1_graph1,575704,595298,spending,4273.66
q1_graph1,575704,606730,spending,196.03
q1_graph1,575704,589943,spending,9784.56
q1_graph1,575704,537281,spending,1557.66
q1_graph1,575704,523927,spending,1911.13
q1_graph1,575704,580426,spending,693.04
q1_graph1,575704,595581,spending,4613.15
q1_graph1,575704,503701,spending,2660.68
q1_graph1,575704,632961,spending,849.79
q1_graph1,575704,473173,spending,3479.68
q1_graph1,575704,620120,spending,2255.94
q1_graph1,654981,567195,spending,1787.56
q1_graph1,654981,527449,spending,558.05
q1_graph1,654981,459381,spending,1805.45
q1_graph1,654981,595298,spending,1269.47
q1_graph1,654981,466907,spending,655.88
q1_graph1,654981,577992,spending,5306.54
q1_graph1,654981,537281,spending,244.2
q1_graph1,654981,523927,spending,2434.08
q1_graph1,654981,580426,spending,386.83
q1_graph1,654981,595581,spending,986.55
q1_graph1,654981,503701,spending,586.73
q1_graph1,654981,571970,spending,499.85
q1_graph1,654981,632961,spending,620.87
q1_graph1,654981,473173,spending,732.43
q1_graph1,654981,620120,spending,2151.07
q1_graph1,575859,567195,spending,477.89
q1_graph1,575859,527449,spending,132.1
q1_graph1,575859,459381,spending,766.88
q1_graph1,575859,595298,spending,366.2
q1_graph1,575859,589943,spending,1168.58
q1_graph1,575859,537281,spending,2274.47
q1_graph1,575859,523927,spending,976.38
q1_graph1,575859,580426,spending,779.37
q1_graph1,575859,595581,spending,2474.64
q1_graph1,575859,503701,spending,183.4
q1_graph1,575859,473173,spending,440.95
q1_graph1,575859,620120,spending,1543.6
q1_graph1,575859,575030,spending,9070.65
q1_graph1,575859,621924,spending,1296.75
q1_graph1,640464,567195,spending,3406.61
q1_graph1,640464,527449,spending,493.08
q1_graph1,640464,459381,spending,2318.11
q1_graph1,640464,595298,spending,5720.56
q1_graph1,640464,466907,spending,1136.42
q1_graph1,640464,589943,spending,162.29
q1_graph1,640464,577992,spending,7905.27
q1_graph1,640464,537281,spending,20.21
q1_graph1,640464,523927,spending,899.28
q1_graph1,640464,580426,spending,129.52
q1_graph1,640464,595581,spending,1315.33
q1_graph1,640464,616315,spending,4161.23
q1_graph1,640464,571970,spending,426.58
q1_graph1,640464,632961,spending,422.5
q1_graph1,640464,473173,spending,1259.0
q1_graph1,640464,621924,spending,3780.69
q1_graph1,505722,503218,spending,4118.47
q1_graph1,505722,630626,spending,34840.3
q1_graph1,505722,567195,spending,62750.4
q1_graph1,505722,527449,spending,238.75
q1_graph1,505722,459381,spending,1721.87
q1_graph1,505722,595298,spending,6060.91
q1_graph1,505722,466907,spending,4593.29
q1_graph1,505722,589943,spending,20056.8
q1_graph1,505722,537281,spending,1137.66
q1_graph1,505722,580426,spending,3425.98
q1_graph1,505722,595581,spending,11587.2
q1_graph1,505722,616315,spending,14641.3
q1_graph1,505722,642329,spending,11493.8
q1_graph1,505722,503701,spending,12163.6
q1_graph1,505722,473173,spending,8086.96
q1_graph1,505722,620120,spending,9231.82
q1_graph1,505722,621924,spending,9236.96
q1_graph1,517273,630626,spending,18476.7
q1_graph1,517273,527449,spending,461.18
q1_graph1,517273,459381,spending,1589.03
q1_graph1,517273,595298,spending,18128.6
q1_graph1,517273,466907,spending,3709.53
q1_graph1,517273,589943,spending,6858.84
q1_graph1,517273,577992,spending,8669.64
q1_graph1,517273,523927,spending,1775.55
q1_graph1,517273,580426,spending,286.56
q1_graph1,517273,595581,spending,8511.84
q1_graph1,517273,616315,spending,5037.65
q1_graph1,517273,642329,spending,3021.52
q1_graph1,517273,503701,spending,5355.92
q1_graph1,517273,571970,spending,436.23
q1_graph1,517273,632961,spending,2229.71
q1_graph1,517273,473173,spending,1112.61
q1_graph1,517273,620120,spending,20241.9
q1_graph1,517273,575030,spending,14630.5
q1_graph1,517273,621924,spending,1370.28
q1_graph1,492286,630626,spending,12542.5
q1_graph1,492286,567195,spending,14538.3
q1_graph1,492286,527449,spending,883.83
q1_graph1,492286,459381,spending,1166.8
q1_graph1,492286,595298,spending,2904.37
q1_graph1,492286,466907,spending,1376.82
q1_graph1,492286,537281,spending,598.14
q1_graph1,492286,523927,spending,5422.26
q1_graph1,492286,595581,spending,5061.07
q1_graph1,492286,616315,spending,7666.8
q1_graph1,492286,642329,spending,905.48
q1_graph1,492286,503701,spending,4242.92
q1_graph1,492286,571970,spending,260.88
q1_graph1,492286,632961,spending,1609.83
q1_graph1,492286,473173,spending,794.47
q1_graph1,492286,620120,spending,15251.0
q1_graph1,492286,575030,spending,39657.7
q1_graph1,492286,621924,spending,72.49
q1_graph1,636961,503218,spending,1323.6
q1_graph1,636961,630626,spending,3939.83
q1_graph1,636961,567195,spending,2846.66
q1_graph1,636961,527449,spending,884.99
q1_graph1,636961,459381,spending,2423.74
q1_graph1,636961,595298,spending,375.3
q1_graph1,636961,466907,spending,587.83
q1_graph1,636961,589943,spending,0.46
q1_graph1,636961,577992,spending,450.03
q1_graph1,636961,537281,spending,274.65
q1_graph1,636961,523927,spending,3215.16
q1_graph1,636961,580426,spending,76.17
q1_graph1,636961,595581,spending,917.55
q1_graph1,636961,642329,spending,5236.45
q1_graph1,636961,503701,spending,2976.51
q1_graph1,636961,571970,spending,559.3
q1_graph1,636961,473173,spending,410.44
q1_graph1,636961,621924,spending,2524.68
q1_graph1,570411,630626,spending,15868.4
q1_graph1,570411,536346,spending,5580.8
q1_graph1,570411,520660,spending,5688.59
q1_graph1,570411,567195,spending,17179.0
q1_graph1,570411,527449,spending,574.26
q1_graph1,570411,459381,spending,1991.54
q1_graph1,570411,595298,spending,2665.72
q1_graph1,570411,466907,spending,690.53
q1_graph1,570411,577992,spending,1689.51
q1_graph1,570411,580426,spending,1317.79
q1_graph1,570411,595581,spending,3426.73
q1_graph1,570411,503701,spending,2200.13
q1_graph1,570411,571970,spending,578.66
q1_graph1,570411,644226,spending,4046.65
q1_graph1,570411,473173,spending,985.43
q1_graph1,570411,620120,spending,12330.7
q1_graph1,570411,575030,spending,5599.51
q1_graph1,570411,621924,spending,2276.97
q1_graph1,623295,567195,spending,699.55
q1_graph1,623295,527449,spending,182.71
q1_graph1,623295,459381,spending,216.96
q1_graph1,623295,595298,spending,785.52
q1_graph1,623295,466907,spending,656.77
q1_graph1,623295,589943,spending,1949.02
q1_graph1,623295,577992,spending,325.56
q1_graph1,623295,537281,spending,691.26
q1_graph1,623295,523927,spending,1906.6
q1_graph1,623295,595581,spending,802.67
q1_graph1,623295,503701,spending,1189.79
q1_graph1,623295,473173,spending,1553.68
q1_graph1,623295,620120,spending,1131.2
q1_graph1,623295,621924,spending,1099.51
q1_graph1,492777,630626,spending,2838.79
q1_graph1,492777,567195,spending,1073.08
q1_graph1,492777,527449,spending,124.26
q1_graph1,492777,459381,spending,360.75
q1_graph1,492777,595298,spending,611.56
q1_graph1,492777,466907,spending,128.47
q1_graph1,492777,589943,spending,1598.66
q1_graph1,492777,580426,spending,185.63
q1_graph1,492777,616315,spending,535.22
q1_graph1,492777,642329,spending,815.28
q1_graph1,492777,503701,spending,1619.79
q1_graph1,492777,571970,spending,146.65
q1_graph1,492777,632961,spending,147.32
q1_graph1,492777,473173,spending,1461.98
q1_graph1,492777,575030,spending,6491.57
q1_graph1,492777,621924,spending,1518.45
q1_graph1,629717,630626,spending,4249.15
q1_graph1,629717,567195,spending,2015.43
q1_graph1,629717,527449,spending,73.2
q1_graph1,629717,459381,spending,889.2
q1_graph1,629717,595298,spending,2575.65
q1_graph1,629717,466907,spending,312.96
q1_graph1,629717,589943,spending,2726.24
q1_graph1,629717,577992,spending,1563.82
q1_graph1,629717,523927,spending,654.51
q1_graph1,629717,580426,spending,245.42
q1_graph1,629717,616315,spending,2484.21
q1_graph1,629717,642329,spending,192.93
q1_graph1,629717,503701,spending,1856.92
q1_graph1,629717,632961,spending,281.98
q1_graph1,629717,473173,spending,478.91
q1_graph1,629717,620120,spending,843.46
q1_graph1,629717,575030,spending,4168.46
q1_graph1,629717,621924,spending,296.54
q1_graph1,502591,630626,spending,4144.78
q1_graph1,502591,536346,spending,1101.4
q1_graph1,502591,520660,spending,4874.08
q1_graph1,502591,567195,spending,536.87
q1_graph1,502591,527449,spending,768.82
q1_graph1,502591,459381,spending,382.45
q1_graph1,502591,595298,spending,4093.29
q1_graph1,502591,466907,spending,631.99
q1_graph1,502591,577992,spending,1369.2
q1_graph1,502591,537281,spending,1399.54
q1_graph1,502591,523927,spending,266.52
q1_graph1,502591,595581,spending,2099.77
q1_graph1,502591,616315,spending,2810.98
q1_graph1,502591,503701,spending,5503.51
q1_graph1,502591,571970,spending,218.21
q1_graph1,502591,644226,spending,814.8
q1_graph1,502591,632961,spending,488.63
q1_graph1,502591,473173,spending,669.18
q1_graph1,502591,620120,spending,9247.45
q1_graph1,502591,621924,spending,2572.76
q1_graph1,569820,640784,spending,273.24
q1_graph1,569820,630626,spending,8464.39
q1_graph1,569820,567195,spending,2942.39
q1_graph1,569820,527449,spending,87.4
q1_graph1,569820,459381,spending,629.72
q1_graph1,569820,595298,spending,3574.6
q1_graph1,569820,466907,spending,808.95
q1_graph1,569820,606730,spending,534.52
q1_graph1,569820,589943,spending,5383.92
q1_graph1,569820,537281,spending,647.27
q1_graph1,569820,523927,spending,3093.55
q1_graph1,569820,580426,spending,2682.75
q1_graph1,569820,595581,spending,2875.99
q1_graph1,569820,642329,spending,1345.06
q1_graph1,569820,503701,spending,3718.44
q1_graph1,569820,571970,spending,604.29
q1_graph1,569820,632961,spending,1512.55
q1_graph1,569820,473173,spending,97.31
q1_graph1,569820,620120,spending,73919.0
q1_graph1,569820,575030,spending,7133.86
q1_graph1,569820,621924,spending,6704.79
q1_graph1,591682,640784,spending,1502.74
q1_graph1,591682,630626,spending,5662.73
q1_graph1,591682,536346,spending,678.13
q1_graph1,591682,520660,spending,986.71
q1_graph1,591682,527449,spending,218.03
q1_graph1,591682,459381,spending,622.49
q1_graph1,591682,595298,spending,3245.92
q1_graph1,591682,466907,spending,946.77
q1_graph1,591682,589943,spending,1180.7
q1_graph1,591682,537281,spending,712.92
q1_graph1,591682,523927,spending,2053.41
q1_graph1,591682,580426,spending,220.8
q1_graph1,591682,595581,spending,2019.74
q1_graph1,591682,616315,spending,943.81
q1_graph1,591682,642329,spending,599.59
q1_graph1,591682,644226,spending,1694.31
q1_graph1,591682,632961,spending,806.75
q1_graph1,591682,473173,spending,2644.97
q1_graph1,591682,620120,spending,6090.91
q1_graph1,591682,575030,spending,4091.49
q1_graph1,591682,621924,spending,137.73
q1_graph1,632150,630626,spending,4811.33
q1_graph1,632150,527449,spending,303.25
q1_graph1,632150,459381,spending,790.06
q1_graph1,632150,595298,spending,1224.3
q1_graph1,632150,466907,spending,658.42
q1_graph1,632150,589943,spending,2231.39
q1_graph1,632150,523927,spending,1608.67
q1_graph1,632150,580426,spending,915.47
q1_graph1,632150,595581,spending,1996.2
q1_graph1,632150,616315,spending,1118.52
q1_graph1,632150,503701,spending,822.59
q1_graph1,632150,473173,spending,1302.15
q1_graph1,632150,620120,spending,3720.79
q1_graph1,632150,621924,spending,803.32
q1_graph1,616050,630626,spending,6218.94
q1_graph1,616050,536346,spending,540.85
q1_graph1,616050,567195,spending,9865.87
q1_graph1,616050,527449,spending,142.08
q1_graph1,616050,459381,spending,510.26
q1_graph1,616050,595298,spending,3407.94
q1_graph1,616050,466907,spending,824.91
q1_graph1,616050,589943,spending,2521.46
q1_graph1,616050,523927,spending,1136.81
q1_graph1,616050,595581,spending,4913.07
q1_graph1,616050,503701,spending,2707.57
q1_graph1,616050,644226,spending,1036.27
q1_graph1,616050,632961,spending,360.95
q1_graph1,616050,473173,spending,821.76
q1_graph1,616050,620120,spending,8076.13
q1_graph1,616050,575030,spending,7832.08
q1_graph1,616050,621924,spending,1670.72
q1_graph1,533140,630626,spending,3150.22
q1_graph1,533140,567195,spending,534.56
q1_graph1,533140,527449,spending,96.46
q1_graph1,533140,459381,spending,279.66
q1_graph1,533140,595298,spending,1314.31
q1_graph1,533140,466907,spending,507.01
q1_graph1,533140,577992,spending,530.6
q1_graph1,533140,537281,spending,497.08
q1_graph1,533140,616315,spending,239.94
q1_graph1,533140,642329,spending,1131.24
q1_graph1,533140,503701,spending,1741.49
q1_graph1,533140,571970,spending,85.16
q1_graph1,533140,632961,spending,290.73
q1_graph1,533140,473173,spending,1516.94
q1_graph1,533140,620120,spending,333.78
q1_graph2,604021,630626,spending,2258.44
q1_graph2,604021,536346,spending,561.5
q1_graph2,604021,520660,spending,881.17
q1_graph2,604021,527449,spending,134.84
q1_graph2,604021,459381,spending,193.22
q1_graph2,604021,595298,spending,355.82
q1_graph2,604021,466907,spending,209.22
q1_graph2,604021,577992,spending,31.35
q1_graph2,604021,580426,spending,132.22
q1_graph2,604021,595581,spending,421.43
q1_graph2,604021,616315,spending,234.74
q1_graph2,604021,503701,spending,176.53
q1_graph2,604021,571970,spending,84.22
q1_graph2,604021,644226,spending,766.83
q1_graph2,604021,632961,spending,92.79
q1_graph2,604021,473173,spending,1234.6
q1_graph2,604021,620120,spending,473.95
q1_graph2,604021,575030,spending,1236.75
q1_graph2,604021,621924,spending,658.78
q1_graph2,533094,640784,spending,318.41
q1_graph2,533094,630626,spending,3402.76
q1_graph2,533094,536346,spending,285.79
q1_graph2,533094,520660,spending,2267.78
q1_graph2,533094,567195,spending,1613.63
q1_graph2,533094,527449,spending,370.94
q1_graph2,533094,459381,spending,284.32
q1_graph2,533094,595298,spending,782.5
q1_graph2,533094,466907,spending,242.12
q1_graph2,533094,577992,spending,1395.87
q1_graph2,533094,537281,spending,497.09
q1_graph2,533094,523927,spending,1242.83
q1_graph2,533094,616315,spending,1332.94
q1_graph2,533094,642329,spending,148.27
q1_graph2,533094,503701,spending,2402.81
q1_graph2,533094,571970,spending,78.91
q1_graph2,533094,644226,spending,924.08
q1_graph2,533094,632961,spending,110.68
q1_graph2,533094,473173,spending,1348.11
q1_graph2,533094,620120,spending,5654.7
q1_graph2,606043,630626,spending,2361.75
q1_graph2,606043,536346,spending,499.47
q1_graph2,606043,520660,spending,1829.16
q1_graph2,606043,567195,spending,373.74
q1_graph2,606043,527449,spending,52.3
q1_graph2,606043,459381,spending,288.2
q1_graph2,606043,595298,spending,520.41
q1_graph2,606043,466907,spending,412.72
q1_graph2,606043,589943,spending,1457.54
q1_graph2,606043,577992,spending,804.23
q1_graph2,606043,523927,spending,993.32
q1_graph2,606043,595581,spending,639.26
q1_graph2,606043,616315,spending,260.21
q1_graph2,606043,571970,spending,76.04
q1_graph2,606043,644226,spending,210.77
q1_graph2,606043,632961,spending,112.26
q1_graph2,606043,473173,spending,1067.92
q1_graph2,606043,620120,spending,2296.04
q1_graph2,606043,575030,spending,6003.36
q1_graph2,595057,503218,spending,206.77
q1_graph2,595057,630626,spending,1361.75
q1_graph2,595057,567195,spending,97.02
q1_graph2,595057,527449,spending,99.71
q1_graph2,595057,459381,spending,337.97
q1_graph2,595057,595298,spending,419.67
q1_graph2,595057,466907,spending,272.56
q1_graph2,595057,589943,spending,561.93
q1_graph2,595057,580426,spending,28.62
q1_graph2,595057,642329,spending,273.79
q1_graph2,595057,503701,spending,913.8
q1_graph2,595057,632961,spending,129.16
q1_graph2,595057,473173,spending,855.02
q1_graph2,595057,620120,spending,863.35
q1_graph2,595057,575030,spending,4289.16
q1_graph2,595057,621924,spending,350.13
q1_graph2,634181,630626,spending,2609.07
q1_graph2,634181,536346,spending,800.36
q1_graph2,634181,520660,spending,2233.87
q1_graph2,634181,527449,spending,184.39
q1_graph2,634181,459381,spending,267.63
q1_graph2,634181,595298,spending,299.54
q1_graph2,634181,466907,spending,469.3
q1_graph2,634181,589943,spending,729.69
q1_graph2,634181,577992,spending,1370.33
q1_graph2,634181,523927,spending,912.34
q1_graph2,634181,580426,spending,65.04
q1_graph2,634181,595581,spending,32.69
q1_graph2,634181,642329,spending,354.0
q1_graph2,634181,503701,spending,1164.48
q1_graph2,634181,571970,spending,47.31
q1_graph2,634181,644226,spending,811.15
q1_graph2,634181,632961,spending,402.65
q1_graph2,634181,473173,spending,228.04
q1_graph2,634181,620120,spending,3565.2
q1_graph2,634181,575030,spending,2201.95
q1_graph2,548320,503218,spending,479.23
q1_graph2,548320,630626,spending,1270.54
q1_graph2,548320,536346,spending,477.22
q1_graph2,548320,520660,spending,333.79
q1_graph2,548320,567195,spending,878.46
q1_graph2,548320,527449,spending,64.15
q1_graph2,548320,459381,spending,340.62
q1_graph2,548320,595298,spending,1531.39
q1_graph2,548320,466907,spending,500.35
q1_graph2,548320,606730,spending,448.03
q1_graph2,548320,537281,spending,357.11
q1_graph2,548320,523927,spending,791.93
q1_graph2,548320,595581,spending,13.93
q1_graph2,548320,616315,spending,520.35
q1_graph2,548320,642329,spending,292.58
q1_graph2,548320,503701,spending,488.52
q1_graph2,548320,571970,spending,139.89
q1_graph2,548320,644226,spending,156.49
q1_graph2,548320,632961,spending,115.48
q1_graph2,548320,473173,spending,1123.42
q1_graph2,548320,620120,spending,1071.33
q1_graph2,548320,575030,spending,3982.11
q1_graph2,548320,621924,spending,575.08
q1_graph2,505965,630626,spending,3348.11
q1_graph2,505965,536346,spending,271.34
q1_graph2,505965,520660,spending,1221.26
q1_graph2,505965,567195,spending,3171.42
q1_graph2,505965,527449,spending,79.82
q1_graph2,505965,459381,spending,227.65
q1_graph2,505965,595298,spending,82.96
q1_graph2,505965,466907,spending,322.05
q1_graph2,505965,577992,spending,489.12
q1_graph2,505965,537281,spending,572.58
q1_graph2,505965,523927,spending,515.71
q1_graph2,505965,580426,spending,141.3
q1_graph2,505965,595581,spending,78.42
q1_graph2,505965,503701,spending,874.89
q1_graph2,505965,571970,spending,61.62
q1_graph2,505965,644226,spending,881.15
q1_graph2,505965,473173,spending,126.48
q1_graph2,505965,620120,spending,1141.88
q1_graph2,505965,575030,spending,1428.67
q1_graph2,505965,621924,spending,647.87
q1_graph2,572413,640784,spending,88.82
q1_graph2,572413,630626,spending,1983.14
q1_graph2,572413,536346,spending,428.32
q1_graph2,572413,520660,spending,390.65
q1_graph2,572413,567195,spending,1743.69
q1_graph2,572413,527449,spending,73.26
q1_graph2,572413,459381,spending,295.58
q1_graph2,572413,595298,spending,754.28
q1_graph2,572413,466907,spending,187.96
q1_graph2,572413,580426,spending,187.52
q1_graph2,572413,595581,spending,447.6
q1_graph2,572413,616315,spending,426.93
q1_graph2,572413,642329,spending,7.71
q1_graph2,572413,503701,spending,228.08
q1_graph2,572413,644226,spending,416.46
q1_graph2,572413,632961,spending,135.67
q1_graph2,572413,473173,spending,252.47
q1_graph2,572413,620120,spending,98.62
q1_graph2,572413,575030,spending,2155.42
q1_graph2,572413,621924,spending,92.26
q1_graph2,515794,630626,spending,1596.67
q1_graph2,515794,536346,spending,584.6
q1_graph2,515794,520660,spending,460.23
q1_graph2,515794,567195,spending,135.71
q1_graph2,515794,527449,spending,81.8
q1_graph2,515794,459381,spending,223.74
q1_graph2,515794,595298,spending,891.28
q1_graph2,515794,589943,spending,458.25
q1_graph2,515794,577992,spending,117.13
q1_graph2,515794,523927,spending,658.22
q1_graph2,515794,580426,spending,216.58
q1_graph2,515794,595581,spending,270.56
q1_graph2,515794,642329,spending,262.17
q1_graph2,515794,571970,spending,8.05
q1_graph2,515794,644226,spending,180.64
q1_graph2,515794,632961,spending,160.57
q1_graph2,515794,473173,spending,29.94
q1_graph2,515794,620120,spending,377.6
q1_graph2,515794,621924,spending,146.35
q1_graph2,563584,503218,spending,347.88
q1_graph2,563584,630626,spending,2108.03
q1_graph2,563584,536346,spending,699.98
q1_graph2,563584,520660,spending,1691.94
q1_graph2,563584,527449,spending,233.94
q1_graph2,563584,459381,spending,551.66
q1_graph2,563584,595298,spending,483.37
q1_graph2,563584,466907,spending,88.39
q1_graph2,563584,589943,spending,693.99
q1_graph2,563584,577992,spending,668.48
q1_graph2,563584,537281,spending,489.58
q1_graph2,563584,523927,spending,360.49
q1_graph2,563584,616315,spending,637.9
q1_graph2,563584,642329,spending,544.88
q1_graph2,563584,503701,spending,429.92
q1_graph2,563584,571970,spending,10.67
q1_graph2,563584,644226,spending,228.24
q1_graph2,563584,473173,spending,795.47
q1_graph2,563584,620120,spending,939.88
q1_graph2,563584,575030,spending,319.5
q1_graph2,629627,567195,spending,698.93
q1_graph2,629627,527449,spending,208.98
q1_graph2,629627,459381,spending,331.29
q1_graph2,629627,595298,spending,701.57
q1_graph2,629627,589943,spending,554.9
q1_graph2,629627,537281,spending,40.21
q1_graph2,629627,523927,spending,485.15
q1_graph2,629627,580426,spending,79.87
q1_graph2,629627,595581,spending,54.06
q1_graph2,629627,642329,spending,372.04
q1_graph2,629627,503701,spending,1001.63
q1_graph2,629627,571970,spending,41.97
q1_graph2,629627,473173,spending,854.79
q1_graph2,629627,620120,spending,822.54
q1_graph2,629627,575030,spending,1576.9
q1_graph2,534034,503218,spending,324.44
q1_graph2,534034,567195,spending,98.42
q1_graph2,534034,527449,spending,98.45
q1_graph2,534034,459381,spending,217.43
q1_graph2,534034,595298,spending,923.82
q1_graph2,534034,466907,spending,331.89
q1_graph2,534034,589943,spending,813.98
q1_graph2,534034,523927,spending,7.09
q1_graph2,534034,580426,spending,24.66
q1_graph2,534034,595581,spending,243.16
q1_graph2,534034,642329,spending,196.86
q1_graph2,534034,503701,spending,519.34
q1_graph2,534034,571970,spending,37.46
q1_graph2,534034,632961,spending,159.21
q1_graph2,534034,473173,spending,359.29
q1_graph2,534034,620120,spending,383.24
q1_graph2,534034,621924,spending,543.76
q1_graph2,599441,567195,spending,61.38
q1_graph2,599441,527449,spending,20.01
q1_graph2,599441,459381,spending,173.66
q1_graph2,599441,595298,spending,876.96
q1_graph2,599441,466907,spending,0.17
q1_graph2,599441,589943,spending,149.8
q1_graph2,599441,537281,spending,41.42
q1_graph2,599441,523927,spending,440.57
q1_graph2,599441,580426,spending,63.91
q1_graph2,599441,595581,spending,68.27
q1_graph2,599441,616315,spending,277.77
q1_graph2,599441,503701,spending,305.08
q1_graph2,599441,571970,spending,19.66
q1_graph2,599441,632961,spending,38.91
q1_graph2,599441,473173,spending,166.02
q1_graph2,599441,620120,spending,465.15
q1_graph2,599441,621924,spending,107.62
q1_graph2,585212,567195,spending,313.91
q1_graph2,585212,527449,spending,91.47
q1_graph2,585212,459381,spending,213.36
q1_graph2,585212,595298,spending,1168.03
q1_graph2,585212,466907,spending,237.14
q1_graph2,585212,589943,spending,449.99
q1_graph2,585212,577992,spending,556.72
q1_graph2,585212,580426,spending,23.93
q1_graph2,585212,595581,spending,470.65
q1_graph2,585212,616315,spending,512.49
q1_graph2,585212,642329,spending,203.52
q1_graph2,585212,503701,spending,217.05
q1_graph2,585212,632961,spending,53.7
q1_graph2,585212,473173,spending,196.97
q1_graph2,585212,620120,spending,116.19
q1_graph2,585212,621924,spending,233.26
q1_graph2,536953,567195,spending,457.96
q1_graph2,536953,527449,spending,100.1
q1_graph2,536953,459381,spending,972.12
q1_graph2,536953,595298,spending,1530.76
q1_graph2,536953,466907,spending,140.95
q1_graph2,536953,589943,spending,1330.24
q1_graph2,536953,577992,spending,1151.36
q1_graph2,536953,537281,spending,129.36
q1_graph2,536953,523927,spending,730.47
q1_graph2,536953,580426,spending,49.27
q1_graph2,536953,595581,spending,404.72
q1_graph2,536953,616315,spending,684.01
q1_graph2,536953,503701,spending,1382.9
q1_graph2,536953,632961,spending,423.04
q1_graph2,536953,473173,spending,1534.03
q1_graph2,536953,575030,spending,1970.27
q1_graph2,515799,567195,spending,820.48
q1_graph2,515799,527449,spending,129.81
q1_graph2,515799,459381,spending,544.86
q1_graph2,515799,595298,spending,446.02
q1_graph2,515799,466907,spending,349.45
q1_graph2,515799,589943,spending,1011.71
q1_graph2,515799,523927,spending,683.75
q1_graph2,515799,580426,spending,32.88
q1_graph2,515799,616315,spending,683.83
q1_graph2,515799,503701,spending,2272.0
q1_graph2,515799,632961,spending,144.34
q1_graph2,515799,473173,spending,475.94
q1_graph2,515799,620120,spending,688.32
q1_graph2,515799,621924,spending,3746.87
q1_graph2,656156,567195,spending,1205.77
q1_graph2,656156,527449,spending,20.87
q1_graph2,656156,459381,spending,543.68
q1_graph2,656156,595298,spending,719.01
q1_graph2,656156,466907,spending,335.87
q1_graph2,656156,589943,spending,1291.5
q1_graph2,656156,577992,spending,398.58
q1_graph2,656156,537281,spending,362.16
q1_graph2,656156,523927,spending,412.75
q1_graph2,656156,580426,spending,70.98
q1_graph2,656156,595581,spending,557.16
q1_graph2,656156,616315,spending,879.41
q1_graph2,656156,642329,spending,369.95
q1_graph2,656156,503701,spending,768.46
q1_graph2,656156,571970,spending,17.64
q1_graph2,656156,632961,spending,435.05
q1_graph2,656156,473173,spending,315.55
q1_graph2,656156,620120,spending,1089.36
q1_graph2,656156,575030,spending,4849.31
q1_graph2,552439,630626,spending,654.53
q1_graph2,552439,567195,spending,862.4
q1_graph2,552439,527449,spending,241.27
q1_graph2,552439,459381,spending,264.21
q1_graph2,552439,595298,spending,1949.1
q1_graph2,552439,466907,spending,407.88
q1_graph2,552439,589943,spending,1173.18
q1_graph2,552439,577992,spending,485.44
q1_graph2,552439,537281,spending,212.58
q1_graph2,552439,523927,spending,365.46
q1_graph2,552439,595581,spending,738.1
q1_graph2,552439,616315,spending,603.48
q1_graph2,552439,642329,spending,433.68
q1_graph2,552439,503701,spending,1827.65
q1_graph2,552439,632961,spending,384.62
q1_graph2,552439,473173,spending,229.16
q1_graph2,552439,620120,spending,742.59
q1_graph2,552439,621924,spending,35.23
q1_graph2,546478,630626,spending,4391.67
q1_graph2,546478,567195,spending,1323.35
q1_graph2,546478,527449,spending,47.57
q1_graph2,546478,459381,spending,71.09
q1_graph2,546478,595298,spending,634.8
q1_graph2,546478,466907,spending,318.2
q1_graph2,546478,589943,spending,1477.07
q1_graph2,546478,523927,spending,456.72
q1_graph2,546478,616315,spending,494.24
q1_graph2,546478,642329,spending,37.01
q1_graph2,546478,503701,spending,1607.2
q1_graph2,546478,571970,spending,13.42
q1_graph2,546478,632961,spending,234.6
q1_graph2,546478,473173,spending,960.31
q1_graph2,546478,575030,spending,9595.78
q1_graph2,546478,621924,spending,600.97
q1_graph2,488928,503218,spending,618.86
q1_graph2,488928,630626,spending,7091.58
q1_graph2,488928,536346,spending,1106.18
q1_graph2,488928,520660,spending,2655.89
q1_graph2,488928,567195,spending,4060.69
q1_graph2,488928,527449,spending,77.62
q1_graph2,488928,459381,spending,355.15
q1_graph2,488928,595298,spending,1888.31
q1_graph2,488928,466907,spending,320.76
q1_graph2,488928,606730,spending,773.91
q1_graph2,488928,577992,spending,6.5
q1_graph2,488928,537281,spending,25.88
q1_graph2,488928,523927,spending,1681.76
q1_graph2,488928,580426,spending,532.08
q1_graph2,488928,616315,spending,208.72
q1_graph2,488928,503701,spending,1713.46
q1_graph2,488928,644226,spending,1199.93
q1_graph2,488928,632961,spending,456.15
q1_graph2,488928,473173,spending,226.36
q1_graph2,488928,575030,spending,1944.15
q1_graph2,488928,621924,spending,748.17
q1_graph2,602912,630626,spending,1941.85
q1_graph2,602912,536346,spending,744.35
q1_graph2,602912,520660,spending,2191.45
q1_graph2,602912,567195,spending,943.0
q1_graph2,602912,527449,spending,63.04
q1_graph2,602912,459381,spending,401.38
q1_graph2,602912,595298,spending,1754.04
q1_graph2,602912,466907,spending,279.5
q1_graph2,602912,589943,spending,4242.5
q1_graph2,602912,537281,spending,519.27
q1_graph2,602912,523927,spending,428.19
q1_graph2,602912,616315,spending,729.65
q1_graph2,602912,642329,spending,352.81
q1_graph2,602912,503701,spending,1079.16
q1_graph2,602912,571970,spending,9.53
q1_graph2,602912,644226,spending,543.7
q1_graph2,602912,473173,spending,272.54
q1_graph2,602912,620120,spending,1776.52
q1_graph2,533024,640784,spending,282.64
q1_graph2,533024,630626,spending,4800.15
q1_graph2,533024,567195,spending,3896.34
q1_graph2,533024,527449,spending,122.51
q1_graph2,533024,459381,spending,748.85
q1_graph2,533024,595298,spending,1087.88
q1_graph2,533024,466907,spending,636.8
q1_graph2,533024,577992,spending,1271.14
q1_graph2,533024,537281,spending,838.17
q1_graph2,533024,523927,spending,3030.47
q1_graph2,533024,580426,spending,629.02
q1_graph2,533024,595581,spending,894.9
q1_graph2,533024,642329,spending,1483.2
q1_graph2,533024,503701,spending,2764.54
q1_graph2,533024,632961,spending,622.46
q1_graph2,533024,473173,spending,1598.44
q1_graph2,533024,620120,spending,2385.08
q1_graph2,533024,575030,spending,221.07
q1_graph2,533024,621924,spending,1421.09
q1_graph2,499312,630626,spending,3749.53
q1_graph2,499312,536346,spending,1044.11
q1_graph2,499312,520660,spending,1127.74
q1_graph2,499312,527449,spending,303.66
q1_graph2,499312,459381,spending,611.34
q1_graph2,499312,595298,spending,1652.08
q1_graph2,499312,466907,spending,596.25
q1_graph2,499312,577992,spending,498.96
q1_graph2,499312,537281,spending,210.09
q1_graph2,499312,523927,spending,848.71
q1_graph2,499312,616315,spending,722.75
q1_graph2,499312,642329,spending,644.66
q1_graph2,499312,503701,spending,1661.06
q1_graph2,499312,571970,spending,103.71
q1_graph2,499312,644226,spending,1801.64
q1_graph2,499312,632961,spending,123.72
q1_graph2,499312,473173,spending,206.09
q1_graph2,499312,620120,spending,2609.85
q1_graph2,499312,575030,spending,1313.85
q1_graph2,499312,621924,spending,17.46
q1_graph2,464563,630626,spending,6057.31
q1_graph2,464563,536346,spending,107.87
q1_graph2,464563,520660,spending,2362.89
q1_graph2,464563,567195,spending,3770.63
q1_graph2,464563,527449,spending,241.36
q1_graph2,464563,459381,spending,499.73
q1_graph2,464563,595298,spending,1287.29
q1_graph2,464563,466907,spending,275.05
q1_graph2,464563,606730,spending,832.72
q1_graph2,464563,589943,spending,824.99
q1_graph2,464563,577992,spending,2432.58
q1_graph2,464563,537281,spending,419.41
q1_graph2,464563,523927,spending,2302.42
q1_graph2,464563,595581,spending,1479.93
q1_graph2,464563,642329,spending,498.09
q1_graph2,464563,503701,spending,2106.71
q1_graph2,464563,571970,spending,5.5
q1_graph2,464563,644226,spending,663.04
q1_graph2,464563,632961,spending,328.49
q1_graph2,464563,473173,spending,171.99
q1_graph2,464563,620120,spending,5338.67
q1_graph2,464563,575030,spending,5816.3
q1_graph2,464563,621924,spending,1513.56
q1_graph2,546626,567195,spending,1910.13
q1_graph2,546626,527449,spending,422.9
q1_graph2,546626,459381,spending,653.41
q1_graph2,546626,595298,spending,619.61
q1_graph2,546626,466907,spending,224.34
q1_graph2,546626,589943,spending,843.58
q1_graph2,546626,577992,spending,459.16
q1_graph2,546626,580426,spending,296.4
q1_graph2,546626,595581,spending,431.55
q1_graph2,546626,642329,spending,507.64
q1_graph2,546626,503701,spending,538.93
q1_graph2,546626,632961,spending,316.14
q1_graph2,546626,473173,spending,1389.58
q1_graph2,546626,620120,spending,1430.0
q1_graph2,546626,621924,spending,1403.88
q1_graph2,544615,567195,spending,1209.5
q1_graph2,544615,527449,spending,185.85
q1_graph2,544615,459381,spending,138.81
q1_graph2,544615,595298,spending,4226.85
q1_graph2,544615,466907,spending,292.64
q1_graph2,544615,589943,spending,497.49
q1_graph2,544615,537281,spending,441.68
q1_graph2,544615,523927,spending,1859.23
q1_graph2,544615,580426,spending,171.51
q1_graph2,544615,595581,spending,909.43
q1_graph2,544615,616315,spending,944.79
q1_graph2,544615,642329,spending,29.26
q1_graph2,544615,503701,spending,2483.79
q1_graph2,544615,571970,spending,133.2
q1_graph2,544615,632961,spending,458.4
q1_graph2,544615,473173,spending,964.83
q1_graph2,544615,620120,spending,687.54
q1_graph2,544615,621924,spending,16.56
q1_graph2,533141,527449,spending,212.89
q1_graph2,533141,459381,spending,179.11
q1_graph2,533141,595298,spending,886.18
q1_graph2,533141,466907,spending,558.24
q1_graph2,533141,589943,spending,1199.16
q1_graph2,533141,537281,spending,203.9
q1_graph2,533141,580426,spending,85.73
q1_graph2,533141,595581,spending,1197.33
q1_graph2,533141,616315,spending,757.71
q1_graph2,533141,642329,spending,292.42
q1_graph2,533141,503701,spending,2727.48
q1_graph2,533141,571970,spending,105.77
q1_graph2,533141,632961,spending,362.27
q1_graph2,533141,473173,spending,2263.32
q1_graph2,533141,621924,spending,2176.3
q1_graph2,471663,567195,spending,68.49
q1_graph2,471663,527449,spending,359.29
q1_graph2,471663,459381,spending,125.72
q1_graph2,471663,595298,spending,2279.98
q1_graph2,471663,466907,spending,235.75
q1_graph2,471663,589943,spending,1158.45
q1_graph2,471663,577992,spending,382.24
q1_graph2,471663,595581,spending,372.92
q1_graph2,471663,616315,spending,589.65
q1_graph2,471663,642329,spending,403.43
q1_graph2,471663,503701,spending,2341.83
q1_graph2,471663,632961,spending,401.77
q1_graph2,471663,473173,spending,1616.43
q1_graph2,471663,620120,spending,1252.03
q1_graph2,471663,575030,spending,67.22
q1_graph2,471663,621924,spending,194.61
q1_graph2,501047,503218,spending,629.48
q1_graph2,501047,567195,spending,929.07
q1_graph2,501047,527449,spending,137.84
q1_graph2,501047,459381,spending,591.71
q1_graph2,501047,595298,spending,2671.77
q1_graph2,501047,466907,spending,485.28
q1_graph2,501047,589943,spending,251.56
q1_graph2,501047,523927,spending,2970.58
q1_graph2,501047,580426,spending,282.3
q1_graph2,501047,595581,spending,826.02
q1_graph2,501047,616315,spending,737.78
q1_graph2,501047,642329,spending,269.63
q1_graph2,501047,503701,spending,2476.78
q1_graph2,501047,632961,spending,26.77
q1_graph2,501047,473173,spending,1144.8
q1_graph2,501047,575030,spending,4418.43
q1_graph2,534449,630626,spending,1185.68
q1_graph2,534449,527449,spending,216.81
q1_graph2,534449,459381,spending,813.87
q1_graph2,534449,595298,spending,3004.24
q1_graph2,534449,466907,spending,322.32
q1_graph2,534449,589943,spending,665.7
q1_graph2,534449,537281,spending,10.19
q1_graph2,534449,595581,spending,605.53
q1_graph2,534449,616315,spending,7.18
q1_graph2,534449,503701,spending,2109.64
q1_graph2,534449,473173,spending,198.29
q1_graph2,534449,620120,spending,285.36
q1_graph2,534449,575030,spending,395.95
q1_graph2,472522,630626,spending,2352.91
q1_graph2,472522,567195,spending,518.51
q1_graph2,472522,527449,spending,149.26
q1_graph2,472522,459381,spending,72.22
q1_graph2,472522,595298,spending,751.42
q1_graph2,472522,466907,spending,622.66
q1_graph2,472522,606730,spending,627.2
q1_graph2,472522,589943,spending,132.09
q1_graph2,472522,580426,spending,436.19
q1_graph2,472522,595581,spending,233.23
q1_graph2,472522,616315,spending,2178.34
q1_graph2,472522,642329,spending,1014.78
q1_graph2,472522,503701,spending,3103.23
q1_graph2,472522,571970,spending,222.45
q1_graph2,472522,473173,spending,152.82
q1_graph2,472522,575030,spending,693.4
q1_graph2,472522,621924,spending,1990.33
q1_graph2,477138,567195,spending,245.84
q1_graph2,477138,527449,spending,323.7
q1_graph2,477138,459381,spending,298.45
q1_graph2,477138,595298,spending,348.78
q1_graph2,477138,466907,spending,185.98
q1_graph2,477138,577992,spending,1048.98
q1_graph2,477138,537281,spending,194.3
q1_graph2,477138,523927,spending,420.67
q1_graph2,477138,580426,spending,309.72
q1_graph2,477138,595581,spending,957.56
q1_graph2,477138,616315,spending,777.37
q1_graph2,477138,571970,spending,39.66
q1_graph2,477138,473173,spending,330.35
q1_graph2,475811,527449,spending,119.59
q1_graph2,475811,459381,spending,434.28
q1_graph2,475811,595298,spending,316.24
q1_graph2,475811,466907,spending,5.48
q1_graph2,475811,589943,spending,228.28
q1_graph2,475811,537281,spending,265.86
q1_graph2,475811,523927,spending,1201.2
q1_graph2,475811,595581,spending,102.41
q1_graph2,475811,616315,spending,723.1
q1_graph2,475811,642329,spending,39.47
q1_graph2,475811,632961,spending,116.78
q1_graph2,475811,473173,spending,121.89
q1_graph2,475811,575030,spending,2365.02
q1_graph2,590265,567195,spending,384.7
q1_graph2,590265,527449,spending,279.16
q1_graph2,590265,459381,spending,856.28
q1_graph2,590265,595298,spending,643.53
q1_graph2,590265,466907,spending,494.53
q1_graph2,590265,589943,spending,276.79
q1_graph2,590265,577992,spending,438.82
q1_graph2,590265,537281,spending,489.27
q1_graph2,590265,523927,spending,1117.11
q1_graph2,590265,580426,spending,155.39
q1_graph2,590265,616315,spending,487.37
q1_graph2,590265,642329,spending,357.9
q1_graph2,590265,503701,spending,411.14
q1_graph2,590265,632961,spending,141.13
q1_graph2,590265,473173,spending,1069.34
q1_graph2,590265,575030,spending,12740.8
q1_graph2,590265,621924,spending,1592.1
q1_graph2,653390,567195,spending,127.56
q1_graph2,653390,527449,spending,358.62
q1_graph2,653390,459381,spending,431.14
q1_graph2,653390,595298,spending,1064.83
q1_graph2,653390,466907,spending,99.86
q1_graph2,653390,606730,spending,509.25
q1_graph2,653390,589943,spending,890.84
q1_graph2,653390,577992,spending,336.03
q1_graph2,653390,537281,spending,548.16
q1_graph2,653390,523927,spending,948.67
q1_graph2,653390,580426,spending,415.63
q1_graph2,653390,595581,spending,331.71
q1_graph2,653390,616315,spending,113.71
q1_graph2,653390,642329,spending,251.39
q1_graph2,653390,503701,spending,1492.32
q1_graph2,653390,571970,spending,164.8
q1_graph2,653390,473173,spending,1763.26
q1_graph2,653390,620120,spending,31.08
q1_graph2,653390,621924,spending,2228.22
q1_graph2,573870,527449,spending,241.38
q1_graph2,573870,459381,spending,620.7
q1_graph2,573870,595298,spending,414.28
q1_graph2,573870,466907,spending,257.91
q1_graph2,573870,577992,spending,1416.17
q1_graph2,573870,537281,spending,20.72
q1_graph2,573870,523927,spending,639.76
q1_graph2,573870,580426,spending,99.74
q1_graph2,573870,595581,spending,481.03
q1_graph2,573870,616315,spending,435.73
q1_graph2,573870,642329,spending,184.64
q1_graph2,573870,503701,spending,746.46
q1_graph2,573870,632961,spending,274.71
q1_graph2,573870,473173,spending,415.5
q1_graph2,573870,620120,spending,351.06
q1_graph2,573870,575030,spending,1170.2
q1_graph2,645210,630626,spending,4792.16
q1_graph2,645210,527449,spending,278.77
q1_graph2,645210,459381,spending,713.63
q1_graph2,645210,595298,spending,1592.06
q1_graph2,645210,466907,spending,550.46
q1_graph2,645210,589943,spending,355.15
q1_graph2,645210,577992,spending,157.68
q1_graph2,645210,537281,spending,418.13
q1_graph2,645210,523927,spending,1223.88
q1_graph2,645210,580426,spending,37.94
q1_graph2,645210,595581,spending,311.95
q1_graph2,645210,616315,spending,2090.93
q1_graph2,645210,642329,spending,408.57
q1_graph2,645210,503701,spending,1135.98
q1_graph2,645210,632961,spending,1024.9
q1_graph2,645210,473173,spending,427.59
q1_graph2,645210,620120,spending,1480.23
q1_graph2,645210,575030,spending,6687.72
q1_graph2,639051,630626,spending,9218.86
q1_graph2,639051,567195,spending,13536.0
q1_graph2,639051,527449,spending,131.53
q1_graph2,639051,459381,spending,504.52
q1_graph2,639051,595298,spending,363.71
q1_graph2,639051,466907,spending,628.37
q1_graph2,639051,589943,spending,3250.02
q1_graph2,639051,577992,spending,3604.06
q1_graph2,639051,537281,spending,74.73
q1_graph2,639051,580426,spending,1281.5
q1_graph2,639051,595581,spending,4821.65
q1_graph2,639051,642329,spending,3029.73
q1_graph2,639051,503701,spending,1839.38
q1_graph2,639051,473173,spending,2175.3
q1_graph2,639051,620120,spending,47680.0
q1_graph2,639051,575030,spending,11164.1
q1_graph2,582851,640784,spending,339.98
q1_graph2,582851,630626,spending,5865.03
q1_graph2,582851,536346,spending,1010.5
q1_graph2,582851,520660,spending,1548.47
q1_graph2,582851,567195,spending,2519.64
q1_graph2,582851,527449,spending,59.25
q1_graph2,582851,459381,spending,592.99
q1_graph2,582851,595298,spending,918.16
q1_graph2,582851,466907,spending,274.5
q1_graph2,582851,589943,spending,1765.12
q1_graph2,582851,577992,spending,26.02
q1_graph2,582851,537281,spending,687.27
q1_graph2,582851,580426,spending,674.77
q1_graph2,582851,595581,spending,1318.01
q1_graph2,582851,642329,spending,650.69
q1_graph2,582851,503701,spending,1331.52
q1_graph2,582851,644226,spending,127.16
q1_graph2,582851,632961,spending,629.85
q1_graph2,582851,473173,spending,945.16
q1_graph2,582851,620120,spending,4056.11
q1_graph2,582851,575030,spending,3336.95
q1_graph2,541017,503218,spending,823.05
q1_graph2,541017,630626,spending,3583.08
q1_graph2,541017,536346,spending,21.36
q1_graph2,541017,520660,spending,2432.0
q1_graph2,541017,567195,spending,6094.45
q1_graph2,541017,527449,spending,276.94
q1_graph2,541017,459381,spending,635.57
q1_graph2,541017,595298,spending,3947.64
q1_graph2,541017,466907,spending,820.82
q1_graph2,541017,606730,spending,729.14
q1_graph2,541017,589943,spending,3067.24
q1_graph2,541017,577992,spending,195.49
q1_graph2,541017,523927,spending,1935.69
q1_graph2,541017,595581,spending,3866.28
q1_graph2,541017,616315,spending,3532.11
q1_graph2,541017,642329,spending,484.08
q1_graph2,541017,571970,spending,180.92
q1_graph2,541017,644226,spending,1529.05
q1_graph2,541017,632961,spending,431.03
q1_graph2,541017,473173,spending,642.78
q1_graph2,541017,620120,spending,3517.98
q1_graph2,541017,575030,spending,8084.37
q1_graph2,541017,621924,spending,1292.87
q1_graph2,563211,630626,spending,4267.76
q1_graph2,563211,536346,spending,464.86
q1_graph2,563211,567195,spending,5301.34
q1_graph2,563211,527449,spending,96.34
q1_graph2,563211,459381,spending,325.71
q1_graph2,563211,595298,spending,2348.19
q1_graph2,563211,466907,spending,801.11
q1_graph2,563211,589943,spending,1121.43
q1_graph2,563211,577992,spending,2947.72
q1_graph2,563211,537281,spending,855.53
q1_graph2,563211,523927,spending,2739.3
q1_graph2,563211,580426,spending,908.48
q1_graph2,563211,595581,spending,820.14
q1_graph2,563211,642329,spending,1218.25
q1_graph2,563211,503701,spending,2401.99
q1_graph2,563211,644226,spending,286.6
q1_graph2,563211,632961,spending,212.56
q1_graph2,563211,473173,spending,2758.33
q1_graph2,563211,620120,spending,6505.41
q1_graph2,563211,575030,spending,855.88
q1_graph2,527597,640784,spending,440.68
q1_graph2,527597,630626,spending,3860.15
q1_graph2,527597,536346,spending,401.15
q1_graph2,527597,520660,spending,1609.38
q1_graph2,527597,567195,spending,2346.63
q1_graph2,527597,527449,spending,202.12
q1_graph2,527597,459381,spending,680.91
q1_graph2,527597,595298,spending,548.87
q1_graph2,527597,466907,spending,755.8
q1_graph2,527597,577992,spending,273.8
q1_graph2,527597,537281,spending,385.1
q1_graph2,527597,523927,spending,406.02
q1_graph2,527597,580426,spending,167.01
q1_graph2,527597,595581,spending,352.52
q1_graph2,527597,642329,spending,412.29
q1_graph2,527597,503701,spending,761.27
q1_graph2,527597,644226,spending,981.94
q1_graph2,527597,632961,spending,207.22
q1_graph2,527597,473173,spending,820.07
q1_graph2,527597,620120,spending,1277.46
q1_graph2,527597,621924,spending,273.83
q1_graph3,610497,640784,spending,271.92
q1_graph3,610497,630626,spending,961.13
q1_graph3,610497,567195,spending,2020.36
q1_graph3,610497,527449,spending,164.35
q1_graph3,610497,459381,spending,516.88
q1_graph3,610497,595298,spending,707.62
q1_graph3,610497,466907,spending,382.9
q1_graph3,610497,589943,spending,299.92
q1_graph3,610497,537281,spending,476.32
q1_graph3,610497,523927,spending,191.06
q1_graph3,610497,580426,spending,180.33
q1_graph3,610497,616315,spending,365.16
q1_graph3,610497,503701,spending,1626.32
q1_graph3,610497,632961,spending,196.78
q1_graph3,610497,473173,spending,91.95
q1_graph3,610497,620120,spending,119.2
q1_graph3,610497,575030,spending,3200.7
q1_graph3,578531,640784,spending,127.15
q1_graph3,578531,503218,spending,794.95
q1_graph3,578531,630626,spending,5216.01
q1_graph3,578531,567195,spending,4032.44
q1_graph3,578531,527449,spending,112.79
q1_graph3,578531,459381,spending,564.37
q1_graph3,578531,595298,spending,3687.96
q1_graph3,578531,466907,spending,604.91
q1_graph3,578531,606730,spending,1122.89
q1_graph3,578531,589943,spending,1464.95
q1_graph3,578531,577992,spending,4967.63
q1_graph3,578531,537281,spending,951.82
q1_graph3,578531,523927,spending,1875.25
q1_graph3,578531,580426,spending,765.2
q1_graph3,578531,616315,spending,94.12
q1_graph3,578531,642329,spending,842.49
q1_graph3,578531,503701,spending,2131.32
q1_graph3,578531,632961,spending,779.39
q1_graph3,578531,473173,spending,979.19
q1_graph3,578531,620120,spending,6814.56
q1_graph3,578531,575030,spending,3994.14
q1_graph3,578531,621924,spending,1367.71
q1_graph3,657076,640784,spending,983.51
q1_graph3,657076,630626,spending,4887.83
q1_graph3,657076,527449,spending,384.3
q1_graph3,657076,459381,spending,595.71
q1_graph3,657076,595298,spending,2596.98
q1_graph3,657076,466907,spending,458.72
q1_graph3,657076,589943,spending,1950.69
q1_graph3,657076,537281,spending,530.82
q1_graph3,657076,523927,spending,1922.91
q1_graph3,657076,580426,spending,501.28
q1_graph3,657076,616315,spending,1384.47
q1_graph3,657076,642329,spending,719.92
q1_graph3,657076,503701,spending,180.6
q1_graph3,657076,473173,spending,242.37
q1_graph3,657076,620120,spending,5823.53
q1_graph3,657076,575030,spending,7256.03
q1_graph3,657076,621924,spending,1257.76
q1_graph3,478754,630626,spending,6376.02
q1_graph3,478754,527449,spending,334.0
q1_graph3,478754,459381,spending,546.44
q1_graph3,478754,595298,spending,1567.57
q1_graph3,478754,466907,spending,1232.64
q1_graph3,478754,589943,spending,1763.76
q1_graph3,478754,577992,spending,179.32
q1_graph3,478754,523927,spending,904.42
q1_graph3,478754,616315,spending,671.78
q1_graph3,478754,642329,spending,885.78
q1_graph3,478754,571970,spending,132.51
q1_graph3,478754,632961,spending,105.23
q1_graph3,478754,473173,spending,2312.74
q1_graph3,478754,620120,spending,2277.9
q1_graph3,478754,621924,spending,611.39
q1_graph3,575295,630626,spending,1131.09
q1_graph3,575295,527449,spending,516.47
q1_graph3,575295,459381,spending,173.64
q1_graph3,575295,595298,spending,1609.94
q1_graph3,575295,466907,spending,429.42
q1_graph3,575295,577992,spending,2117.18
q1_graph3,575295,537281,spending,277.44
q1_graph3,575295,523927,spending,1211.81
q1_graph3,575295,595581,spending,1191.34
q1_graph3,575295,616315,spending,2.91
q1_graph3,575295,642329,spending,280.94
q1_graph3,575295,571970,spending,60.24
q1_graph3,575295,632961,spending,281.97
q1_graph3,575295,473173,spending,2150.02
q1_graph3,575295,620120,spending,1213.18
q1_graph3,575295,575030,spending,5529.22
q1_graph3,575295,621924,spending,1638.18
q1_graph3,568284,630626,spending,5053.94
q1_graph3,568284,567195,spending,1147.37
q1_graph3,568284,527449,spending,285.7
q1_graph3,568284,459381,spending,267.45
q1_graph3,568284,595298,spending,3054.32
q1_graph3,568284,466907,spending,701.36
q1_graph3,568284,589943,spending,369.91
q1_graph3,568284,577992,spending,279.83
q1_graph3,568284,537281,spending,141.32
q1_graph3,568284,523927,spending,584.34
q1_graph3,568284,595581,spending,1772.19
q1_graph3,568284,616315,spending,955.54
q1_graph3,568284,642329,spending,818.09
q1_graph3,568284,503701,spending,2456.28
q1_graph3,568284,571970,spending,92.37
q1_graph3,568284,632961,spending,439.2
q1_graph3,568284,473173,spending,3084.78
q1_graph3,568284,620120,spending,164.3
q1_graph3,568284,575030,spending,3861.34
q1_graph3,568284,621924,spending,817.27
q1_graph3,508898,503218,spending,1437.55
q1_graph3,508898,630626,spending,7216.68
q1_graph3,508898,567195,spending,5377.2
q1_graph3,508898,527449,spending,73.45
q1_graph3,508898,459381,spending,624.98
q1_graph3,508898,595298,spending,2939.52
q1_graph3,508898,466907,spending,1068.85
q1_graph3,508898,589943,spending,2951.76
q1_graph3,508898,537281,spending,1414.3
q1_graph3,508898,523927,spending,3035.49
q1_graph3,508898,580426,spending,384.0
q1_graph3,508898,595581,spending,1272.62
q1_graph3,508898,642329,spending,187.12
q1_graph3,508898,503701,spending,3744.72
q1_graph3,508898,473173,spending,1245.58
q1_graph3,508898,620120,spending,13481.8
q1_graph3,508898,575030,spending,19974.0
q1_graph3,508898,621924,spending,1053.33
q1_graph3,538892,567195,spending,804.6
q1_graph3,538892,527449,spending,66.56
q1_graph3,538892,459381,spending,206.85
q1_graph3,538892,595298,spending,2929.23
q1_graph3,538892,466907,spending,411.67
q1_graph3,538892,589943,spending,1336.5
q1_graph3,538892,577992,spending,2087.94
q1_graph3,538892,537281,spending,115.09
q1_graph3,538892,523927,spending,318.53
q1_graph3,538892,580426,spending,287.96
q1_graph3,538892,642329,spending,1700.68
q1_graph3,538892,632961,spending,232.76
q1_graph3,538892,473173,spending,397.53
q1_graph3,538892,575030,spending,2011.04
q1_graph3,538892,621924,spending,7084.51
q1_graph3,572391,567195,spending,593.37
q1_graph3,572391,527449,spending,377.58
q1_graph3,572391,459381,spending,330.92
q1_graph3,572391,595298,spending,642.73
q1_graph3,572391,466907,spending,288.38
q1_graph3,572391,589943,spending,1117.58
q1_graph3,572391,577992,spending,619.38
q1_graph3,572391,537281,spending,315.44
q1_graph3,572391,580426,spending,140.14
q1_graph3,572391,616315,spending,253.64
q1_graph3,572391,503701,spending,1960.88
q1_graph3,572391,632961,spending,214.29
q1_graph3,572391,473173,spending,787.03
q1_graph3,572391,575030,spending,7690.99
q1_graph3,572391,621924,spending,3433.52
q1_graph3,542965,567195,spending,1031.52
q1_graph3,542965,527449,spending,149.53
q1_graph3,542965,459381,spending,737.83
q1_graph3,542965,595298,spending,3375.37
q1_graph3,542965,466907,spending,177.36
q1_graph3,542965,589943,spending,232.68
q1_graph3,542965,537281,spending,136.94
q1_graph3,542965,523927,spending,1100.57
q1_graph3,542965,580426,spending,613.8
q1_graph3,542965,595581,spending,1637.51
q1_graph3,542965,616315,spending,1420.57
q1_graph3,542965,642329,spending,415.8
q1_graph3,542965,571970,spending,210.09
q1_graph3,542965,632961,spending,373.32
q1_graph3,542965,473173,spending,310.96
q1_graph3,542965,620120,spending,804.21
q1_graph3,542965,575030,spending,8413.6
q1_graph3,542965,621924,spending,798.15
q1_graph3,536951,503218,spending,1252.81
q1_graph3,536951,567195,spending,4019.67
q1_graph3,536951,527449,spending,507.47
q1_graph3,536951,459381,spending,200.63
q1_graph3,536951,595298,spending,1391.04
q1_graph3,536951,466907,spending,620.27
q1_graph3,536951,589943,spending,449.32
q1_graph3,536951,577992,spending,2552.28
q1_graph3,536951,537281,spending,421.71
q1_graph3,536951,523927,spending,475.36
q1_graph3,536951,580426,spending,394.63
q1_graph3,536951,595581,spending,954.38
q1_graph3,536951,616315,spending,2141.56
q1_graph3,536951,642329,spending,1414.94
q1_graph3,536951,503701,spending,3296.54
q1_graph3,536951,473173,spending,221.54
q1_graph3,536951,620120,spending,1187.43
q1_graph3,536951,575030,spending,4620.27
q1_graph3,466976,527449,spending,640.95
q1_graph3,466976,459381,spending,2249.28
q1_graph3,466976,595298,spending,7533.16
q1_graph3,466976,466907,spending,576.32
q1_graph3,466976,589943,spending,3435.72
q1_graph3,466976,577992,spending,3963.81
q1_graph3,466976,537281,spending,848.82
q1_graph3,466976,523927,spending,3202.79
q1_graph3,466976,642329,spending,1652.08
q1_graph3,466976,503701,spending,5169.73
q1_graph3,466976,571970,spending,168.32
q1_graph3,466976,632961,spending,723.89
q1_graph3,466976,473173,spending,7146.89
q1_graph3,466976,620120,spending,248.9
q1_graph3,466976,575030,spending,5749.62
q1_graph3,466976,621924,spending,3816.99
q1_graph3,607386,567195,spending,3985.69
q1_graph3,607386,527449,spending,352.43
q1_graph3,607386,459381,spending,174.81
q1_graph3,607386,595298,spending,5638.62
q1_graph3,607386,466907,spending,2396.91
q1_graph3,607386,589943,spending,622.79
q1_graph3,607386,537281,spending,170.71
q1_graph3,607386,523927,spending,4129.17
q1_graph3,607386,580426,spending,790.97
q1_graph3,607386,595581,spending,618.59
q1_graph3,607386,642329,spending,2377.76
q1_graph3,607386,503701,spending,6084.53
q1_graph3,607386,632961,spending,347.93
q1_graph3,607386,473173,spending,3632.97
q1_graph3,607386,575030,spending,18698.1
q1_graph3,607386,621924,spending,2016.27
q1_graph3,628223,503218,spending,2582.67
q1_graph3,628223,630626,spending,8091.25
q1_graph3,628223,567195,spending,9336.13
q1_graph3,628223,527449,spending,576.14
q1_graph3,628223,459381,spending,978.47
q1_graph3,628223,595298,spending,8384.06
q1_graph3,628223,466907,spending,1096.37
q1_graph3,628223,606730,spending,1846.53
q1_graph3,628223,537281,spending,948.57
q1_graph3,628223,523927,spending,4632.3
q1_graph3,628223,580426,spending,30.83
q1_graph3,628223,595581,spending,3739.59
q1_graph3,628223,642329,spending,4394.98
q1_graph3,628223,503701,spending,7443.2
q1_graph3,628223,571970,spending,304.78
q1_graph3,628223,632961,spending,520.28
q1_graph3,628223,473173,spending,6636.04
q1_graph3,628223,620120,spending,4485.42
q1_graph3,628223,575030,spending,19153.4
q1_graph3,628223,621924,spending,1117.73
q1_graph3,516236,630626,spending,39291.8
q1_graph3,516236,567195,spending,32142.3
q1_graph3,516236,527449,spending,713.06
q1_graph3,516236,459381,spending,1904.74
q1_graph3,516236,595298,spending,1406.81
q1_graph3,516236,466907,spending,1929.22
q1_graph3,516236,589943,spending,6938.77
q1_graph3,516236,537281,spending,5302.1
q1_graph3,516236,523927,spending,2618.5
q1_graph3,516236,580426,spending,8956.1
q1_graph3,516236,595581,spending,11185.4
q1_graph3,516236,616315,spending,4836.31
q1_graph3,516236,503701,spending,2574.66
q1_graph3,516236,571970,spending,280.38
q1_graph3,516236,632961,spending,353.31
q1_graph3,516236,473173,spending,2489.02
q1_graph3,516236,620120,spending,146800.0
q1_graph3,516236,575030,spending,41464.4
q1_graph3,516236,621924,spending,47400.0
q1_graph3,492701,503218,spending,1399.05
q1_graph3,492701,630626,spending,9335.04
q1_graph3,492701,536346,spending,6111.55
q1_graph3,492701,520660,spending,4744.49
q1_graph3,492701,527449,spending,170.12
q1_graph3,492701,459381,spending,1819.6
q1_graph3,492701,595298,spending,8665.54
q1_graph3,492701,466907,spending,1433.99
q1_graph3,492701,589943,spending,4463.25
q1_graph3,492701,523927,spending,2261.47
q1_graph3,492701,595581,spending,3006.51
q1_graph3,492701,616315,spending,3052.63
q1_graph3,492701,642329,spending,2193.96
q1_graph3,492701,571970,spending,251.9
q1_graph3,492701,644226,spending,2367.25
q1_graph3,492701,632961,spending,532.37
q1_graph3,492701,473173,spending,612.6
q1_graph3,492701,620120,spending,4436.3
q1_graph3,492701,575030,spending,16279.8
q1_graph3,584736,630626,spending,19167.7
q1_graph3,584736,567195,spending,26846.9
q1_graph3,584736,527449,spending,494.71
q1_graph3,584736,459381,spending,2778.19
q1_graph3,584736,595298,spending,7045.08
q1_graph3,584736,466907,spending,534.07
q1_graph3,584736,589943,spending,12526.9
q1_graph3,584736,523927,spending,6214.69
q1_graph3,584736,580426,spending,1500.31
q1_graph3,584736,595581,spending,15399.5
q1_graph3,584736,616315,spending,535.85
q1_graph3,584736,642329,spending,6650.38
q1_graph3,584736,503701,spending,5190.51
q1_graph3,584736,571970,spending,117.94
q1_graph3,584736,632961,spending,1100.5
q1_graph3,584736,473173,spending,8001.41
q1_graph3,584736,620120,spending,11520.6
q1_graph3,584736,621924,spending,15668.2
q1_graph3,520084,640784,spending,1761.31
q1_graph3,520084,630626,spending,10072.2
q1_graph3,520084,536346,spending,3978.84
q1_graph3,520084,520660,spending,11179.5
q1_graph3,520084,567195,spending,17907.0
q1_graph3,520084,527449,spending,522.39
q1_graph3,520084,459381,spending,994.25
q1_graph3,520084,595298,spending,2315.62
q1_graph3,520084,466907,spending,1531.51
q1_graph3,520084,589943,spending,15080.3
q1_graph3,520084,577992,spending,8845.36
q1_graph3,520084,537281,spending,2262.18
q1_graph3,520084,523927,spending,5343.67
q1_graph3,520084,580426,spending,2588.29
q1_graph3,520084,595581,spending,13260.7
q1_graph3,520084,642329,spending,2230.88
q1_graph3,520084,503701,spending,16249.6
q1_graph3,520084,644226,spending,2347.91
q1_graph3,520084,632961,spending,2580.06
q1_graph3,520084,473173,spending,530.03
q1_graph3,520084,620120,spending,20358.5
q1_graph3,520084,575030,spending,30415.8
q1_graph3,529433,640784,spending,3538.33
q1_graph3,529433,630626,spending,13854.7
q1_graph3,529433,536346,spending,4349.74
q1_graph3,529433,520660,spending,10862.7
q1_graph3,529433,567195,spending,6540.34
q1_graph3,529433,527449,spending,1415.99
q1_graph3,529433,459381,spending,1597.54
q1_graph3,529433,595298,spending,1812.17
q1_graph3,529433,466907,spending,2716.27
q1_graph3,529433,606730,spending,3419.82
q1_graph3,529433,589943,spending,3143.13
q1_graph3,529433,577992,spending,8060.6
q1_graph3,529433,537281,spending,460.34
q1_graph3,529433,523927,spending,5167.03
q1_graph3,529433,580426,spending,2514.63
q1_graph3,529433,616315,spending,4385.38
q1_graph3,529433,642329,spending,684.27
q1_graph3,529433,503701,spending,210.5
q1_graph3,529433,644226,spending,2158.6
q1_graph3,529433,632961,spending,1017.67
q1_graph3,529433,473173,spending,6453.51
q1_graph3,529433,620120,spending,13393.6
q1_graph3,529433,575030,spending,15821.9
q1_graph3,529433,621924,spending,6900.2
q1_graph3,493094,630626,spending,10157.6
q1_graph3,493094,567195,spending,6315.32
q1_graph3,493094,527449,spending,1159.64
q1_graph3,493094,459381,spending,1793.02
q1_graph3,493094,595298,spending,2799.86
q1_graph3,493094,466907,spending,1723.73
q1_graph3,493094,589943,spending,4391.21
q1_graph3,493094,577992,spending,78.87
q1_graph3,493094,523927,spending,10214.8
q1_graph3,493094,580426,spending,1173.68
q1_graph3,493094,616315,spending,1631.93
q1_graph3,493094,642329,spending,4803.92
q1_graph3,493094,503701,spending,3163.52
q1_graph3,493094,571970,spending,616.21
q1_graph3,493094,473173,spending,3725.96
q1_graph3,493094,620120,spending,3582.65
q1_graph3,493094,621924,spending,2441.93
q1_graph3,604113,567195,spending,102.25
q1_graph3,604113,527449,spending,153.88
q1_graph3,604113,459381,spending,698.03
q1_graph3,604113,595298,spending,926.2
q1_graph3,604113,466907,spending,233.46
q1_graph3,604113,537281,spending,539.3
q1_graph3,604113,523927,spending,323.11
q1_graph3,604113,580426,spending,53.94
q1_graph3,604113,616315,spending,437.88
q1_graph3,604113,642329,spending,402.74
q1_graph3,604113,503701,spending,449.99
q1_graph3,604113,632961,spending,1.53
q1_graph3,604113,473173,spending,435.11
q1_graph3,604113,621924,spending,796.54
q1_graph3,493652,567195,spending,2055.58
q1_graph3,493652,527449,spending,142.76
q1_graph3,493652,459381,spending,156.76
q1_graph3,493652,595298,spending,1299.03
q1_graph3,493652,466907,spending,336.29
q1_graph3,493652,577992,spending,120.27
q1_graph3,493652,537281,spending,304.65
q1_graph3,493652,523927,spending,1011.58
q1_graph3,493652,595581,spending,214.43
q1_graph3,493652,616315,spending,284.93
q1_graph3,493652,642329,spending,490.95
q1_graph3,493652,503701,spending,1132.0
q1_graph3,493652,571970,spending,38.67
q1_graph3,493652,632961,spending,78.12
q1_graph3,493652,473173,spending,1651.44
q1_graph3,493652,620120,spending,1018.22
q1_graph3,493652,575030,spending,8492.89
q1_graph3,493652,621924,spending,85.67
q1_graph3,544074,567195,spending,1003.13
q1_graph3,544074,527449,spending,139.33
q1_graph3,544074,459381,spending,259.1
q1_graph3,544074,595298,spending,370.86
q1_graph3,544074,466907,spending,132.61
q1_graph3,544074,589943,spending,233.7
q1_graph3,544074,577992,spending,73.43
q1_graph3,544074,537281,spending,114.21
q1_graph3,544074,523927,spending,382.88
q1_graph3,544074,580426,spending,18.12
q1_graph3,544074,595581,spending,376.4
q1_graph3,544074,616315,spending,447.16
q1_graph3,544074,503701,spending,567.43
q1_graph3,544074,632961,spending,4.52
q1_graph3,544074,473173,spending,592.22
q1_graph3,544074,620120,spending,243.68
q1_graph3,544074,575030,spending,2345.31
q1_graph3,541619,630626,spending,1088.77
q1_graph3,541619,536346,spending,444.32
q1_graph3,541619,520660,spending,713.5
q1_graph3,541619,567195,spending,26.11
q1_graph3,541619,527449,spending,75.27
q1_graph3,541619,459381,spending,218.46
q1_graph3,541619,595298,spending,208.62
q1_graph3,541619,466907,spending,231.44
q1_graph3,541619,589943,spending,577.37
q1_graph3,541619,577992,spending,16.34
q1_graph3,541619,537281,spending,92.3
q1_graph3,541619,523927,spending,263.52
q1_graph3,541619,580426,spending,125.82
q1_graph3,541619,595581,spending,588.78
q1_graph3,541619,616315,spending,669.26
q1_graph3,541619,642329,spending,21.65
q1_graph3,541619,503701,spending,574.32
q1_graph3,541619,571970,spending,4.93
q1_graph3,541619,644226,spending,146.4
q1_graph3,541619,632961,spending,85.13
q1_graph3,541619,473173,spending,1085.42
q1_graph3,541619,620120,spending,72.99
q1_graph3,541619,575030,spending,2793.29
q1_graph3,541619,621924,spending,283.97
q1_graph3,614761,630626,spending,4471.64
q1_graph3,614761,527449,spending,11.82
q1_graph3,614761,459381,spending,663.33
q1_graph3,614761,595298,spending,1026.74
q1_graph3,614761,466907,spending,584.32
q1_graph3,614761,577992,spending,847.85
q1_graph3,614761,537281,spending,425.54
q1_graph3,614761,523927,spending,3508.3
q1_graph3,614761,580426,spending,17.14
q1_graph3,614761,616315,spending,460.73
q1_graph3,614761,642329,spending,532.11
q1_graph3,614761,503701,spending,1698.46
q1_graph3,614761,632961,spending,489.33
q1_graph3,614761,473173,spending,2501.87
q1_graph3,614761,620120,spending,2556.09
q1_graph3,614761,575030,spending,5740.1
q1_graph3,500813,640784,spending,185.98
q1_graph3,500813,630626,spending,3233.06
q1_graph3,500813,536346,spending,1861.41
q1_graph3,500813,520660,spending,1208.09
q1_graph3,500813,567195,spending,3517.64
q1_graph3,500813,527449,spending,162.65
q1_graph3,500813,459381,spending,340.32
q1_graph3,500813,595298,spending,703.66
q1_graph3,500813,466907,spending,243.26
q1_graph3,500813,577992,spending,2066.72
q1_graph3,500813,537281,spending,635.44
q1_graph3,500813,523927,spending,2511.22
q1_graph3,500813,580426,spending,249.16
q1_graph3,500813,616315,spending,708.12
q1_graph3,500813,642329,spending,1122.43
q1_graph3,500813,503701,spending,1552.37
q1_graph3,500813,571970,spending,161.16
q1_graph3,500813,644226,spending,1241.29
q1_graph3,500813,632961,spending,285.6
q1_graph3,500813,473173,spending,1413.05
q1_graph3,500813,620120,spending,2892.02
q1_graph3,500813,575030,spending,7926.69
q1_graph3,500813,621924,spending,930.98
q1_graph4,464579,536346,spending,5352.39
q1_graph4,464579,567195,spending,1900.95
q1_graph4,464579,527449,spending,1574.64
q1_graph4,464579,459381,spending,1363.77
q1_graph4,464579,595298,spending,9000.7
q1_graph4,464579,466907,spending,1294.57
q1_graph4,464579,577992,spending,1895.87
q1_graph4,464579,537281,spending,741.67
q1_graph4,464579,523927,spending,5666.86
q1_graph4,464579,595581,spending,1840.03
q1_graph4,464579,642329,spending,1267.62
q1_graph4,464579,503701,spending,7921.31
q1_graph4,464579,571970,spending,119.85
q1_graph4,464579,644226,spending,4204.22
q1_graph4,464579,632961,spending,950.28
q1_graph4,464579,473173,spending,1737.76
q1_graph4,464579,620120,spending,6540.04
q1_graph4,464579,575030,spending,5627.55
q1_graph4,482012,630626,spending,5124.17
q1_graph4,482012,527449,spending,283.45
q1_graph4,482012,459381,spending,369.53
q1_graph4,482012,595298,spending,1267.93
q1_graph4,482012,466907,spending,696.89
q1_graph4,482012,577992,spending,988.82
q1_graph4,482012,537281,spending,114.8
q1_graph4,482012,580426,spending,512.19
q1_graph4,482012,595581,spending,133.42
q1_graph4,482012,616315,spending,772.3
q1_graph4,482012,642329,spending,447.06
q1_graph4,482012,503701,spending,2688.4
q1_graph4,482012,571970,spending,41.22
q1_graph4,482012,632961,spending,100.2
q1_graph4,482012,473173,spending,3734.96
q1_graph4,482012,620120,spending,2516.93
q1_graph4,482012,575030,spending,6672.05
q1_graph4,492850,536346,spending,1243.11
q1_graph4,492850,520660,spending,500.25
q1_graph4,492850,567195,spending,1663.24
q1_graph4,492850,527449,spending,49.18
q1_graph4,492850,459381,spending,380.93
q1_graph4,492850,595298,spending,1598.86
q1_graph4,492850,466907,spending,355.75
q1_graph4,492850,589943,spending,2215.63
q1_graph4,492850,537281,spending,392.32
q1_graph4,492850,523927,spending,344.5
q1_graph4,492850,580426,spending,512.35
q1_graph4,492850,595581,spending,15.21
q1_graph4,492850,503701,spending,1845.5
q1_graph4,492850,571970,spending,136.34
q1_graph4,492850,644226,spending,734.04
q1_graph4,492850,473173,spending,311.58
q1_graph4,492850,620120,spending,1039.37
q1_graph4,492850,575030,spending,10152.6
q1_graph4,536906,630626,spending,1844.96
q1_graph4,536906,567195,spending,1525.27
q1_graph4,536906,527449,spending,173.56
q1_graph4,536906,459381,spending,165.42
q1_graph4,536906,595298,spending,309.24
q1_graph4,536906,466907,spending,392.75
q1_graph4,536906,606730,spending,351.2
q1_graph4,536906,589943,spending,852.11
q1_graph4,536906,577992,spending,3283.68
q1_graph4,536906,537281,spending,278.73
q1_graph4,536906,616315,spending,166.04
q1_graph4,536906,642329,spending,724.28
q1_graph4,536906,632961,spending,334.44
q1_graph4,536906,473173,spending,158.92
q1_graph4,536906,620120,spending,97.12
q1_graph4,546593,630626,spending,9245.31
q1_graph4,546593,567195,spending,4241.32
q1_graph4,546593,527449,spending,667.15
q1_graph4,546593,459381,spending,1042.23
q1_graph4,546593,595298,spending,1011.45
q1_graph4,546593,466907,spending,679.18
q1_graph4,546593,589943,spending,4144.21
q1_graph4,546593,577992,spending,5961.09
q1_graph4,546593,537281,spending,1102.59
q1_graph4,546593,580426,spending,1259.95
q1_graph4,546593,595581,spending,1277.66
q1_graph4,546593,642329,spending,1527.56
q1_graph4,546593,503701,spending,6321.04
q1_graph4,546593,473173,spending,2378.14
q1_graph4,546593,620120,spending,1986.66
q1_graph4,569329,536346,spending,115.79
q1_graph4,569329,567195,spending,4210.97
q1_graph4,569329,527449,spending,775.94
q1_graph4,569329,459381,spending,615.23
q1_graph4,569329,595298,spending,3991.31
q1_graph4,569329,466907,spending,1168.89
q1_graph4,569329,577992,spending,2970.54
q1_graph4,569329,523927,spending,2.39
q1_graph4,569329,580426,spending,1021.95
q1_graph4,569329,595581,spending,720.96
q1_graph4,569329,616315,spending,609.94
q1_graph4,569329,503701,spending,1790.61
q1_graph4,569329,644226,spending,2061.71
q1_graph4,569329,473173,spending,2165.12
q1_graph4,569329,620120,spending,1452.84
q1_graph4,569329,575030,spending,14649.5
q1_graph4,580798,536346,spending,426.21
q1_graph4,580798,567195,spending,109.02
q1_graph4,580798,527449,spending,48.73
q1_graph4,580798,459381,spending,4.44
q1_graph4,580798,595298,spending,21.11
q1_graph4,580798,466907,spending,146.95
q1_graph4,580798,577992,spending,1975.82
q1_graph4,580798,537281,spending,168.32
q1_graph4,580798,523927,spending,17.58
q1_graph4,580798,580426,spending,262.83
q1_graph4,580798,616315,spending,1334.54
q1_graph4,580798,642329,spending,187.42
q1_graph4,580798,503701,spending,1514.53
q1_graph4,580798,644226,spending,993.98
q1_graph4,580798,473173,spending,713.31
q1_graph4,580798,575030,spending,4659.92
q1_graph4,588172,630626,spending,1670.19
q1_graph4,588172,567195,spending,509.54
q1_graph4,588172,527449,spending,187.26
q1_graph4,588172,459381,spending,198.14
q1_graph4,588172,595298,spending,594.06
q1_graph4,588172,466907,spending,209.5
q1_graph4,588172,577992,spending,413.23
q1_graph4,588172,537281,spending,18.64
q1_graph4,588172,523927,spending,706.54
q1_graph4,588172,616315,spending,331.34
q1_graph4,588172,642329,spending,177.9
q1_graph4,588172,571970,spending,14.11
q1_graph4,588172,632961,spending,188.27
q1_graph4,588172,473173,spending,119.39
q1_graph4,588172,620120,spending,661.16
q1_graph4,588172,621924,spending,224.71
q1_graph4,636721,630626,spending,1639.51
q1_graph4,636721,567195,spending,646.98
q1_graph4,636721,527449,spending,240.67
q1_graph4,636721,459381,spending,569.33
q1_graph4,636721,595298,spending,1862.42
q1_graph4,636721,466907,spending,400.82
q1_graph4,636721,589943,spending,2841.47
q1_graph4,636721,595581,spending,433.38
q1_graph4,636721,616315,spending,1235.58
q1_graph4,636721,642329,spending,252.2
q1_graph4,636721,503701,spending,1518.22
q1_graph4,636721,571970,spending,149.78
q1_graph4,636721,632961,spending,44.14
q1_graph4,636721,473173,spending,983.64
q1_graph4,636721,621924,spending,796.16
q1_graph4,657526,503218,spending,864.13
q1_graph4,657526,536346,spending,432.71
q1_graph4,657526,520660,spending,3697.33
q1_graph4,657526,567195,spending,6893.61
q1_graph4,657526,527449,spending,102.03
q1_graph4,657526,459381,spending,649.81
q1_graph4,657526,595298,spending,1237.39
q1_graph4,657526,466907,spending,377.67
q1_graph4,657526,589943,spending,6387.94
q1_graph4,657526,577992,spending,1444.46
q1_graph4,657526,537281,spending,896.12
q1_graph4,657526,580426,spending,2708.62
q1_graph4,657526,595581,spending,984.37
q1_graph4,657526,616315,spending,691.57
q1_graph4,657526,503701,spending,2152.02
q1_graph4,657526,644226,spending,1133.34
q1_graph4,657526,473173,spending,417.98
q1_graph4,657526,620120,spending,7935.6
q1_graph4,657526,621924,spending,317.61
q1_graph4,557269,536346,spending,655.13
q1_graph4,557269,520660,spending,730.33
q1_graph4,557269,567195,spending,422.1
q1_graph4,557269,527449,spending,49.47
q1_graph4,557269,459381,spending,203.94
q1_graph4,557269,595298,spending,603.25
q1_graph4,557269,466907,spending,103.21
q1_graph4,557269,606730,spending,114.05
q1_graph4,557269,537281,spending,121.83
q1_graph4,557269,523927,spending,478.86
q1_graph4,557269,580426,spending,226.22
q1_graph4,557269,595581,spending,326.47
q1_graph4,557269,503701,spending,1070.35
q1_graph4,557269,644226,spending,517.84
q1_graph4,557269,473173,spending,85.76
q1_graph4,557269,621924,spending,1351.44
q1_graph4,655963,640784,spending,296.85
q1_graph4,655963,630626,spending,23697.1
q1_graph4,655963,567195,spending,7517.28
q1_graph4,655963,527449,spending,905.62
q1_graph4,655963,459381,spending,1515.98
q1_graph4,655963,595298,spending,7064.27
q1_graph4,655963,466907,spending,3416.1
q1_graph4,655963,589943,spending,4569.15
q1_graph4,655963,577992,spending,4425.31
q1_graph4,655963,523927,spending,5185.15
q1_graph4,655963,580426,spending,3230.1
q1_graph4,655963,616315,spending,1483.75
q1_graph4,655963,642329,spending,3670.14
q1_graph4,655963,571970,spending,524.95
q1_graph4,655963,632961,spending,1960.36
q1_graph4,655963,473173,spending,2511.28
q1_graph4,655963,620120,spending,15948.0
q1_graph4,655963,575030,spending,15436.2
q1_graph4,655963,621924,spending,3952.68
q1_graph4,639642,536346,spending,854.36
q1_graph4,639642,520660,spending,907.2
q1_graph4,639642,567195,spending,3262.45
q1_graph4,639642,527449,spending,355.3
q1_graph4,639642,459381,spending,782.44
q1_graph4,639642,595298,spending,692.16
q1_graph4,639642,466907,spending,553.99
q1_graph4,639642,577992,spending,419.38
q1_graph4,639642,523927,spending,1965.25
q1_graph4,639642,580426,spending,277.86
q1_graph4,639642,595581,spending,1346.99
q1_graph4,639642,642329,spending,1379.15
q1_graph4,639642,503701,spending,2033.67
q1_graph4,639642,571970,spending,75.2
q1_graph4,639642,644226,spending,1415.71
q1_graph4,639642,632961,spending,8.34
q1_graph4,639642,473173,spending,1451.89
q1_graph4,639642,620120,spending,1983.78
q1_graph4,639642,575030,spending,3458.5
q1_graph4,639642,621924,spending,450.07
q1_graph4,585606,503218,spending,636.46
q1_graph4,585606,536346,spending,1624.18
q1_graph4,585606,527449,spending,25.63
q1_graph4,585606,459381,spending,705.58
q1_graph4,585606,595298,spending,979.7
q1_graph4,585606,466907,spending,56.59
q1_graph4,585606,589943,spending,531.78
q1_graph4,585606,537281,spending,317.77
q1_graph4,585606,595581,spending,611.41
q1_graph4,585606,616315,spending,1133.39
q1_graph4,585606,503701,spending,1002.26
q1_graph4,585606,571970,spending,67.06
q1_graph4,585606,644226,spending,395.03
q1_graph4,585606,632961,spending,61.78
q1_graph4,585606,473173,spending,1396.83
q1_graph4,585606,620120,spending,426.85
q1_graph4,585606,575030,spending,6110.68
q1_graph4,585606,621924,spending,4660.12
q1_graph4,571369,640784,spending,1746.28
q1_graph4,571369,536346,spending,4328.33
q1_graph4,571369,527449,spending,580.13
q1_graph4,571369,459381,spending,1403.61
q1_graph4,571369,595298,spending,6710.84
q1_graph4,571369,466907,spending,2069.84
q1_graph4,571369,577992,spending,1752.47
q1_graph4,571369,595581,spending,4033.83
q1_graph4,571369,616315,spending,6237.13
q1_graph4,571369,642329,spending,2505.02
q1_graph4,571369,503701,spending,13236.0
q1_graph4,571369,571970,spending,1469.8
q1_graph4,571369,644226,spending,5371.76
q1_graph4,571369,632961,spending,1665.05
q1_graph4,571369,473173,spending,2302.65
q1_graph4,571369,620120,spending,25968.1
q1_graph4,571369,575030,spending,39565.6
q1_graph4,571369,621924,spending,4412.93
q1_graph4,516873,640784,spending,1118.65
q1_graph4,516873,536346,spending,1367.23
q1_graph4,516873,527449,spending,364.94
q1_graph4,516873,459381,spending,875.9
q1_graph4,516873,595298,spending,2110.77
q1_graph4,516873,466907,spending,1033.21
q1_graph4,516873,589943,spending,4952.46
q1_graph4,516873,577992,spending,4771.52
q1_graph4,516873,537281,spending,552.41
q1_graph4,516873,523927,spending,9585.05
q1_graph4,516873,580426,spending,3966.64
q1_graph4,516873,616315,spending,3586.36
q1_graph4,516873,642329,spending,3838.17
q1_graph4,516873,503701,spending,2835.05
q1_graph4,516873,644226,spending,3068.77
q1_graph4,516873,632961,spending,314.77
q1_graph4,516873,473173,spending,1459.69
q1_graph4,516873,620120,spending,97608.4
q1_graph4,516873,575030,spending,10798.3
q1_graph4,516873,621924,spending,31264.8
q1_graph4,566580,640784,spending,132.44
q1_graph4,566580,630626,spending,1740.54
q1_graph4,566580,527449,spending,103.7
q1_graph4,566580,459381,spending,81.43
q1_graph4,566580,595298,spending,1583.24
q1_graph4,566580,466907,spending,49.59
q1_graph4,566580,577992,spending,1649.44
q1_graph4,566580,523927,spending,2275.25
q1_graph4,566580,616315,spending,1188.57
q1_graph4,566580,632961,spending,221.39
q1_graph4,566580,473173,spending,584.72
q1_graph4,566580,620120,spending,106.88
q1_graph4,566580,575030,spending,3687.2
q1_graph4,566580,621924,spending,788.91
q1_graph4,477374,640784,spending,146.83
q1_graph4,477374,536346,spending,715.96
q1_graph4,477374,567195,spending,1045.51
q1_graph4,477374,527449,spending,272.05
q1_graph4,477374,459381,spending,330.65
q1_graph4,477374,595298,spending,692.91
q1_graph4,477374,466907,spending,56.24
q1_graph4,477374,589943,spending,191.21
q1_graph4,477374,537281,spending,34.71
q1_graph4,477374,523927,spending,897.96
q1_graph4,477374,580426,spending,24.56
q1_graph4,477374,595581,spending,1136.23
q1_graph4,477374,642329,spending,180.66
q1_graph4,477374,503701,spending,2295.07
q1_graph4,477374,571970,spending,64.76
q1_graph4,477374,644226,spending,622.83
q1_graph4,477374,473173,spending,710.23
q1_graph4,477374,620120,spending,1198.06
q1_graph4,477374,575030,spending,333.32
q1_graph4,477374,621924,spending,272.08
q1_graph4,584457,640784,spending,383.6
q1_graph4,584457,536346,spending,1488.77
q1_graph4,584457,567195,spending,1088.44
q1_graph4,584457,527449,spending,61.59
q1_graph4,584457,459381,spending,301.58
q1_graph4,584457,595298,spending,137.73
q1_graph4,584457,589943,spending,2064.53
q1_graph4,584457,537281,spending,111.43
q1_graph4,584457,523927,spending,1285.34
q1_graph4,584457,580426,spending,53.76
q1_graph4,584457,595581,spending,31.71
q1_graph4,584457,616315,spending,843.95
q1_graph4,584457,503701,spending,1347.57
q1_graph4,584457,571970,spending,123.98
q1_graph4,584457,644226,spending,594.22
q1_graph4,584457,473173,spending,127.35
q1_graph4,584457,620120,spending,736.57
q1_graph4,584457,575030,spending,2645.89
q1_graph4,544636,640784,spending,648.85
q1_graph4,544636,503218,spending,826.9
q1_graph4,544636,630626,spending,6870.03
q1_graph4,544636,567195,spending,11603.1
q1_graph4,544636,527449,spending,157.01
q1_graph4,544636,459381,spending,408.08
q1_graph4,544636,595298,spending,781.41
q1_graph4,544636,466907,spending,585.1
q1_graph4,544636,577992,spending,1345.64
q1_graph4,544636,537281,spending,482.61
q1_graph4,544636,523927,spending,1823.33
q1_graph4,544636,580426,spending,266.98
q1_graph4,544636,595581,spending,3506.07
q1_graph4,544636,616315,spending,1135.68
q1_graph4,544636,503701,spending,1866.86
q1_graph4,544636,571970,spending,78.41
q1_graph4,544636,632961,spending,31.31
q1_graph4,544636,473173,spending,362.15
q1_graph4,544636,620120,spending,7595.77
q1_graph4,544636,575030,spending,1166.13
q1_graph4,483005,640784,spending,304.09
q1_graph4,483005,503218,spending,309.77
q1_graph4,483005,536346,spending,562.84
q1_graph4,483005,567195,spending,743.14
q1_graph4,483005,527449,spending,273.13
q1_graph4,483005,459381,spending,424.78
q1_graph4,483005,595298,spending,1796.07
q1_graph4,483005,466907,spending,265.53
q1_graph4,483005,577992,spending,2077.39
q1_graph4,483005,537281,spending,339.53
q1_graph4,483005,523927,spending,147.51
q1_graph4,483005,580426,spending,576.65
q1_graph4,483005,595581,spending,138.96
q1_graph4,483005,616315,spending,578.05
q1_graph4,483005,642329,spending,856.97
q1_graph4,483005,503701,spending,839.07
q1_graph4,483005,644226,spending,950.07
q1_graph4,483005,473173,spending,269.26
q1_graph4,483005,575030,spending,1337.98
q1_graph4,483005,621924,spending,3561.76
q1_graph4,579305,536346,spending,1610.81
q1_graph4,579305,567195,spending,2358.23
q1_graph4,579305,527449,spending,709.81
q1_graph4,579305,459381,spending,902.26
q1_graph4,579305,595298,spending,5024.56
q1_graph4,579305,466907,spending,1704.0
q1_graph4,579305,589943,spending,2187.16
q1_graph4,579305,537281,spending,181.37
q1_graph4,579305,523927,spending,2968.37
q1_graph4,579305,580426,spending,756.21
q1_graph4,579305,595581,spending,4096.56
q1_graph4,579305,616315,spending,3014.6
q1_graph4,579305,642329,spending,3210.12
q1_graph4,579305,571970,spending,271.1
q1_graph4,579305,644226,spending,3653.69
q1_graph4,579305,632961,spending,301.26
q1_graph4,579305,473173,spending,80.93
q1_graph4,579305,620120,spending,874.84
q1_graph4,579305,575030,spending,17251.3
q1_graph4,579305,621924,spending,14454.6
q1_graph4,601496,630626,spending,4789.41
q1_graph4,601496,567195,spending,483.42
q1_graph4,601496,527449,spending,430.54
q1_graph4,601496,459381,spending,466.44
q1_graph4,601496,595298,spending,813.91
q1_graph4,601496,466907,spending,513.06
q1_graph4,601496,606730,spending,400.64
q1_graph4,601496,589943,spending,875.81
q1_graph4,601496,577992,spending,468.27
q1_graph4,601496,537281,spending,111.51
q1_graph4,601496,523927,spending,1547.32
q1_graph4,601496,580426,spending,391.11
q1_graph4,601496,595581,spending,331.23
q1_graph4,601496,616315,spending,1009.57
q1_graph4,601496,642329,spending,168.6
q1_graph4,601496,503701,spending,1997.14
q1_graph4,601496,571970,spending,66.41
q1_graph4,601496,632961,spending,47.31
q1_graph4,601496,473173,spending,1078.45
q1_graph4,601496,620120,spending,206.88
q1_graph4,601496,575030,spending,1817.39
q1_graph4,628320,640784,spending,198.72
q1_graph4,628320,536346,spending,48.44
q1_graph4,628320,520660,spending,1444.23
q1_graph4,628320,567195,spending,414.14
q1_graph4,628320,527449,spending,162.71
q1_graph4,628320,459381,spending,284.91
q1_graph4,628320,595298,spending,1626.88
q1_graph4,628320,466907,spending,235.4
q1_graph4,628320,577992,spending,597.67
q1_graph4,628320,537281,spending,151.93
q1_graph4,628320,523927,spending,940.97
q1_graph4,628320,580426,spending,430.79
q1_graph4,628320,595581,spending,964.22
q1_graph4,628320,616315,spending,1019.65
q1_graph4,628320,642329,spending,669.5
q1_graph4,628320,503701,spending,2076.09
q1_graph4,628320,571970,spending,64.94
q1_graph4,628320,644226,spending,422.27
q1_graph4,628320,632961,spending,208.23
q1_graph4,628320,473173,spending,335.43
q1_graph4,628320,620120,spending,356.86
q1_graph4,628320,575030,spending,1687.09
q1_graph4,541907,630626,spending,2670.87
q1_graph4,541907,567195,spending,1097.67
q1_graph4,541907,527449,spending,3.66
q1_graph4,541907,459381,spending,195.12
q1_graph4,541907,595298,spending,733.14
q1_graph4,541907,466907,spending,206.59
q1_graph4,541907,606730,spending,332.15
q1_graph4,541907,589943,spending,461.43
q1_graph4,541907,537281,spending,245.0
q1_graph4,541907,580426,spending,371.91
q1_graph4,541907,595581,spending,465.34
q1_graph4,541907,616315,spending,492.28
q1_graph4,541907,642329,spending,120.76
q1_graph4,541907,503701,spending,435.81
q1_graph4,541907,632961,spending,114.54
q1_graph4,541907,473173,spending,43.82
q1_graph5,483784,503218,spending,5148.59
q1_graph5,483784,536346,spending,12802.8
q1_graph5,483784,520660,spending,31733.8
q1_graph5,483784,567195,spending,29938.6
q1_graph5,483784,527449,spending,983.85
q1_graph5,483784,459381,spending,1728.16
q1_graph5,483784,595298,spending,6120.39
q1_graph5,483784,466907,spending,2657.09
q1_graph5,483784,589943,spending,10303.1
q1_graph5,483784,577992,spending,18663.5
q1_graph5,483784,537281,spending,1956.93
q1_graph5,483784,523927,spending,5330.29
q1_graph5,483784,580426,spending,18354.9
q1_graph5,483784,595581,spending,8666.52
q1_graph5,483784,616315,spending,36827.8
q1_graph5,483784,642329,spending,8277.9
q1_graph5,483784,503701,spending,17303.8
q1_graph5,483784,571970,spending,1340.05
q1_graph5,483784,644226,spending,7333.98
q1_graph5,483784,632961,spending,2588.25
q1_graph5,483784,473173,spending,572.69
q1_graph5,561819,536346,spending,729.34
q1_graph5,561819,567195,spending,1268.58
q1_graph5,561819,527449,spending,109.98
q1_graph5,561819,459381,spending,61.95
q1_graph5,561819,595298,spending,699.05
q1_graph5,561819,466907,spending,303.21
q1_graph5,561819,589943,spending,541.51
q1_graph5,561819,577992,spending,366.28
q1_graph5,561819,537281,spending,1011.27
q1_graph5,561819,523927,spending,922.76
q1_graph5,561819,595581,spending,982.87
q1_graph5,561819,616315,spending,418.66
q1_graph5,561819,642329,spending,421.73
q1_graph5,561819,503701,spending,661.68
q1_graph5,561819,644226,spending,1027.12
q1_graph5,561819,632961,spending,262.73
q1_graph5,561819,473173,spending,2435.24
q1_graph5,561819,620120,spending,460.37
q1_graph5,561819,575030,spending,2497.95
q1_graph5,561819,621924,spending,417.69
q1_graph5,530990,640784,spending,130.95
q1_graph5,530990,536346,spending,1109.22
q1_graph5,530990,567195,spending,3451.82
q1_graph5,530990,527449,spending,267.97
q1_graph5,530990,459381,spending,216.43
q1_graph5,530990,595298,spending,2126.4
q1_graph5,530990,466907,spending,29.42
q1_graph5,530990,589943,spending,2583.05
q1_graph5,530990,537281,spending,390.48
q1_graph5,530990,580426,spending,749.67
q1_graph5,530990,595581,spending,612.18
q1_graph5,530990,616315,spending,797.33
q1_graph5,530990,503701,spending,2692.27
q1_graph5,530990,644226,spending,134.41
q1_graph5,530990,632961,spending,62.83
q1_graph5,530990,473173,spending,590.84
q1_graph5,530990,620120,spending,3139.99
q1_graph5,530990,575030,spending,7510.12
q1_graph5,619322,640784,spending,444.76
q1_graph5,619322,536346,spending,1982.88
q1_graph5,619322,567195,spending,4452.55
q1_graph5,619322,527449,spending,62.8
q1_graph5,619322,459381,spending,379.61
q1_graph5,619322,595298,spending,1133.88
q1_graph5,619322,466907,spending,655.16
q1_graph5,619322,577992,spending,83.88
q1_graph5,619322,537281,spending,235.34
q1_graph5,619322,580426,spending,534.96
q1_graph5,619322,595581,spending,521.92
q1_graph5,619322,616315,spending,1411.22
q1_graph5,619322,642329,spending,1183.04
q1_graph5,619322,503701,spending,253.08
q1_graph5,619322,571970,spending,112.12
q1_graph5,619322,644226,spending,302.5
q1_graph5,619322,632961,spending,248.96
q1_graph5,619322,473173,spending,1504.41
q1_graph5,619322,620120,spending,5634.9
q1_graph5,619322,621924,spending,712.17
q1_graph5,631903,640784,spending,310.16
q1_graph5,631903,630626,spending,3654.46
q1_graph5,631903,527449,spending,236.72
q1_graph5,631903,459381,spending,205.47
q1_graph5,631903,595298,spending,1661.68
q1_graph5,631903,466907,spending,794.81
q1_graph5,631903,606730,spending,268.99
q1_graph5,631903,589943,spending,1605.74
q1_graph5,631903,537281,spending,717.54
q1_graph5,631903,523927,spending,2819.24
q1_graph5,631903,580426,spending,529.93
q1_graph5,631903,595581,spending,355.59
q1_graph5,631903,503701,spending,2988.87
q1_graph5,631903,571970,spending,62.49
q1_graph5,631903,473173,spending,822.66
q1_graph5,631903,620120,spending,3515.59
q1_graph5,631903,575030,spending,5123.35
q1_graph5,524153,640784,spending,229.28
q1_graph5,524153,536346,spending,3631.34
q1_graph5,524153,527449,spending,1348.59
q1_graph5,524153,459381,spending,1171.36
q1_graph5,524153,595298,spending,7740.68
q1_graph5,524153,466907,spending,143.57
q1_graph5,524153,589943,spending,4739.4
q1_graph5,524153,537281,spending,315.31
q1_graph5,524153,595581,spending,507.95
q1_graph5,524153,616315,spending,3609.81
q1_graph5,524153,642329,spending,930.86
q1_graph5,524153,503701,spending,6028.1
q1_graph5,524153,571970,spending,11.03
q1_graph5,524153,644226,spending,2189.28
q1_graph5,524153,473173,spending,21.71
q1_graph5,524153,620120,spending,1807.45
q1_graph5,524153,575030,spending,17503.1
q1_graph5,524153,621924,spending,3196.25
q1_graph5,549840,640784,spending,205.38
q1_graph5,549840,536346,spending,713.73
q1_graph5,549840,567195,spending,2024.76
q1_graph5,549840,527449,spending,223.53
q1_graph5,549840,459381,spending,574.87
q1_graph5,549840,595298,spending,195.71
q1_graph5,549840,466907,spending,386.66
q1_graph5,549840,589943,spending,1291.33
q1_graph5,549840,577992,spending,2987.84
q1_graph5,549840,537281,spending,392.46
q1_graph5,549840,523927,spending,345.49
q1_graph5,549840,616315,spending,216.7
q1_graph5,549840,503701,spending,2683.2
q1_graph5,549840,644226,spending,643.26
q1_graph5,549840,632961,spending,273.58
q1_graph5,549840,473173,spending,1676.57
q1_graph5,549840,620120,spending,653.86
q1_graph5,549840,575030,spending,4156.52
q1_graph5,549840,621924,spending,248.04
q1_graph5,477657,640784,spending,101.86
q1_graph5,477657,630626,spending,1164.18
q1_graph5,477657,567195,spending,118.6
q1_graph5,477657,527449,spending,116.35
q1_graph5,477657,459381,spending,146.31
q1_graph5,477657,595298,spending,718.46
q1_graph5,477657,466907,spending,252.01
q1_graph5,477657,589943,spending,565.75
q1_graph5,477657,595581,spending,302.61
q1_graph5,477657,616315,spending,581.82
q1_graph5,477657,503701,spending,513.34
q1_graph5,477657,571970,spending,0.17
q1_graph5,477657,473173,spending,437.04
q1_graph5,477657,620120,spending,162.53
q1_graph5,477657,575030,spending,2123.92
q1_graph5,594308,536346,spending,2416.01
q1_graph5,594308,520660,spending,2240.53
q1_graph5,594308,567195,spending,3651.56
q1_graph5,594308,527449,spending,487.49
q1_graph5,594308,459381,spending,298.61
q1_graph5,594308,595298,spending,81.19
q1_graph5,594308,466907,spending,632.36
q1_graph5,594308,589943,spending,71.01
q1_graph5,594308,523927,spending,2959.18
q1_graph5,594308,580426,spending,247.67
q1_graph5,594308,595581,spending,3002.98
q1_graph5,594308,616315,spending,2958.78
q1_graph5,594308,642329,spending,571.12
q1_graph5,594308,503701,spending,1019.14
q1_graph5,594308,644226,spending,974.96
q1_graph5,594308,632961,spending,284.64
q1_graph5,594308,473173,spending,657.17
q1_graph5,594308,620120,spending,3468.46
q1_graph5,594308,575030,spending,6971.99
q1_graph5,594308,621924,spending,190.0
q1_graph5,573137,640784,spending,581.83
q1_graph5,573137,630626,spending,254.74
q1_graph5,573137,567195,spending,1357.29
q1_graph5,573137,527449,spending,45.68
q1_graph5,573137,459381,spending,210.35
q1_graph5,573137,595298,spending,1725.25
q1_graph5,573137,466907,spending,322.4
q1_graph5,573137,589943,spending,2555.9
q1_graph5,573137,577992,spending,83.46
q1_graph5,573137,537281,spending,426.33
q1_graph5,573137,580426,spending,53.93
q1_graph5,573137,595581,spending,625.06
q1_graph5,573137,503701,spending,1210.4
q1_graph5,573137,632961,spending,297.91
q1_graph5,573137,473173,spending,248.56
q1_graph5,573137,620120,spending,1295.19
q1_graph5,573137,575030,spending,4835.03
q1_graph5,573137,621924,spending,328.93
template,2,510031,income,600.0
template,2,552988,income,40000.0
template,27,510031,income,1000.0
template,27,552988,income,50000.0
template,29,552988,income,30000.0
template,31,552988,income,9000.0
template,33,510031,income,400.0
template,33,552988,income,40000.0
template,34,552988,income,10000.0
template,35,552988,income,40000.0
template,36,510031,income,1000.0
template,36,552988,income,10000.0
template,36,620120,income,700.0
template,37,552988,income,20000.0
template,37,620120,income,800.0
template,38,510031,income,70.0
template,38,552988,income,20000.0
template,38,620120,income,400.0
template,39,552988,income,5000.0
template,40,510031,income,800.0
template,40,552988,income,10000.0
template,40,620120,income,300.0
template,41,510031,income,300.0
template,41,552988,income,9000.0
template,42,552988,income,10000.0
template,43,510031,income,20.0
template,43,552988,income,10000.0
template,44,552988,income,200000.0
template,45,510031,income,4000.0
template,45,552988,income,40000.0
template,46,552988,income,30000.0
template,47,552988,income,10000.0
template,48,552988,income,40000.0
template,49,510031,income,1000.0
template,49,552988,income,40000.0
template,52,552988,income,50000.0
template,53,552988,income,50000.0
template,53,620120,income,7000.0
template,54,510031,income,4000.0
template,54,552988,income,30000.0
template,55,510031,income,4000.0
template,55,552988,income,30000.0
template,55,620120,income,2000.0
template,56,552988,income,30000.0
template,57,552988,income,20000.0
template,57,620120,income,200000.0
template,58,510031,income,100.0
template,58,552988,income,3000.0
template,59,552988,income,5000.0
template,60,510031,income,200.0
template,60,552988,income,3000.0
template,60,620120,income,200.0
template,61,510031,income,400.0
template,61,552988,income,4000.0
template,62,510031,income,400.0
template,62,552988,income,10000.0
template,63,552988,income,100000.0
template,63,620120,income,20000.0
template,64,510031,income,1000.0
template,64,552988,income,20000.0
template,65,510031,income,300.0
template,65,552988,income,10000.0
template,0,552988,income,20000.0
q1_graph1,608827,552988,income,143858.0
q1_graph1,589639,510031,income,1840.81
q1_graph1,589639,552988,income,647030.0
q1_graph1,530528,510031,income,1273.93
q1_graph1,530528,552988,income,22471.7
q1_graph1,635706,510031,income,23825.6
q1_graph1,635706,552988,income,619963.0
q1_graph1,490041,552988,income,9945.27
q1_graph1,554431,510031,income,2533.31
q1_graph1,554431,552988,income,25798.3
q1_graph1,554431,620120,income,1916.13
q1_graph1,599956,510031,income,4527.75
q1_graph1,599956,552988,income,87411.8
q1_graph1,566342,552988,income,11191.5
q1_graph1,548513,510031,income,1688.22
q1_graph1,548513,552988,income,8328.29
q1_graph1,548513,620120,income,1057.83
q1_graph1,599057,510031,income,1282.76
q1_graph1,599057,552988,income,26766.3
q1_graph1,599057,620120,income,2317.44
q1_graph1,568093,552988,income,10786.0
q1_graph1,464459,510031,income,453.32
q1_graph1,464459,552988,income,51492.7
q1_graph1,464459,620120,income,3442.81
q1_graph1,635665,510031,income,1388.78
q1_graph1,635665,552988,income,30019.9
q1_graph1,474199,510031,income,556.31
q1_graph1,474199,552988,income,7508.97
q1_graph1,474199,620120,income,500.51
q1_graph1,475130,510031,income,1288.3
q1_graph1,475130,552988,income,10098.5
q1_graph1,596193,552988,income,7055.78
q1_graph1,576641,552988,income,2326.88
q1_graph1,550361,552988,income,12586.9
q1_graph1,463777,510031,income,226.36
q1_graph1,463777,552988,income,7392.6
q1_graph1,463777,620120,income,168.12
q1_graph1,654763,510031,income,999.02
q1_graph1,654763,552988,income,22959.0
q1_graph1,529922,552988,income,47106.5
q1_graph1,599063,510031,income,75.86
q1_graph1,599063,552988,income,19798.9
q1_graph1,622296,552988,income,36123.4
q1_graph1,512397,552988,income,32518.9
q1_graph1,493044,552988,income,18919.4
q1_graph1,592414,552988,income,49976.2
q1_graph1,592414,620120,income,5471.99
q1_graph1,575704,510031,income,596.72
q1_graph1,575704,552988,income,31934.9
q1_graph1,654981,510031,income,304.79
q1_graph1,654981,552988,income,10753.8
q1_graph1,575859,510031,income,1267.83
q1_graph1,575859,552988,income,3304.77
q1_graph1,640464,510031,income,1163.1
q1_graph1,640464,552988,income,6292.61
q1_graph1,640464,620120,income,1089.87
q1_graph1,505722,510031,income,7190.11
q1_graph1,505722,552988,income,900735.0
q1_graph1,517273,510031,income,3161.42
q1_graph1,517273,552988,income,121149.0
q1_graph1,492286,552988,income,69256.8
q1_graph1,636961,552988,income,5807.39
q1_graph1,636961,620120,income,3209.39
q1_graph1,570411,510031,income,209.3
q1_graph1,570411,552988,income,76722.1
q1_graph1,623295,510031,income,467.09
q1_graph1,623295,552988,income,11546.5
q1_graph1,492777,552988,income,9732.82
q1_graph1,492777,620120,income,947.58
q1_graph1,629717,510031,income,1091.21
q1_graph1,629717,552988,income,21204.9
q1_graph1,502591,510031,income,525.02
q1_graph1,502591,552988,income,54333.1
q1_graph1,569820,510031,income,1702.37
q1_graph1,569820,552988,income,202871.0
q1_graph1,591682,552988,income,25608.4
q1_graph1,632150,510031,income,489.09
q1_graph1,632150,552988,income,28528.2
q1_graph1,616050,510031,income,637.05
q1_graph1,616050,552988,income,43606.4
q1_graph1,533140,510031,income,235.04
q1_graph1,533140,552988,income,14701.4
q1_graph2,604021,510031,income,113.92
q1_graph2,604021,552988,income,7756.23
q1_graph2,533094,510031,income,26.94
q1_graph2,533094,552988,income,25708.9
q1_graph2,606043,510031,income,22.11
q1_graph2,606043,552988,income,17608.3
q1_graph2,595057,510031,income,167.12
q1_graph2,595057,552988,income,5705.36
q1_graph2,634181,552988,income,15174.5
q1_graph2,548320,510031,income,601.85
q1_graph2,548320,552988,income,13557.0
q1_graph2,505965,552988,income,9945.54
q1_graph2,572413,552988,income,12652.9
q1_graph2,515794,510031,income,153.68
q1_graph2,515794,552988,income,1258.39
q1_graph2,563584,552988,income,11708.6
q1_graph2,629627,510031,income,336.04
q1_graph2,629627,552988,income,6596.71
q1_graph2,534034,552988,income,6909.84
q1_graph2,599441,552988,income,820.43
q1_graph2,585212,552988,income,7023.93
q1_graph2,536953,552988,income,6721.34
q1_graph2,536953,620120,income,617.0
q1_graph2,515799,552988,income,5150.48
q1_graph2,656156,552988,income,13710.2
q1_graph2,552439,510031,income,244.14
q1_graph2,552439,552988,income,13256.9
q1_graph2,546478,510031,income,652.46
q1_graph2,546478,552988,income,8367.13
q1_graph2,546478,620120,income,1156.32
q1_graph2,488928,552988,income,20518.6
q1_graph2,488928,620120,income,164.14
q1_graph2,602912,552988,income,18351.2
q1_graph2,533024,510031,income,2270.29
q1_graph2,533024,552988,income,34513.1
q1_graph2,499312,510031,income,691.62
q1_graph2,499312,552988,income,19434.5
q1_graph2,464563,552988,income,40893.3
q1_graph2,546626,552988,income,13128.4
q1_graph2,544615,552988,income,14125.6
q1_graph2,533141,510031,income,213.04
q1_graph2,533141,552988,income,12388.0
q1_graph2,533141,620120,income,1499.45
q1_graph2,471663,510031,income,791.5
q1_graph2,471663,552988,income,14177.3
q1_graph2,501047,552988,income,10817.2
q1_graph2,501047,620120,income,1016.19
q1_graph2,534449,552988,income,2249.89
q1_graph2,472522,552988,income,5748.55
q1_graph2,472522,620120,income,1699.98
q1_graph2,477138,552988,income,5714.39
q1_graph2,477138,620120,income,258.62
q1_graph2,475811,510031,income,277.92
q1_graph2,475811,552988,income,4111.4
q1_graph2,475811,620120,income,966.1
q1_graph2,590265,552988,income,8856.87
q1_graph2,590265,620120,income,752.56
q1_graph2,653390,510031,income,724.17
q1_graph2,653390,552988,income,10042.3
q1_graph2,573870,510031,income,356.61
q1_graph2,573870,552988,income,3019.34
q1_graph2,645210,510031,income,437.54
q1_graph2,645210,552988,income,29973.6
q1_graph2,639051,510031,income,8012.8
q1_graph2,639051,552988,income,196567.0
q1_graph2,582851,552988,income,18671.5
q1_graph2,541017,510031,income,289.46
q1_graph2,541017,552988,income,28827.5
q1_graph2,563211,510031,income,2700.9
q1_graph2,563211,552988,income,33865.0
q1_graph2,527597,552988,income,18210.2
q1_graph3,610497,552988,income,3704.63
q1_graph3,578531,510031,income,535.49
q1_graph3,578531,552988,income,44432.6
q1_graph3,657076,552988,income,36157.5
q1_graph3,478754,510031,income,197.45
q1_graph3,478754,552988,income,29465.3
q1_graph3,575295,552988,income,25163.8
q1_graph3,568284,552988,income,7039.65
q1_graph3,508898,510031,income,2664.62
q1_graph3,508898,552988,income,50214.1
q1_graph3,538892,510031,income,612.53
q1_graph3,538892,552988,income,7866.03
q1_graph3,538892,620120,income,1256.32
q1_graph3,572391,510031,income,323.44
q1_graph3,572391,552988,income,9063.18
q1_graph3,572391,620120,income,1472.17
q1_graph3,542965,552988,income,14865.8
q1_graph3,536951,552988,income,5234.64
q1_graph3,466976,552988,income,38019.8
q1_graph3,607386,510031,income,915.56
q1_graph3,607386,552988,income,67455.8
q1_graph3,607386,620120,income,601.22
q1_graph3,628223,510031,income,1129.49
q1_graph3,628223,552988,income,86251.6
q1_graph3,516236,510031,income,6908.27
q1_graph3,516236,552988,income,159997.0
q1_graph3,492701,552988,income,39167.1
q1_graph3,584736,552988,income,134196.0
q1_graph3,520084,510031,income,2024.7
q1_graph3,520084,552988,income,129601.0
q1_graph3,529433,510031,income,1284.37
q1_graph3,529433,552988,income,121408.0
q1_graph3,493094,552988,income,79413.8
q1_graph3,604113,510031,income,115.29
q1_graph3,604113,552988,income,2933.47
q1_graph3,604113,620120,income,154.55
q1_graph3,493652,510031,income,735.72
q1_graph3,493652,552988,income,15445.8
q1_graph3,544074,510031,income,173.45
q1_graph3,544074,552988,income,5639.96
q1_graph3,541619,552988,income,4553.79
q1_graph3,614761,510031,income,2505.35
q1_graph3,614761,552988,income,24662.9
q1_graph3,500813,552988,income,26707.8
q1_graph4,569329,510031,income,498.36
q1_graph4,588172,510031,income,450.54
q1_graph4,492850,510031,income,630.62
q1_graph4,636721,510031,income,32.96
q1_graph4,580798,510031,income,792.79
q1_graph4,546593,510031,income,1878.82
q1_graph4,536906,510031,income,115.42
q1_graph4,569329,552988,income,9478.52
q1_graph4,482012,552988,income,18450.2
q1_graph4,588172,552988,income,4410.78
q1_graph4,492850,552988,income,19821.5
q1_graph4,636721,552988,income,13157.7
q1_graph4,580798,552988,income,8773.28
q1_graph4,546593,552988,income,7720.52
q1_graph4,657526,552988,income,37449.4
q1_graph4,536906,552988,income,2614.97
q1_graph4,464579,552988,income,20352.5
q1_graph4,636721,620120,income,486.33
q1_graph4,580798,620120,income,1502.52
q1_graph4,557269,552988,income,4724.3
q1_graph4,557269,620120,income,35.87
q1_graph4,655963,510031,income,2502.66
q1_graph4,655963,552988,income,109907.0
q1_graph4,639642,510031,income,850.33
q1_graph4,639642,552988,income,17549.4
q1_graph4,585606,510031,income,563.88
q1_graph4,585606,552988,income,3906.88
q1_graph4,571369,510031,income,7855.5
q1_graph4,571369,552988,income,141744.0
q1_graph4,516873,552988,income,67163.2
q1_graph4,566580,510031,income,19.13
q1_graph4,566580,552988,income,3158.36
q1_graph4,477374,552988,income,13703.4
q1_graph4,584457,510031,income,326.38
q1_graph4,584457,552988,income,4963.3
q1_graph4,544636,510031,income,777.87
q1_graph4,544636,552988,income,38582.0
q1_graph4,483005,552988,income,4521.72
q1_graph4,483005,620120,income,415.16
q1_graph4,579305,510031,income,1119.39
q1_graph4,579305,552988,income,27376.1
q1_graph4,601496,552988,income,8395.12
q1_graph4,628320,510031,income,369.59
q1_graph4,628320,552988,income,10065.5
q1_graph4,541907,510031,income,357.94
q1_graph4,541907,552988,income,7219.68
q1_graph4,541907,620120,income,7.79
q1_graph5,483784,510031,income,1201.05
q1_graph5,483784,552988,income,441206.0
q1_graph5,483784,620120,income,2356.79
q1_graph5,561819,552988,income,11074.4
q1_graph5,530990,510031,income,325.81
q1_graph5,530990,552988,income,21534.1
q1_graph5,619322,552988,income,25157.9
q1_graph5,631903,552988,income,23118.1
q1_graph5,524153,510031,income,4561.47
q1_graph5,524153,552988,income,23069.8
q1_graph5,549840,510031,income,762.06
q1_graph5,549840,552988,income,10144.0
q1_graph5,477657,510031,income,392.38
q1_graph5,477657,552988,income,3562.94
q1_graph5,594308,510031,income,1693.86
q1_graph5,594308,552988,income,33720.8
q1_graph5,573137,552988,income,11488.3
