Source,eType,Target,Time,Weight,SourceLocation,TargetLocation,SourceLatitude,SourceLongitude,TargetLatitude,TargetLongitude,graph,datetime,date,day_of_year,week,month,hour,edge_type,source_node_type,source_node_type_name,target_node_type,target_node_type_name
0,4,-99,-99,-99.0,,,,,,,template,2024-12-31 23:58:21,2024-12-31,366,1,12,23,author_of,1,person,3,document
41,0,34,86400,1.0,,,,,,,template,2025-01-02 00:00:00,2025-01-02,2,1,1,0,email,1,person,1,person
37,0,27,94461,1.0,,,,,,,template,2025-01-02 02:14:21,2025-01-02,2,1,1,2,email,1,person,1,person
34,1,27,107548,1.0,5.0,5.0,,,,,template,2025-01-02 05:52:28,2025-01-02,2,1,1,5,phone,1,person,1,person
41,0,37,127838,1.0,,,,,,,template,2025-01-02 11:30:38,2025-01-02,2,1,1,11,email,1,person,1,person
34,1,37,137358,1.0,5.0,5.0,,,,,template,2025-01-02 14:09:18,2025-01-02,2,1,1,14,phone,1,person,1,person
27,0,41,137514,1.0,,,,,,,template,2025-01-02 14:11:54,2025-01-02,2,1,1,14,email,1,person,1,person
27,0,41,146000,1.0,,,,,,,template,2025-01-02 16:33:20,2025-01-02,2,1,1,16,email,1,person,1,person
41,1,37,149161,1.0,5.0,5.0,,,,,template,2025-01-02 17:26:01,2025-01-02,2,1,1,17,phone,1,person,1,person
37,0,34,158428,1.0,,,,,,,template,2025-01-02 20:00:28,2025-01-02,2,1,1,20,email,1,person,1,person
41,0,34,169247,1.0,,,,,,,template,2025-01-02 23:00:47,2025-01-02,2,1,1,23,email,1,person,1,person
27,1,37,177201,1.0,5.0,5.0,,,,,template,2025-01-03 01:13:21,2025-01-03,3,1,1,1,phone,1,person,1,person
37,1,41,183172,1.0,5.0,5.0,,,,,template,2025-01-03 02:52:52,2025-01-03,3,1,1,2,phone,1,person,1,person
41,0,27,216582,1.0,,,,,,,template,2025-01-03 12:09:42,2025-01-03,3,1,1,12,email,1,person,1,person
34,1,41,218423,1.0,5.0,5.0,,,,,template,2025-01-03 12:40:23,2025-01-03,3,1,1,12,phone,1,person,1,person
41,1,27,230069,1.0,5.0,5.0,,,,,template,2025-01-03 15:54:29,2025-01-03,3,1,1,15,phone,1,person,1,person
41,1,37,233022,1.0,5.0,5.0,,,,,template,2025-01-03 16:43:42,2025-01-03,3,1,1,16,phone,1,person,1,person
34,1,41,236079,1.0,5.0,5.0,,,,,template,2025-01-03 17:34:39,2025-01-03,3,1,1,17,phone,1,person,1,person
41,1,37,239793,1.0,5.0,5.0,,,,,template,2025-01-03 18:36:33,2025-01-03,3,1,1,18,phone,1,person,1,person
37,1,27,265109,1.0,5.0,5.0,,,,,template,2025-01-04 01:38:29,2025-01-04,4,1,1,1,phone,1,person,1,person
37,0,41,268112,1.0,,,,,,,template,2025-01-04 02:28:32,2025-01-04,4,1,1,2,email,1,person,1,person
37,0,34,272059,1.0,,,,,,,template,2025-01-04 03:34:19,2025-01-04,4,1,1,3,email,1,person,1,person
34,1,27,276813,1.0,5.0,5.0,,,,,template,2025-01-04 04:53:33,2025-01-04,4,1,1,4,phone,1,person,1,person
34,1,27,288578,1.0,5.0,5.0,,,,,template,2025-01-04 08:09:38,2025-01-04,4,1,1,8,phone,1,person,1,person
41,1,37,293985,1.0,5.0,5.0,,,,,template,2025-01-04 09:39:45,2025-01-04,4,1,1,9,phone,1,person,1,person
34,1,37,318223,1.0,5.0,5.0,,,,,template,2025-01-04 16:23:43,2025-01-04,4,1,1,16,phone,1,person,1,person
34,1,41,345461,1.0,5.0,5.0,,,,,template,2025-01-04 23:57:41,2025-01-04,4,1,1,23,phone,1,person,1,person
37,1,34,346631,1.0,5.0,5.0,,,,,template,2025-01-05 00:17:11,2025-01-05,5,1,1,0,phone,1,person,1,person
34,1,37,350177,1.0,5.0,5.0,,,,,template,2025-01-05 01:16:17,2025-01-05,5,1,1,1,phone,1,person,1,person
41,1,27,362034,1.0,5.0,5.0,,,,,template,2025-01-05 04:33:54,2025-01-05,5,1,1,4,phone,1,person,1,person
40,0,0,368628,1.0,,,,,,,template,2025-01-05 06:23:48,2025-01-05,5,1,1,6,email,1,person,1,person
41,1,34,374986,1.0,5.0,5.0,,,,,template,2025-01-05 08:09:46,2025-01-05,5,1,1,8,phone,1,person,1,person
37,0,34,395798,1.0,,,,,,,template,2025-01-05 13:56:38,2025-01-05,5,1,1,13,email,1,person,1,person
37,0,34,399788,1.0,,,,,,,template,2025-01-05 15:03:08,2025-01-05,5,1,1,15,email,1,person,1,person
37,0,41,401565,1.0,,,,,,,template,2025-01-05 15:32:45,2025-01-05,5,1,1,15,email,1,person,1,person
37,0,27,411242,1.0,,,,,,,template,2025-01-05 18:14:02,2025-01-05,5,1,1,18,email,1,person,1,person
34,0,37,412501,1.0,,,,,,,template,2025-01-05 18:35:01,2025-01-05,5,1,1,18,email,1,person,1,person
37,1,27,417194,1.0,5.0,5.0,,,,,template,2025-01-05 19:53:14,2025-01-05,5,1,1,19,phone,1,person,1,person
34,1,37,431903,1.0,5.0,5.0,,,,,template,2025-01-05 23:58:23,2025-01-05,5,1,1,23,phone,1,person,1,person
34,1,37,459754,1.0,5.0,5.0,,,,,template,2025-01-06 07:42:34,2025-01-06,6,2,1,7,phone,1,person,1,person
37,0,41,476347,1.0,,,,,,,template,2025-01-06 12:19:07,2025-01-06,6,2,1,12,email,1,person,1,person
41,0,39,494408,1.0,,,,,,,template,2025-01-06 17:20:08,2025-01-06,6,2,1,17,email,1,person,1,person
34,0,27,509489,1.0,,,,,,,template,2025-01-06 21:31:29,2025-01-06,6,2,1,21,email,1,person,1,person
34,1,27,533633,1.0,5.0,5.0,,,,,template,2025-01-07 04:13:53,2025-01-07,7,2,1,4,phone,1,person,1,person
41,0,37,540456,1.0,,,,,,,template,2025-01-07 06:07:36,2025-01-07,7,2,1,6,email,1,person,1,person
37,0,41,552924,1.0,,,,,,,template,2025-01-07 09:35:24,2025-01-07,7,2,1,9,email,1,person,1,person
34,1,27,558469,1.0,5.0,5.0,,,,,template,2025-01-07 11:07:49,2025-01-07,7,2,1,11,phone,1,person,1,person
37,0,34,573446,1.0,,,,,,,template,2025-01-07 15:17:26,2025-01-07,7,2,1,15,email,1,person,1,person
65,1,39,575922,1.0,5.0,5.0,,,,,template,2025-01-07 15:58:42,2025-01-07,7,2,1,15,phone,1,person,1,person
27,1,41,576871,1.0,5.0,5.0,,,,,template,2025-01-07 16:14:31,2025-01-07,7,2,1,16,phone,1,person,1,person
41,1,34,585647,1.0,5.0,5.0,,,,,template,2025-01-07 18:40:47,2025-01-07,7,2,1,18,phone,1,person,1,person
41,0,34,588261,1.0,,,,,,,template,2025-01-07 19:24:21,2025-01-07,7,2,1,19,email,1,person,1,person
27,1,34,589534,1.0,5.0,5.0,,,,,template,2025-01-07 19:45:34,2025-01-07,7,2,1,19,phone,1,person,1,person
41,1,34,600413,1.0,5.0,5.0,,,,,template,2025-01-07 22:46:53,2025-01-07,7,2,1,22,phone,1,person,1,person
41,1,34,609669,1.0,5.0,5.0,,,,,template,2025-01-08 01:21:09,2025-01-08,8,2,1,1,phone,1,person,1,person
41,0,34,611246,1.0,,,,,,,template,2025-01-08 01:47:26,2025-01-08,8,2,1,1,email,1,person,1,person
37,0,27,614378,1.0,,,,,,,template,2025-01-08 02:39:38,2025-01-08,8,2,1,2,email,1,person,1,person
41,0,34,631688,1.0,,,,,,,template,2025-01-08 07:28:08,2025-01-08,8,2,1,7,email,1,person,1,person
34,1,27,637600,1.0,5.0,5.0,,,,,template,2025-01-08 09:06:40,2025-01-08,8,2,1,9,phone,1,person,1,person
41,1,37,642322,1.0,5.0,5.0,,,,,template,2025-01-08 10:25:22,2025-01-08,8,2,1,10,phone,1,person,1,person
37,0,34,647884,1.0,,,,,,,template,2025-01-08 11:58:04,2025-01-08,8,2,1,11,email,1,person,1,person
27,1,37,665052,1.0,5.0,5.0,,,,,template,2025-01-08 16:44:12,2025-01-08,8,2,1,16,phone,1,person,1,person
41,1,0,700042,1.0,5.0,5.0,,,,,template,2025-01-09 02:27:22,2025-01-09,9,2,1,2,phone,1,person,1,person
65,1,41,1539767,1.0,5.0,5.0,,,,,template,2025-01-18 19:42:47,2025-01-18,18,3,1,19,phone,1,person,1,person
65,0,41,1815123,1.0,,,,,,,template,2025-01-22 00:12:03,2025-01-22,22,4,1,0,email,1,person,1,person
65,0,39,2025218,1.0,,,,,,,template,2025-01-24 10:33:38,2025-01-24,24,4,1,10,email,1,person,1,person
65,0,41,2219841,1.0,,,,,,,template,2025-01-26 16:37:21,2025-01-26,26,4,1,16,email,1,person,1,person
40,0,39,2274508,1.0,,,,,,,template,2025-01-27 07:48:28,2025-01-27,27,5,1,7,email,1,person,1,person
40,1,39,2299346,1.0,5.0,5.0,,,,,template,2025-01-27 14:42:26,2025-01-27,27,5,1,14,phone,1,person,1,person
65,0,41,2531012,1.0,,,,,,,template,2025-01-30 07:03:32,2025-01-30,30,5,1,7,email,1,person,1,person
40,0,41,2606356,1.0,,,,,,,template,2025-01-31 03:59:16,2025-01-31,31,5,1,3,email,1,person,1,person
40,0,0,2728873,1.0,,,,,,,template,2025-02-01 14:01:13,2025-02-01,32,5,2,14,email,1,person,1,person
41,0,39,2811368,1.0,,,,,,,template,2025-02-02 12:56:08,2025-02-02,33,5,2,12,email,1,person,1,person
41,0,39,2916910,1.0,,,,,,,template,2025-02-03 18:15:10,2025-02-03,34,6,2,18,email,1,person,1,person
67,0,39,2918105,1.0,,,,,,,template,2025-02-03 18:35:05,2025-02-03,34,6,2,18,email,1,person,1,person
47,0,39,2950842,1.0,,,,,,,template,2025-02-04 03:40:42,2025-02-04,35,6,2,3,email,1,person,1,person
39,0,66,2988949,1.0,,,,,,,template,2025-02-04 14:15:49,2025-02-04,35,6,2,14,email,1,person,1,person
67,0,47,3046943,1.0,,,,,,,template,2025-02-05 06:22:23,2025-02-05,36,6,2,6,email,1,person,1,person
41,1,0,3056926,1.0,5.0,5.0,,,,,template,2025-02-05 09:08:46,2025-02-05,36,6,2,9,phone,1,person,1,person
41,0,65,3194279,1.0,,,,,,,template,2025-02-06 23:17:59,2025-02-06,37,6,2,23,email,1,person,1,person
67,0,39,3239797,1.0,,,,,,,template,2025-02-07 11:56:37,2025-02-07,38,6,2,11,email,1,person,1,person
40,0,39,3253335,1.0,,,,,,,template,2025-02-07 15:42:15,2025-02-07,38,6,2,15,email,1,person,1,person
67,0,47,3274683,1.0,,,,,,,template,2025-02-07 21:38:03,2025-02-07,38,6,2,21,email,1,person,1,person
65,1,0,3305014,1.0,5.0,5.0,,,,,template,2025-02-08 06:03:34,2025-02-08,39,6,2,6,phone,1,person,1,person
41,1,40,3329197,1.0,5.0,5.0,,,,,template,2025-02-08 12:46:37,2025-02-08,39,6,2,12,phone,1,person,1,person
40,1,65,3411168,1.0,5.0,5.0,,,,,template,2025-02-09 11:32:48,2025-02-09,40,6,2,11,phone,1,person,1,person
65,1,0,3498622,1.0,5.0,5.0,,,,,template,2025-02-10 11:50:22,2025-02-10,41,7,2,11,phone,1,person,1,person
41,1,65,3516325,1.0,5.0,5.0,,,,,template,2025-02-10 16:45:25,2025-02-10,41,7,2,16,phone,1,person,1,person
41,1,39,3600085,1.0,5.0,5.0,,,,,template,2025-02-11 16:01:25,2025-02-11,42,7,2,16,phone,1,person,1,person
41,0,0,3659034,1.0,,,,,,,template,2025-02-12 08:23:54,2025-02-12,43,7,2,8,email,1,person,1,person
39,0,47,3759876,1.0,,,,,,,template,2025-02-13 12:24:36,2025-02-13,44,7,2,12,email,1,person,1,person
67,0,47,3961182,1.0,,,,,,,template,2025-02-15 20:19:42,2025-02-15,46,7,2,20,email,1,person,1,person
40,0,39,4053111,1.0,,,,,,,template,2025-02-16 21:51:51,2025-02-16,47,7,2,21,email,1,person,1,person
67,0,39,4070126,1.0,,,,,,,template,2025-02-17 02:35:26,2025-02-17,48,8,2,2,email,1,person,1,person
47,0,39,4070519,1.0,,,,,,,template,2025-02-17 02:41:59,2025-02-17,48,8,2,2,email,1,person,1,person
39,0,66,4090886,1.0,,,,,,,template,2025-02-17 08:21:26,2025-02-17,48,8,2,8,email,1,person,1,person
47,0,39,4095752,1.0,,,,,,,template,2025-02-17 09:42:32,2025-02-17,48,8,2,9,email,1,person,1,person
67,0,39,4127140,1.0,,,,,,,template,2025-02-17 18:25:40,2025-02-17,48,8,2,18,email,1,person,1,person
41,1,0,4131639,1.0,5.0,5.0,,,,,template,2025-02-17 19:40:39,2025-02-17,48,8,2,19,phone,1,person,1,person
40,1,0,4154217,1.0,5.0,5.0,,,,,template,2025-02-18 01:56:57,2025-02-18,49,8,2,1,phone,1,person,1,person
67,0,39,4183004,1.0,,,,,,,template,2025-02-18 09:56:44,2025-02-18,49,8,2,9,email,1,person,1,person
40,1,41,4270052,1.0,5.0,5.0,,,,,template,2025-02-19 10:07:32,2025-02-19,50,8,2,10,phone,1,person,1,person
41,1,40,4277208,1.0,5.0,5.0,,,,,template,2025-02-19 12:06:48,2025-02-19,50,8,2,12,phone,1,person,1,person
41,1,39,4277404,1.0,5.0,5.0,,,,,template,2025-02-19 12:10:04,2025-02-19,50,8,2,12,phone,1,person,1,person
47,0,39,4382315,1.0,,,,,,,template,2025-02-20 17:18:35,2025-02-20,51,8,2,17,email,1,person,1,person
40,1,65,4484132,1.0,5.0,5.0,,,,,template,2025-02-21 21:35:32,2025-02-21,52,8,2,21,phone,1,person,1,person
65,1,40,4496982,1.0,5.0,5.0,,,,,template,2025-02-22 01:09:42,2025-02-22,53,8,2,1,phone,1,person,1,person
41,1,65,4551749,1.0,5.0,5.0,,,,,template,2025-02-22 16:22:29,2025-02-22,53,8,2,16,phone,1,person,1,person
39,0,47,4586298,1.0,,,,,,,template,2025-02-23 01:58:18,2025-02-23,54,8,2,1,email,1,person,1,person
39,0,66,4621522,1.0,,,,,,,template,2025-02-23 11:45:22,2025-02-23,54,8,2,11,email,1,person,1,person
41,1,65,4782814,1.0,5.0,5.0,,,,,template,2025-02-25 08:33:34,2025-02-25,56,9,2,8,phone,1,person,1,person
40,0,39,4886159,1.0,,,,,,,template,2025-02-26 13:15:59,2025-02-26,57,9,2,13,email,1,person,1,person
40,1,65,4957547,1.0,5.0,5.0,,,,,template,2025-02-27 09:05:47,2025-02-27,58,9,2,9,phone,1,person,1,person
41,0,39,4976943,1.0,,,,,,,template,2025-02-27 14:29:03,2025-02-27,58,9,2,14,email,1,person,1,person
65,1,0,4987301,1.0,5.0,5.0,,,,,template,2025-02-27 17:21:41,2025-02-27,58,9,2,17,phone,1,person,1,person
47,0,39,5007419,1.0,,,,,,,template,2025-02-27 22:56:59,2025-02-27,58,9,2,22,email,1,person,1,person
65,0,0,5031586,1.0,,,,,,,template,2025-02-28 05:39:46,2025-02-28,59,9,2,5,email,1,person,1,person
47,0,39,5196460,1.0,,,,,,,template,2025-03-02 03:27:40,2025-03-02,61,9,3,3,email,1,person,1,person
39,0,66,5310512,1.0,,,,,,,template,2025-03-03 11:08:32,2025-03-03,62,10,3,11,email,1,person,1,person
67,0,39,5385092,1.0,,,,,,,template,2025-03-04 07:51:32,2025-03-04,63,10,3,7,email,1,person,1,person
39,0,66,5509228,1.0,,,,,,,template,2025-03-05 18:20:28,2025-03-05,64,10,3,18,email,1,person,1,person
39,0,47,5539314,1.0,,,,,,,template,2025-03-06 02:41:54,2025-03-06,65,10,3,2,email,1,person,1,person
41,1,65,5686004,1.0,5.0,5.0,,,,,template,2025-03-07 19:26:44,2025-03-07,66,10,3,19,phone,1,person,1,person
41,0,39,5691175,1.0,,,,,,,template,2025-03-07 20:52:55,2025-03-07,66,10,3,20,email,1,person,1,person
41,0,39,5742139,1.0,,,,,,,template,2025-03-08 11:02:19,2025-03-08,67,10,3,11,email,1,person,1,person
65,1,40,5766198,1.0,5.0,5.0,,,,,template,2025-03-08 17:43:18,2025-03-08,67,10,3,17,phone,1,person,1,person
40,0,0,5775248,1.0,,,,,,,template,2025-03-08 20:14:08,2025-03-08,67,10,3,20,email,1,person,1,person
65,1,41,5830690,1.0,5.0,5.0,,,,,template,2025-03-09 11:38:10,2025-03-09,68,10,3,11,phone,1,person,1,person
41,1,39,5971021,1.0,5.0,5.0,,,,,template,2025-03-11 02:37:01,2025-03-11,70,11,3,2,phone,1,person,1,person
39,0,40,6040991,1.0,,,,,,,template,2025-03-11 22:03:11,2025-03-11,70,11,3,22,email,1,person,1,person
67,0,39,6042993,1.0,,,,,,,template,2025-03-11 22:36:33,2025-03-11,70,11,3,22,email,1,person,1,person
67,0,39,6049965,1.0,,,,,,,template,2025-03-12 00:32:45,2025-03-12,71,11,3,0,email,1,person,1,person
40,1,41,6105265,1.0,5.0,5.0,,,,,template,2025-03-12 15:54:25,2025-03-12,71,11,3,15,phone,1,person,1,person
41,0,65,6165002,1.0,,,,,,,template,2025-03-13 08:30:02,2025-03-13,72,11,3,8,email,1,person,1,person
47,0,39,6317557,1.0,,,,,,,template,2025-03-15 02:52:37,2025-03-15,74,11,3,2,email,1,person,1,person
65,1,40,6482840,1.0,5.0,5.0,,,,,template,2025-03-17 00:47:20,2025-03-17,76,12,3,0,phone,1,person,1,person
40,1,0,6786345,1.0,5.0,5.0,,,,,template,2025-03-20 13:05:45,2025-03-20,79,12,3,13,phone,1,person,1,person
41,1,65,6855138,1.0,5.0,5.0,,,,,template,2025-03-21 08:12:18,2025-03-21,80,12,3,8,phone,1,person,1,person
47,0,39,7171539,1.0,,,,,,,template,2025-03-25 00:05:39,2025-03-25,84,13,3,0,email,1,person,1,person
39,0,67,7312933,1.0,,,,,,,template,2025-03-26 15:22:13,2025-03-26,85,13,3,15,email,1,person,1,person
41,0,40,7402620,1.0,,,,,,,template,2025-03-27 16:17:00,2025-03-27,86,13,3,16,email,1,person,1,person
65,1,0,7414374,1.0,5.0,5.0,,,,,template,2025-03-27 19:32:54,2025-03-27,86,13,3,19,phone,1,person,1,person
40,1,39,7533645,1.0,5.0,5.0,,,,,template,2025-03-29 04:40:45,2025-03-29,88,13,3,4,phone,1,person,1,person
39,0,47,7781464,1.0,,,,,,,template,2025-04-01 01:31:04,2025-04-01,91,14,4,1,email,1,person,1,person
40,0,65,7808457,1.0,,,,,,,template,2025-04-01 09:00:57,2025-04-01,91,14,4,9,email,1,person,1,person
47,0,39,7819876,1.0,,,,,,,template,2025-04-01 12:11:16,2025-04-01,91,14,4,12,email,1,person,1,person
41,0,65,7943328,1.0,,,,,,,template,2025-04-02 22:28:48,2025-04-02,92,14,4,22,email,1,person,1,person
40,0,65,8044475,1.0,,,,,,,template,2025-04-04 02:34:35,2025-04-04,94,14,4,2,email,1,person,1,person
39,0,67,8104116,1.0,,,,,,,template,2025-04-04 19:08:36,2025-04-04,94,14,4,19,email,1,person,1,person
40,1,0,8119939,1.0,5.0,5.0,,,,,template,2025-04-04 23:32:19,2025-04-04,94,14,4,23,phone,1,person,1,person
47,0,67,8133038,1.0,,,,,,,template,2025-04-05 03:10:38,2025-04-05,95,14,4,3,email,1,person,1,person
41,0,0,8185766,1.0,,,,,,,template,2025-04-05 17:49:26,2025-04-05,95,14,4,17,email,1,person,1,person
39,0,67,8329065,1.0,,,,,,,template,2025-04-07 09:37:45,2025-04-07,97,15,4,9,email,1,person,1,person
39,0,47,8343434,1.0,,,,,,,template,2025-04-07 13:37:14,2025-04-07,97,15,4,13,email,1,person,1,person
67,0,39,8355747,1.0,,,,,,,template,2025-04-07 17:02:27,2025-04-07,97,15,4,17,email,1,person,1,person
41,0,65,8362608,1.0,,,,,,,template,2025-04-07 18:56:48,2025-04-07,97,15,4,18,email,1,person,1,person
39,0,47,8368424,1.0,,,,,,,template,2025-04-07 20:33:44,2025-04-07,97,15,4,20,email,1,person,1,person
67,0,39,8417268,1.0,,,,,,,template,2025-04-08 10:07:48,2025-04-08,98,15,4,10,email,1,person,1,person
39,0,67,8457147,1.0,,,,,,,template,2025-04-08 21:12:27,2025-04-08,98,15,4,21,email,1,person,1,person
67,0,39,8476012,1.0,,,,,,,template,2025-04-09 02:26:52,2025-04-09,99,15,4,2,email,1,person,1,person
41,0,65,8517950,1.0,,,,,,,template,2025-04-09 14:05:50,2025-04-09,99,15,4,14,email,1,person,1,person
39,0,67,8734801,1.0,,,,,,,template,2025-04-12 02:20:01,2025-04-12,102,15,4,2,email,1,person,1,person
40,1,39,8900010,1.0,5.0,5.0,,,,,template,2025-04-14 00:13:30,2025-04-14,104,16,4,0,phone,1,person,1,person
65,1,40,8903126,1.0,5.0,5.0,,,,,template,2025-04-14 01:05:26,2025-04-14,104,16,4,1,phone,1,person,1,person
47,0,39,8904333,1.0,,,,,,,template,2025-04-14 01:25:33,2025-04-14,104,16,4,1,email,1,person,1,person
47,0,67,9000765,1.0,,,,,,,template,2025-04-15 04:12:45,2025-04-15,105,16,4,4,email,1,person,1,person
47,0,39,9011916,1.0,,,,,,,template,2025-04-15 07:18:36,2025-04-15,105,16,4,7,email,1,person,1,person
41,0,0,9046447,1.0,,,,,,,template,2025-04-15 16:54:07,2025-04-15,105,16,4,16,email,1,person,1,person
39,0,47,9067046,1.0,,,,,,,template,2025-04-15 22:37:26,2025-04-15,105,16,4,22,email,1,person,1,person
40,0,41,9105534,1.0,,,,,,,template,2025-04-16 09:18:54,2025-04-16,106,16,4,9,email,1,person,1,person
65,1,39,9304539,1.0,5.0,5.0,,,,,template,2025-04-18 16:35:39,2025-04-18,108,16,4,16,phone,1,person,1,person
39,0,47,9383841,1.0,,,,,,,template,2025-04-19 14:37:21,2025-04-19,109,16,4,14,email,1,person,1,person
40,0,0,9393786,1.0,,,,,,,template,2025-04-19 17:23:06,2025-04-19,109,16,4,17,email,1,person,1,person
67,2,657187,9519349,300.0,,,,,,,template,2025-04-21 04:15:49,2025-04-21,111,17,4,4,sell,1,person,2,product_category
39,3,657187,9519349,300.0,,,,,,,template,2025-04-21 04:15:49,2025-04-21,111,17,4,4,buy,1,person,2,product_category
47,0,39,9719464,1.0,,,,,,,template,2025-04-23 11:51:04,2025-04-23,113,17,4,11,email,1,person,1,person
47,0,67,9726589,1.0,,,,,,,template,2025-04-23 13:49:49,2025-04-23,113,17,4,13,email,1,person,1,person
39,0,47,9736761,1.0,,,,,,,template,2025-04-23 16:39:21,2025-04-23,113,17,4,16,email,1,person,1,person
39,0,67,10119416,1.0,,,,,,,template,2025-04-28 02:56:56,2025-04-28,118,18,4,2,email,1,person,1,person
47,0,39,10213514,1.0,,,,,,,template,2025-04-29 05:05:14,2025-04-29,119,18,4,5,email,1,person,1,person
67,0,39,10297266,1.0,,,,,,,template,2025-04-30 04:21:06,2025-04-30,120,18,4,4,email,1,person,1,person
47,0,67,10330246,1.0,,,,,,,template,2025-04-30 13:30:46,2025-04-30,120,18,4,13,email,1,person,1,person
39,0,67,10872933,1.0,,,,,,,template,2025-05-06 20:15:33,2025-05-06,126,19,5,20,email,1,person,1,person
47,0,67,11077036,1.0,,,,,,,template,2025-05-09 04:57:16,2025-05-09,129,19,5,4,email,1,person,1,person
47,0,39,11199155,1.0,,,,,,,template,2025-05-10 14:52:35,2025-05-10,130,19,5,14,email,1,person,1,person
67,2,657187,11623738,100.0,,,,,,,template,2025-05-15 12:48:58,2025-05-15,135,20,5,12,sell,1,person,2,product_category
39,3,657187,11623738,100.0,,,,,,,template,2025-05-15 12:48:58,2025-05-15,135,20,5,12,buy,1,person,2,product_category
78,6,81,11773606,2.0,3.0,1.0,,,,,template,2025-05-17 06:26:46,2025-05-17,137,20,5,6,travels_to,1,person,5,country
67,2,657187,11775168,100.0,,,,,,,template,2025-05-17 06:52:48,2025-05-17,137,20,5,6,sell,1,person,2,product_category
39,3,657187,11775168,100.0,,,,,,,template,2025-05-17 06:52:48,2025-05-17,137,20,5,6,buy,1,person,2,product_category
67,0,39,11816688,1.0,,,,,,,template,2025-05-17 18:24:48,2025-05-17,137,20,5,18,email,1,person,1,person
39,0,67,11880804,1.0,,,,,,,template,2025-05-18 12:13:24,2025-05-18,138,20,5,12,email,1,person,1,person
80,6,70,12292006,1.0,4.0,3.0,,,,,template,2025-05-23 06:26:46,2025-05-23,143,21,5,6,travels_to,1,person,5,country
80,6,81,12292006,3.0,3.0,1.0,,,,,template,2025-05-23 06:26:46,2025-05-23,143,21,5,6,travels_to,1,person,5,country
27,1,34,12319485,1.0,5.0,5.0,,,,,template,2025-05-23 14:04:45,2025-05-23,143,21,5,14,phone,1,person,1,person
43,1,37,12329138,1.0,3.0,5.0,,,,,template,2025-05-23 16:45:38,2025-05-23,143,21,5,16,phone,1,person,1,person
47,0,39,12334140,1.0,,,,,,,template,2025-05-23 18:09:00,2025-05-23,143,21,5,18,email,1,person,1,person
67,0,39,12337839,1.0,,,,,,,template,2025-05-23 19:10:39,2025-05-23,143,21,5,19,email,1,person,1,person
34,1,37,12339486,1.0,5.0,5.0,,,,,template,2025-05-23 19:38:06,2025-05-23,143,21,5,19,phone,1,person,1,person
27,1,41,12343663,1.0,5.0,5.0,,,,,template,2025-05-23 20:47:43,2025-05-23,143,21,5,20,phone,1,person,1,person
27,1,56,12346487,1.0,5.0,0.0,,,,,template,2025-05-23 21:34:47,2025-05-23,143,21,5,21,phone,1,person,1,person
27,1,56,12358432,1.0,5.0,0.0,,,,,template,2025-05-24 00:53:52,2025-05-24,144,21,5,0,phone,1,person,1,person
41,1,34,12375838,1.0,5.0,5.0,,,,,template,2025-05-24 05:43:58,2025-05-24,144,21,5,5,phone,1,person,1,person
41,1,43,12376404,1.0,5.0,3.0,,,,,template,2025-05-24 05:53:24,2025-05-24,144,21,5,5,phone,1,person,1,person
57,0,27,12384573,1.0,,,,,,,template,2025-05-24 08:09:33,2025-05-24,144,21,5,8,email,1,person,1,person
43,1,27,12391413,1.0,3.0,5.0,,,,,template,2025-05-24 10:03:33,2025-05-24,144,21,5,10,phone,1,person,1,person
58,0,37,12417098,1.0,,,,,,,template,2025-05-24 17:11:38,2025-05-24,144,21,5,17,email,1,person,1,person
63,1,27,12430499,1.0,4.0,5.0,,,,,template,2025-05-24 20:54:59,2025-05-24,144,21,5,20,phone,1,person,1,person
41,1,57,12446577,1.0,5.0,0.0,,,,,template,2025-05-25 01:22:57,2025-05-25,145,21,5,1,phone,1,person,1,person
27,1,34,12458588,1.0,5.0,5.0,,,,,template,2025-05-25 04:43:08,2025-05-25,145,21,5,4,phone,1,person,1,person
77,6,70,12464806,1.0,4.0,3.0,,,,,template,2025-05-25 06:26:46,2025-05-25,145,21,5,6,travels_to,1,person,5,country
56,1,43,12466742,1.0,0.0,3.0,,,,,template,2025-05-25 06:59:02,2025-05-25,145,21,5,6,phone,1,person,1,person
63,0,34,12467201,1.0,,,,,,,template,2025-05-25 07:06:41,2025-05-25,145,21,5,7,email,1,person,1,person
37,0,56,12467442,1.0,,,,,,,template,2025-05-25 07:10:42,2025-05-25,145,21,5,7,email,1,person,1,person
58,0,43,12471153,1.0,,,,,,,template,2025-05-25 08:12:33,2025-05-25,145,21,5,8,email,1,person,1,person
56,0,47,12477797,1.0,,,,,,,template,2025-05-25 10:03:17,2025-05-25,145,21,5,10,email,1,person,1,person
63,1,37,12483241,1.0,4.0,5.0,,,,,template,2025-05-25 11:34:01,2025-05-25,145,21,5,11,phone,1,person,1,person
37,0,58,12488631,1.0,,,,,,,template,2025-05-25 13:03:51,2025-05-25,145,21,5,13,email,1,person,1,person
56,1,37,12492175,1.0,0.0,5.0,,,,,template,2025-05-25 14:02:55,2025-05-25,145,21,5,14,phone,1,person,1,person
56,1,63,12508322,1.0,0.0,4.0,,,,,template,2025-05-25 18:32:02,2025-05-25,145,21,5,18,phone,1,person,1,person
34,1,43,12521043,1.0,5.0,3.0,,,,,template,2025-05-25 22:04:03,2025-05-25,145,21,5,22,phone,1,person,1,person
58,1,56,12535750,1.0,4.0,0.0,,,,,template,2025-05-26 02:09:10,2025-05-26,146,22,5,2,phone,1,person,1,person
57,0,43,12545708,1.0,,,,,,,template,2025-05-26 04:55:08,2025-05-26,146,22,5,4,email,1,person,1,person
41,1,34,12548499,1.0,5.0,5.0,,,,,template,2025-05-26 05:41:39,2025-05-26,146,22,5,5,phone,1,person,1,person
47,1,27,12620617,1.0,3.0,5.0,,,,,template,2025-05-27 01:43:37,2025-05-27,147,22,5,1,phone,1,person,1,person
79,6,81,12637606,1.0,3.0,1.0,,,,,template,2025-05-27 06:26:46,2025-05-27,147,22,5,6,travels_to,1,person,5,country
56,1,34,12646634,1.0,0.0,5.0,,,,,template,2025-05-27 08:57:14,2025-05-27,147,22,5,8,phone,1,person,1,person
37,0,45,12661428,1.0,,,,,,,template,2025-05-27 13:03:48,2025-05-27,147,22,5,13,email,1,person,1,person
56,1,63,12665017,1.0,0.0,4.0,,,,,template,2025-05-27 14:03:37,2025-05-27,147,22,5,14,phone,1,person,1,person
56,1,47,12699877,1.0,0.0,3.0,,,,,template,2025-05-27 23:44:37,2025-05-27,147,22,5,23,phone,1,person,1,person
41,0,63,12721308,1.0,,,,,,,template,2025-05-28 05:41:48,2025-05-28,148,22,5,5,email,1,person,1,person
56,1,34,12734459,1.0,0.0,5.0,,,,,template,2025-05-28 09:20:59,2025-05-28,148,22,5,9,phone,1,person,1,person
27,1,47,12738227,1.0,5.0,3.0,,,,,template,2025-05-28 10:23:47,2025-05-28,148,22,5,10,phone,1,person,1,person
41,1,47,12783297,1.0,5.0,3.0,,,,,template,2025-05-28 22:54:57,2025-05-28,148,22,5,22,phone,1,person,1,person
41,1,57,12789587,1.0,5.0,0.0,,,,,template,2025-05-29 00:39:47,2025-05-29,149,22,5,0,phone,1,person,1,person
27,1,47,12790263,1.0,5.0,3.0,,,,,template,2025-05-29 00:51:03,2025-05-29,149,22,5,0,phone,1,person,1,person
41,0,45,12791955,1.0,,,,,,,template,2025-05-29 01:19:15,2025-05-29,149,22,5,1,email,1,person,1,person
41,1,56,12794809,1.0,5.0,0.0,,,,,template,2025-05-29 02:06:49,2025-05-29,149,22,5,2,phone,1,person,1,person
41,0,43,12804335,1.0,,,,,,,template,2025-05-29 04:45:35,2025-05-29,149,22,5,4,email,1,person,1,person
37,0,43,12810402,1.0,,,,,,,template,2025-05-29 06:26:42,2025-05-29,149,22,5,6,email,1,person,1,person
37,0,27,12813075,1.0,,,,,,,template,2025-05-29 07:11:15,2025-05-29,149,22,5,7,email,1,person,1,person
56,0,58,12832501,1.0,,,,,,,template,2025-05-29 12:35:01,2025-05-29,149,22,5,12,email,1,person,1,person
47,1,27,12833985,1.0,3.0,5.0,,,,,template,2025-05-29 12:59:45,2025-05-29,149,22,5,12,phone,1,person,1,person
63,0,45,12855970,1.0,,,,,,,template,2025-05-29 19:06:10,2025-05-29,149,22,5,19,email,1,person,1,person
63,0,56,12880849,1.0,,,,,,,template,2025-05-30 02:00:49,2025-05-30,150,22,5,2,email,1,person,1,person
47,1,57,12881945,1.0,3.0,0.0,,,,,template,2025-05-30 02:19:05,2025-05-30,150,22,5,2,phone,1,person,1,person
47,1,45,12891925,1.0,3.0,3.0,,,,,template,2025-05-30 05:05:25,2025-05-30,150,22,5,5,phone,1,person,1,person
57,0,43,12907759,1.0,,,,,,,template,2025-05-30 09:29:19,2025-05-30,150,22,5,9,email,1,person,1,person
34,1,63,12917489,1.0,5.0,4.0,,,,,template,2025-05-30 12:11:29,2025-05-30,150,22,5,12,phone,1,person,1,person
41,0,45,12922810,1.0,,,,,,,template,2025-05-30 13:40:10,2025-05-30,150,22,5,13,email,1,person,1,person
27,1,57,12928438,1.0,5.0,0.0,,,,,template,2025-05-30 15:13:58,2025-05-30,150,22,5,15,phone,1,person,1,person
57,0,27,12934805,1.0,,,,,,,template,2025-05-30 17:00:05,2025-05-30,150,22,5,17,email,1,person,1,person
58,0,27,12957842,1.0,,,,,,,template,2025-05-30 23:24:02,2025-05-30,150,22,5,23,email,1,person,1,person
27,1,58,12961987,1.0,5.0,4.0,,,,,template,2025-05-31 00:33:07,2025-05-31,151,22,5,0,phone,1,person,1,person
27,1,41,12971187,1.0,5.0,5.0,,,,,template,2025-05-31 03:06:27,2025-05-31,151,22,5,3,phone,1,person,1,person
63,1,47,12971834,1.0,4.0,3.0,,,,,template,2025-05-31 03:17:14,2025-05-31,151,22,5,3,phone,1,person,1,person
41,1,63,12981424,1.0,5.0,4.0,,,,,template,2025-05-31 05:57:04,2025-05-31,151,22,5,5,phone,1,person,1,person
63,1,58,12982017,1.0,4.0,4.0,,,,,template,2025-05-31 06:06:57,2025-05-31,151,22,5,6,phone,1,person,1,person
37,0,63,12985445,1.0,,,,,,,template,2025-05-31 07:04:05,2025-05-31,151,22,5,7,email,1,person,1,person
37,0,41,12987894,1.0,,,,,,,template,2025-05-31 07:44:54,2025-05-31,151,22,5,7,email,1,person,1,person
27,1,34,12989331,1.0,5.0,5.0,,,,,template,2025-05-31 08:08:51,2025-05-31,151,22,5,8,phone,1,person,1,person
41,0,43,12995812,1.0,,,,,,,template,2025-05-31 09:56:52,2025-05-31,151,22,5,9,email,1,person,1,person
56,0,34,13007831,1.0,,,,,,,template,2025-05-31 13:17:11,2025-05-31,151,22,5,13,email,1,person,1,person
47,1,45,13010684,1.0,3.0,3.0,,,,,template,2025-05-31 14:04:44,2025-05-31,151,22,5,14,phone,1,person,1,person
63,1,37,13025545,1.0,4.0,5.0,,,,,template,2025-05-31 18:12:25,2025-05-31,151,22,5,18,phone,1,person,1,person
57,0,58,13027297,1.0,,,,,,,template,2025-05-31 18:41:37,2025-05-31,151,22,5,18,email,1,person,1,person
58,0,63,13033261,1.0,,,,,,,template,2025-05-31 20:21:01,2025-05-31,151,22,5,20,email,1,person,1,person
56,1,41,13066121,1.0,0.0,5.0,,,,,template,2025-06-01 05:28:41,2025-06-01,152,22,6,5,phone,1,person,1,person
58,0,43,13088663,1.0,,,,,,,template,2025-06-01 11:44:23,2025-06-01,152,22,6,11,email,1,person,1,person
56,1,41,13102295,1.0,0.0,5.0,,,,,template,2025-06-01 15:31:35,2025-06-01,152,22,6,15,phone,1,person,1,person
47,0,39,13111711,1.0,,,,,,,template,2025-06-01 18:08:31,2025-06-01,152,22,6,18,email,1,person,1,person
41,1,45,13137446,1.0,5.0,3.0,,,,,template,2025-06-02 01:17:26,2025-06-02,153,23,6,1,phone,1,person,1,person
41,1,27,13140587,1.0,5.0,5.0,,,,,template,2025-06-02 02:09:47,2025-06-02,153,23,6,2,phone,1,person,1,person
58,0,37,13152725,1.0,,,,,,,template,2025-06-02 05:32:05,2025-06-02,153,23,6,5,email,1,person,1,person
47,0,39,13199808,1.0,,,,,,,template,2025-06-02 18:36:48,2025-06-02,153,23,6,18,email,1,person,1,person
58,0,34,13224739,1.0,,,,,,,template,2025-06-03 01:32:19,2025-06-03,154,23,6,1,email,1,person,1,person
63,1,56,13228753,1.0,4.0,0.0,,,,,template,2025-06-03 02:39:13,2025-06-03,154,23,6,2,phone,1,person,1,person
79,6,70,13242406,3.0,4.0,3.0,,,,,template,2025-06-03 06:26:46,2025-06-03,154,23,6,6,travels_to,1,person,5,country
63,0,58,13243984,1.0,,,,,,,template,2025-06-03 06:53:04,2025-06-03,154,23,6,6,email,1,person,1,person
57,0,34,13259976,1.0,,,,,,,template,2025-06-03 11:19:36,2025-06-03,154,23,6,11,email,1,person,1,person
34,1,63,13271787,1.0,5.0,4.0,,,,,template,2025-06-03 14:36:27,2025-06-03,154,23,6,14,phone,1,person,1,person
27,1,37,13287324,1.0,5.0,5.0,,,,,template,2025-06-03 18:55:24,2025-06-03,154,23,6,18,phone,1,person,1,person
63,1,56,13292582,1.0,4.0,0.0,,,,,template,2025-06-03 20:23:02,2025-06-03,154,23,6,20,phone,1,person,1,person
56,0,57,13338586,1.0,,,,,,,template,2025-06-04 09:09:46,2025-06-04,155,23,6,9,email,1,person,1,person
56,1,58,13381556,1.0,0.0,4.0,,,,,template,2025-06-04 21:05:56,2025-06-04,155,23,6,21,phone,1,person,1,person
58,0,34,13385982,1.0,,,,,,,template,2025-06-04 22:19:42,2025-06-04,155,23,6,22,email,1,person,1,person
58,0,47,13390684,1.0,,,,,,,template,2025-06-04 23:38:04,2025-06-04,155,23,6,23,email,1,person,1,person
56,0,57,13403979,1.0,,,,,,,template,2025-06-05 03:19:39,2025-06-05,156,23,6,3,email,1,person,1,person
63,1,56,13404699,1.0,4.0,0.0,,,,,template,2025-06-05 03:31:39,2025-06-05,156,23,6,3,phone,1,person,1,person
34,0,58,13413050,1.0,,,,,,,template,2025-06-05 05:50:50,2025-06-05,156,23,6,5,email,1,person,1,person
77,6,81,13415206,2.0,3.0,1.0,,,,,template,2025-06-05 06:26:46,2025-06-05,156,23,6,6,travels_to,1,person,5,country
58,0,27,13424515,1.0,,,,,,,template,2025-06-05 09:01:55,2025-06-05,156,23,6,9,email,1,person,1,person
58,0,43,13462140,1.0,,,,,,,template,2025-06-05 19:29:00,2025-06-05,156,23,6,19,email,1,person,1,person
47,0,58,13463022,1.0,,,,,,,template,2025-06-05 19:43:42,2025-06-05,156,23,6,19,email,1,person,1,person
58,1,43,13464214,1.0,4.0,3.0,,,,,template,2025-06-05 20:03:34,2025-06-05,156,23,6,20,phone,1,person,1,person
37,0,47,13495384,1.0,,,,,,,template,2025-06-06 04:43:04,2025-06-06,157,23,6,4,email,1,person,1,person
58,0,56,13504512,1.0,,,,,,,template,2025-06-06 07:15:12,2025-06-06,157,23,6,7,email,1,person,1,person
63,1,56,13505192,1.0,4.0,0.0,,,,,template,2025-06-06 07:26:32,2025-06-06,157,23,6,7,phone,1,person,1,person
57,0,34,13529943,1.0,,,,,,,template,2025-06-06 14:19:03,2025-06-06,157,23,6,14,email,1,person,1,person
41,1,63,13550297,1.0,5.0,4.0,,,,,template,2025-06-06 19:58:17,2025-06-06,157,23,6,19,phone,1,person,1,person
63,1,41,13558122,1.0,4.0,5.0,,,,,template,2025-06-06 22:08:42,2025-06-06,157,23,6,22,phone,1,person,1,person
57,0,45,13560834,1.0,,,,,,,template,2025-06-06 22:53:54,2025-06-06,157,23,6,22,email,1,person,1,person
58,1,37,13573551,1.0,4.0,5.0,,,,,template,2025-06-07 02:25:51,2025-06-07,158,23,6,2,phone,1,person,1,person
63,1,45,13577693,1.0,4.0,3.0,,,,,template,2025-06-07 03:34:53,2025-06-07,158,23,6,3,phone,1,person,1,person
63,1,27,13577774,1.0,4.0,5.0,,,,,template,2025-06-07 03:36:14,2025-06-07,158,23,6,3,phone,1,person,1,person
67,0,39,13596943,1.0,,,,,,,template,2025-06-07 08:55:43,2025-06-07,158,23,6,8,email,1,person,1,person
56,0,41,13627582,1.0,,,,,,,template,2025-06-07 17:26:22,2025-06-07,158,23,6,17,email,1,person,1,person
67,2,657187,13629169,300.0,,,,,,,template,2025-06-07 17:52:49,2025-06-07,158,23,6,17,sell,1,person,2,product_category
39,3,657187,13629169,300.0,,,,,,,template,2025-06-07 17:52:49,2025-06-07,158,23,6,17,buy,1,person,2,product_category
58,0,47,13681612,1.0,,,,,,,template,2025-06-08 08:26:52,2025-06-08,159,23,6,8,email,1,person,1,person
37,0,45,13712870,1.0,,,,,,,template,2025-06-08 17:07:50,2025-06-08,159,23,6,17,email,1,person,1,person
41,0,56,13760644,1.0,,,,,,,template,2025-06-09 06:24:04,2025-06-09,160,24,6,6,email,1,person,1,person
58,0,56,13782667,1.0,,,,,,,template,2025-06-09 12:31:07,2025-06-09,160,24,6,12,email,1,person,1,person
37,0,45,13784663,1.0,,,,,,,template,2025-06-09 13:04:23,2025-06-09,160,24,6,13,email,1,person,1,person
56,1,45,13785456,1.0,0.0,3.0,,,,,template,2025-06-09 13:17:36,2025-06-09,160,24,6,13,phone,1,person,1,person
63,0,47,13803408,1.0,,,,,,,template,2025-06-09 18:16:48,2025-06-09,160,24,6,18,email,1,person,1,person
27,1,43,13820204,1.0,5.0,3.0,,,,,template,2025-06-09 22:56:44,2025-06-09,160,24,6,22,phone,1,person,1,person
63,1,37,13821145,1.0,4.0,5.0,,,,,template,2025-06-09 23:12:25,2025-06-09,160,24,6,23,phone,1,person,1,person
37,0,45,13821900,1.0,,,,,,,template,2025-06-09 23:25:00,2025-06-09,160,24,6,23,email,1,person,1,person
37,0,63,13839805,1.0,,,,,,,template,2025-06-10 04:23:25,2025-06-10,161,24,6,4,email,1,person,1,person
57,0,41,13850903,1.0,,,,,,,template,2025-06-10 07:28:23,2025-06-10,161,24,6,7,email,1,person,1,person
45,1,43,13860291,1.0,3.0,3.0,,,,,template,2025-06-10 10:04:51,2025-06-10,161,24,6,10,phone,1,person,1,person
34,1,56,13879565,1.0,5.0,0.0,,,,,template,2025-06-10 15:26:05,2025-06-10,161,24,6,15,phone,1,person,1,person
34,1,58,13885382,1.0,5.0,4.0,,,,,template,2025-06-10 17:03:02,2025-06-10,161,24,6,17,phone,1,person,1,person
63,1,58,13966260,1.0,4.0,4.0,,,,,template,2025-06-11 15:31:00,2025-06-11,162,24,6,15,phone,1,person,1,person
41,1,27,13968398,1.0,5.0,5.0,,,,,template,2025-06-11 16:06:38,2025-06-11,162,24,6,16,phone,1,person,1,person
56,1,45,13970640,1.0,0.0,3.0,,,,,template,2025-06-11 16:44:00,2025-06-11,162,24,6,16,phone,1,person,1,person
34,1,41,13977408,1.0,5.0,5.0,,,,,template,2025-06-11 18:36:48,2025-06-11,162,24,6,18,phone,1,person,1,person
47,1,57,13982397,1.0,3.0,0.0,,,,,template,2025-06-11 19:59:57,2025-06-11,162,24,6,19,phone,1,person,1,person
63,1,43,13998759,1.0,4.0,3.0,,,,,template,2025-06-12 00:32:39,2025-06-12,163,24,6,0,phone,1,person,1,person
56,0,37,13999617,1.0,,,,,,,template,2025-06-12 00:46:57,2025-06-12,163,24,6,0,email,1,person,1,person
47,1,56,14005495,1.0,3.0,0.0,,,,,template,2025-06-12 02:24:55,2025-06-12,163,24,6,2,phone,1,person,1,person
78,6,70,14020006,4.0,4.0,3.0,,,,,template,2025-06-12 06:26:46,2025-06-12,163,24,6,6,travels_to,1,person,5,country
58,0,56,14029753,1.0,,,,,,,template,2025-06-12 09:09:13,2025-06-12,163,24,6,9,email,1,person,1,person
41,1,57,14060371,1.0,5.0,0.0,,,,,template,2025-06-12 17:39:31,2025-06-12,163,24,6,17,phone,1,person,1,person
41,1,58,14070628,1.0,5.0,4.0,,,,,template,2025-06-12 20:30:28,2025-06-12,163,24,6,20,phone,1,person,1,person
27,1,45,14092808,1.0,5.0,3.0,,,,,template,2025-06-13 02:40:08,2025-06-13,164,24,6,2,phone,1,person,1,person
41,1,37,14103223,1.0,5.0,5.0,,,,,template,2025-06-13 05:33:43,2025-06-13,164,24,6,5,phone,1,person,1,person
41,0,43,14145805,1.0,,,,,,,template,2025-06-13 17:23:25,2025-06-13,164,24,6,17,email,1,person,1,person
63,0,58,14203430,1.0,,,,,,,template,2025-06-14 09:23:50,2025-06-14,165,24,6,9,email,1,person,1,person
41,0,57,14246262,1.0,,,,,,,template,2025-06-14 21:17:42,2025-06-14,165,24,6,21,email,1,person,1,person
37,1,34,14260078,1.0,5.0,5.0,,,,,template,2025-06-15 01:07:58,2025-06-15,166,24,6,1,phone,1,person,1,person
41,1,56,14265140,1.0,5.0,0.0,,,,,template,2025-06-15 02:32:20,2025-06-15,166,24,6,2,phone,1,person,1,person
27,1,58,14270242,1.0,5.0,4.0,,,,,template,2025-06-15 03:57:22,2025-06-15,166,24,6,3,phone,1,person,1,person
41,0,63,14280640,1.0,,,,,,,template,2025-06-15 06:50:40,2025-06-15,166,24,6,6,email,1,person,1,person
27,1,43,14291429,1.0,5.0,3.0,,,,,template,2025-06-15 09:50:29,2025-06-15,166,24,6,9,phone,1,person,1,person
41,1,27,14300502,1.0,5.0,5.0,,,,,template,2025-06-15 12:21:42,2025-06-15,166,24,6,12,phone,1,person,1,person
45,1,56,14327408,1.0,3.0,0.0,,,,,template,2025-06-15 19:50:08,2025-06-15,166,24,6,19,phone,1,person,1,person
37,0,63,14333265,1.0,,,,,,,template,2025-06-15 21:27:45,2025-06-15,166,24,6,21,email,1,person,1,person
63,1,47,14339955,1.0,4.0,3.0,,,,,template,2025-06-15 23:19:15,2025-06-15,166,24,6,23,phone,1,person,1,person
34,1,45,14386074,1.0,5.0,3.0,,,,,template,2025-06-16 12:07:54,2025-06-16,167,25,6,12,phone,1,person,1,person
34,1,27,14390488,1.0,5.0,5.0,,,,,template,2025-06-16 13:21:28,2025-06-16,167,25,6,13,phone,1,person,1,person
56,1,43,14392670,1.0,0.0,3.0,,,,,template,2025-06-16 13:57:50,2025-06-16,167,25,6,13,phone,1,person,1,person
41,0,37,14394386,1.0,,,,,,,template,2025-06-16 14:26:26,2025-06-16,167,25,6,14,email,1,person,1,person
58,0,27,14397478,1.0,,,,,,,template,2025-06-16 15:17:58,2025-06-16,167,25,6,15,email,1,person,1,person
57,0,41,14399750,1.0,,,,,,,template,2025-06-16 15:55:50,2025-06-16,167,25,6,15,email,1,person,1,person
37,0,63,14414557,1.0,,,,,,,template,2025-06-16 20:02:37,2025-06-16,167,25,6,20,email,1,person,1,person
45,1,63,14450765,1.0,3.0,4.0,,,,,template,2025-06-17 06:06:05,2025-06-17,168,25,6,6,phone,1,person,1,person
57,0,63,14451353,1.0,,,,,,,template,2025-06-17 06:15:53,2025-06-17,168,25,6,6,email,1,person,1,person
41,0,63,14457027,1.0,,,,,,,template,2025-06-17 07:50:27,2025-06-17,168,25,6,7,email,1,person,1,person
67,2,657187,14475818,600.0,,,,,,,template,2025-06-17 13:03:38,2025-06-17,168,25,6,13,sell,1,person,2,product_category
39,3,657187,14475818,600.0,,,,,,,template,2025-06-17 13:03:38,2025-06-17,168,25,6,13,buy,1,person,2,product_category
27,1,41,14482180,1.0,5.0,5.0,,,,,template,2025-06-17 14:49:40,2025-06-17,168,25,6,14,phone,1,person,1,person
57,0,37,14499063,1.0,,,,,,,template,2025-06-17 19:31:03,2025-06-17,168,25,6,19,email,1,person,1,person
56,1,43,14523347,1.0,0.0,3.0,,,,,template,2025-06-18 02:15:47,2025-06-18,169,25,6,2,phone,1,person,1,person
57,0,43,14584637,1.0,,,,,,,template,2025-06-18 19:17:17,2025-06-18,169,25,6,19,email,1,person,1,person
47,0,56,14589887,1.0,,,,,,,template,2025-06-18 20:44:47,2025-06-18,169,25,6,20,email,1,person,1,person
63,0,45,14594292,1.0,,,,,,,template,2025-06-18 21:58:12,2025-06-18,169,25,6,21,email,1,person,1,person
56,1,34,14690719,1.0,0.0,5.0,,,,,template,2025-06-20 00:45:19,2025-06-20,171,25,6,0,phone,1,person,1,person
39,0,67,14739866,1.0,,,,,,,template,2025-06-20 14:24:26,2025-06-20,171,25,6,14,email,1,person,1,person
67,0,39,14848935,1.0,,,,,,,template,2025-06-21 20:42:15,2025-06-21,172,25,6,20,email,1,person,1,person
78,6,69,14884006,1.0,2.0,4.0,,,,,template,2025-06-22 06:26:46,2025-06-22,173,25,6,6,travels_to,1,person,5,country
79,6,69,15056806,3.0,2.0,4.0,,,,,template,2025-06-24 06:26:46,2025-06-24,175,26,6,6,travels_to,1,person,5,country
67,2,657187,15251393,300.0,,,,,,,template,2025-06-26 12:29:53,2025-06-26,177,26,6,12,sell,1,person,2,product_category
39,3,657187,15251393,300.0,,,,,,,template,2025-06-26 12:29:53,2025-06-26,177,26,6,12,buy,1,person,2,product_category
67,2,657187,15278449,600.0,,,,,,,template,2025-06-26 20:00:49,2025-06-26,177,26,6,20,sell,1,person,2,product_category
39,3,657187,15278449,600.0,,,,,,,template,2025-06-26 20:00:49,2025-06-26,177,26,6,20,buy,1,person,2,product_category
80,6,76,15575206,3.0,1.0,2.0,,,,,template,2025-06-30 06:26:46,2025-06-30,181,27,6,6,travels_to,1,person,5,country
77,6,76,15661606,1.0,1.0,2.0,,,,,template,2025-07-01 06:26:46,2025-07-01,182,27,7,6,travels_to,1,person,5,country
78,6,76,15661606,4.0,1.0,2.0,,,,,template,2025-07-01 06:26:46,2025-07-01,182,27,7,6,travels_to,1,person,5,country
77,6,69,15661606,4.0,2.0,4.0,,,,,template,2025-07-01 06:26:46,2025-07-01,182,27,7,6,travels_to,1,person,5,country
79,6,76,15834406,2.0,1.0,2.0,,,,,template,2025-07-03 06:26:46,2025-07-03,184,27,7,6,travels_to,1,person,5,country
80,6,69,15834406,5.0,2.0,4.0,,,,,template,2025-07-03 06:26:46,2025-07-03,184,27,7,6,travels_to,1,person,5,country
82,6,69,16871206,5.0,2.0,4.0,,,,,template,2025-07-15 06:26:46,2025-07-15,196,29,7,6,travels_to,1,person,5,country
39,0,67,16886202,1.0,,,,,,,template,2025-07-15 10:36:42,2025-07-15,196,29,7,10,email,1,person,1,person
67,0,39,17107410,1.0,,,,,,,template,2025-07-18 00:03:30,2025-07-18,199,29,7,0,email,1,person,1,person
67,2,657187,17295721,800.0,,,,,,,template,2025-07-20 04:22:01,2025-07-20,201,29,7,4,sell,1,person,2,product_category
39,3,657187,17295721,800.0,,,,,,,template,2025-07-20 04:22:01,2025-07-20,201,29,7,4,buy,1,person,2,product_category
83,6,69,17562406,1.0,2.0,4.0,,,,,template,2025-07-23 06:26:46,2025-07-23,204,30,7,6,travels_to,1,person,5,country
67,0,39,17578029,1.0,,,,,,,template,2025-07-23 10:47:09,2025-07-23,204,30,7,10,email,1,person,1,person
84,6,69,17648806,1.0,2.0,4.0,,,,,template,2025-07-24 06:26:46,2025-07-24,205,30,7,6,travels_to,1,person,5,country
73,6,70,17994406,3.0,0.0,3.0,,,,,template,2025-07-28 06:26:46,2025-07-28,209,31,7,6,travels_to,1,person,5,country
67,0,39,18310539,1.0,,,,,,,template,2025-07-31 22:15:39,2025-07-31,212,31,7,22,email,1,person,1,person
75,6,70,18685606,5.0,0.0,3.0,,,,,template,2025-08-05 06:26:46,2025-08-05,217,32,8,6,travels_to,1,person,5,country
75,6,76,18858406,4.0,3.0,2.0,,,,,template,2025-08-07 06:26:46,2025-08-07,219,32,8,6,travels_to,1,person,5,country
39,0,67,19130444,1.0,,,,,,,template,2025-08-10 10:00:44,2025-08-10,222,32,8,10,email,1,person,1,person
73,6,76,19204006,4.0,3.0,2.0,,,,,template,2025-08-11 06:26:46,2025-08-11,223,33,8,6,travels_to,1,person,5,country
74,6,70,19636006,1.0,0.0,3.0,,,,,template,2025-08-16 06:26:46,2025-08-16,228,33,8,6,travels_to,1,person,5,country
67,2,657187,19649264,300.0,,,,,,,template,2025-08-16 10:07:44,2025-08-16,228,33,8,10,sell,1,person,2,product_category
39,3,657187,19649264,300.0,,,,,,,template,2025-08-16 10:07:44,2025-08-16,228,33,8,10,buy,1,person,2,product_category
74,6,76,19722406,1.0,3.0,2.0,,,,,template,2025-08-17 06:26:46,2025-08-17,229,33,8,6,travels_to,1,person,5,country
67,0,39,19816718,1.0,,,,,,,template,2025-08-18 08:38:38,2025-08-18,230,34,8,8,email,1,person,1,person
67,0,39,20234221,1.0,,,,,,,template,2025-08-23 04:37:01,2025-08-23,235,34,8,4,email,1,person,1,person
39,0,67,20334109,1.0,,,,,,,template,2025-08-24 08:21:49,2025-08-24,236,34,8,8,email,1,person,1,person
67,0,39,21023804,1.0,,,,,,,template,2025-09-01 07:56:44,2025-09-01,244,36,9,7,email,1,person,1,person
74,6,71,21796006,2.0,2.0,0.0,,,,,template,2025-09-10 06:26:46,2025-09-10,253,37,9,6,travels_to,1,person,5,country
75,6,71,21882406,1.0,2.0,0.0,,,,,template,2025-09-11 06:26:46,2025-09-11,254,37,9,6,travels_to,1,person,5,country
58,0,63,21909458,1.0,,,,,,,template,2025-09-11 13:57:38,2025-09-11,254,37,9,13,email,1,person,1,person
73,6,71,21968806,2.0,2.0,0.0,,,,,template,2025-09-12 06:26:46,2025-09-12,255,37,9,6,travels_to,1,person,5,country
41,0,63,21970411,1.0,,,,,,,template,2025-09-12 06:53:31,2025-09-12,255,37,9,6,email,1,person,1,person
39,0,67,22095863,1.0,,,,,,,template,2025-09-13 17:44:23,2025-09-13,256,37,9,17,email,1,person,1,person
58,0,41,22112743,1.0,,,,,,,template,2025-09-13 22:25:43,2025-09-13,256,37,9,22,email,1,person,1,person
63,0,58,22114856,1.0,,,,,,,template,2025-09-13 23:00:56,2025-09-13,256,37,9,23,email,1,person,1,person
63,0,41,22231923,1.0,,,,,,,template,2025-09-15 07:32:03,2025-09-15,258,38,9,7,email,1,person,1,person
63,0,41,22263080,1.0,,,,,,,template,2025-09-15 16:11:20,2025-09-15,258,38,9,16,email,1,person,1,person
63,0,58,22450174,1.0,,,,,,,template,2025-09-17 20:09:34,2025-09-17,260,38,9,20,email,1,person,1,person
58,0,63,22483985,1.0,,,,,,,template,2025-09-18 05:33:05,2025-09-18,261,38,9,5,email,1,person,1,person
63,0,58,22727538,1.0,,,,,,,template,2025-09-21 01:12:18,2025-09-21,264,38,9,1,email,1,person,1,person
41,1,58,22769068,1.0,5.0,4.0,,,,,template,2025-09-21 12:44:28,2025-09-21,264,38,9,12,phone,1,person,1,person
45,1,47,22801529,1.0,3.0,3.0,,,,,template,2025-09-21 21:45:29,2025-09-21,264,38,9,21,phone,1,person,1,person
45,1,43,22804793,1.0,3.0,3.0,,,,,template,2025-09-21 22:39:53,2025-09-21,264,38,9,22,phone,1,person,1,person
45,1,58,22853101,1.0,3.0,4.0,,,,,template,2025-09-22 12:05:01,2025-09-22,265,39,9,12,phone,1,person,1,person
63,1,58,22865122,1.0,4.0,4.0,,,,,template,2025-09-22 15:25:22,2025-09-22,265,39,9,15,phone,1,person,1,person
63,0,41,22869613,1.0,,,,,,,template,2025-09-22 16:40:13,2025-09-22,265,39,9,16,email,1,person,1,person
43,0,45,22872911,1.0,,,,,,,template,2025-09-22 17:35:11,2025-09-22,265,39,9,17,email,1,person,1,person
63,1,58,22883659,1.0,4.0,4.0,,,,,template,2025-09-22 20:34:19,2025-09-22,265,39,9,20,phone,1,person,1,person
43,1,45,22899855,1.0,3.0,3.0,,,,,template,2025-09-23 01:04:15,2025-09-23,266,39,9,1,phone,1,person,1,person
43,0,47,22924179,1.0,,,,,,,template,2025-09-23 07:49:39,2025-09-23,266,39,9,7,email,1,person,1,person
39,0,67,22927583,1.0,,,,,,,template,2025-09-23 08:46:23,2025-09-23,266,39,9,8,email,1,person,1,person
63,0,41,22939151,1.0,,,,,,,template,2025-09-23 11:59:11,2025-09-23,266,39,9,11,email,1,person,1,person
43,0,47,22959591,1.0,,,,,,,template,2025-09-23 17:39:51,2025-09-23,266,39,9,17,email,1,person,1,person
43,0,41,22989881,1.0,,,,,,,template,2025-09-24 02:04:41,2025-09-24,267,39,9,2,email,1,person,1,person
41,1,58,23002147,1.0,5.0,4.0,,,,,template,2025-09-24 05:29:07,2025-09-24,267,39,9,5,phone,1,person,1,person
41,1,45,23013624,1.0,5.0,3.0,,,,,template,2025-09-24 08:40:24,2025-09-24,267,39,9,8,phone,1,person,1,person
41,1,63,23017302,1.0,5.0,4.0,,,,,template,2025-09-24 09:41:42,2025-09-24,267,39,9,9,phone,1,person,1,person
58,1,47,23041265,1.0,4.0,3.0,,,,,template,2025-09-24 16:21:05,2025-09-24,267,39,9,16,phone,1,person,1,person
45,1,63,23050428,1.0,3.0,4.0,,,,,template,2025-09-24 18:53:48,2025-09-24,267,39,9,18,phone,1,person,1,person
41,1,58,23081762,1.0,5.0,4.0,,,,,template,2025-09-25 03:36:02,2025-09-25,268,39,9,3,phone,1,person,1,person
63,0,41,23092687,1.0,,,,,,,template,2025-09-25 06:38:07,2025-09-25,268,39,9,6,email,1,person,1,person
63,0,58,23095880,1.0,,,,,,,template,2025-09-25 07:31:20,2025-09-25,268,39,9,7,email,1,person,1,person
41,1,45,23123152,1.0,5.0,3.0,,,,,template,2025-09-25 15:05:52,2025-09-25,268,39,9,15,phone,1,person,1,person
63,1,58,23172774,1.0,4.0,4.0,,,,,template,2025-09-26 04:52:54,2025-09-26,269,39,9,4,phone,1,person,1,person
58,0,63,23203055,1.0,,,,,,,template,2025-09-26 13:17:35,2025-09-26,269,39,9,13,email,1,person,1,person
63,0,47,23271421,1.0,,,,,,,template,2025-09-27 08:17:01,2025-09-27,270,39,9,8,email,1,person,1,person
45,1,58,23275805,1.0,3.0,4.0,,,,,template,2025-09-27 09:30:05,2025-09-27,270,39,9,9,phone,1,person,1,person
41,1,58,23301163,1.0,5.0,4.0,,,,,template,2025-09-27 16:32:43,2025-09-27,270,39,9,16,phone,1,person,1,person
45,1,47,23308016,1.0,3.0,3.0,,,,,template,2025-09-27 18:26:56,2025-09-27,270,39,9,18,phone,1,person,1,person
43,1,58,23332788,1.0,3.0,4.0,,,,,template,2025-09-28 01:19:48,2025-09-28,271,39,9,1,phone,1,person,1,person
39,0,67,23416330,1.0,,,,,,,template,2025-09-29 00:32:10,2025-09-29,272,40,9,0,email,1,person,1,person
45,1,41,23440550,1.0,3.0,5.0,,,,,template,2025-09-29 07:15:50,2025-09-29,272,40,9,7,phone,1,person,1,person
43,1,41,23479630,1.0,3.0,5.0,,,,,template,2025-09-29 18:07:10,2025-09-29,272,40,9,18,phone,1,person,1,person
41,1,43,23486223,1.0,5.0,3.0,,,,,template,2025-09-29 19:57:03,2025-09-29,272,40,9,19,phone,1,person,1,person
58,0,63,23488714,1.0,,,,,,,template,2025-09-29 20:38:34,2025-09-29,272,40,9,20,email,1,person,1,person
63,0,58,23513489,1.0,,,,,,,template,2025-09-30 03:31:29,2025-09-30,273,40,9,3,email,1,person,1,person
43,1,45,23550807,1.0,3.0,3.0,,,,,template,2025-09-30 13:53:27,2025-09-30,273,40,9,13,phone,1,person,1,person
47,1,58,23566178,1.0,3.0,4.0,,,,,template,2025-09-30 18:09:38,2025-09-30,273,40,9,18,phone,1,person,1,person
41,1,63,23578990,1.0,5.0,4.0,,,,,template,2025-09-30 21:43:10,2025-09-30,273,40,9,21,phone,1,person,1,person
63,1,58,23594201,1.0,4.0,4.0,,,,,template,2025-10-01 01:56:41,2025-10-01,274,40,10,1,phone,1,person,1,person
63,0,45,23627046,1.0,,,,,,,template,2025-10-01 11:04:06,2025-10-01,274,40,10,11,email,1,person,1,person
41,1,47,23632718,1.0,5.0,3.0,,,,,template,2025-10-01 12:38:38,2025-10-01,274,40,10,12,phone,1,person,1,person
63,0,41,23681744,1.0,,,,,,,template,2025-10-02 02:15:44,2025-10-02,275,40,10,2,email,1,person,1,person
45,1,47,23690321,1.0,3.0,3.0,,,,,template,2025-10-02 04:38:41,2025-10-02,275,40,10,4,phone,1,person,1,person
63,1,41,23760559,1.0,4.0,5.0,,,,,template,2025-10-03 00:09:19,2025-10-03,276,40,10,0,phone,1,person,1,person
43,1,45,23765702,1.0,3.0,3.0,,,,,template,2025-10-03 01:35:02,2025-10-03,276,40,10,1,phone,1,person,1,person
47,0,63,23862424,1.0,,,,,,,template,2025-10-04 04:27:04,2025-10-04,277,40,10,4,email,1,person,1,person
47,0,63,23924027,1.0,,,,,,,template,2025-10-04 21:33:47,2025-10-04,277,40,10,21,email,1,person,1,person
63,0,47,23945816,1.0,,,,,,,template,2025-10-05 03:36:56,2025-10-05,278,40,10,3,email,1,person,1,person
43,0,63,23961635,1.0,,,,,,,template,2025-10-05 08:00:35,2025-10-05,278,40,10,8,email,1,person,1,person
43,0,45,23983547,1.0,,,,,,,template,2025-10-05 14:05:47,2025-10-05,278,40,10,14,email,1,person,1,person
47,0,63,24004131,1.0,,,,,,,template,2025-10-05 19:48:51,2025-10-05,278,40,10,19,email,1,person,1,person
47,0,41,24046907,1.0,,,,,,,template,2025-10-06 07:41:47,2025-10-06,279,41,10,7,email,1,person,1,person
43,0,41,24058200,1.0,,,,,,,template,2025-10-06 10:50:00,2025-10-06,279,41,10,10,email,1,person,1,person
41,1,45,24074450,1.0,5.0,3.0,,,,,template,2025-10-06 15:20:50,2025-10-06,279,41,10,15,phone,1,person,1,person
39,6,70,24128806,3.0,4.0,3.0,,,,,template,2025-10-07 06:26:46,2025-10-07,280,41,10,6,travels_to,1,person,5,country
63,0,58,24137054,1.0,,,,,,,template,2025-10-07 08:44:14,2025-10-07,280,41,10,8,email,1,person,1,person
63,1,43,24137758,1.0,4.0,3.0,,,,,template,2025-10-07 08:55:58,2025-10-07,280,41,10,8,phone,1,person,1,person
47,0,58,24138222,1.0,,,,,,,template,2025-10-07 09:03:42,2025-10-07,280,41,10,9,email,1,person,1,person
63,0,41,24153531,1.0,,,,,,,template,2025-10-07 13:18:51,2025-10-07,280,41,10,13,email,1,person,1,person
63,1,58,24160890,1.0,4.0,4.0,,,,,template,2025-10-07 15:21:30,2025-10-07,280,41,10,15,phone,1,person,1,person
45,1,47,24164634,1.0,3.0,3.0,,,,,template,2025-10-07 16:23:54,2025-10-07,280,41,10,16,phone,1,person,1,person
41,1,58,24182535,1.0,5.0,4.0,,,,,template,2025-10-07 21:22:15,2025-10-07,280,41,10,21,phone,1,person,1,person
63,0,45,24188349,1.0,,,,,,,template,2025-10-07 22:59:09,2025-10-07,280,41,10,22,email,1,person,1,person
41,1,47,24203836,1.0,5.0,3.0,,,,,template,2025-10-08 03:17:16,2025-10-08,281,41,10,3,phone,1,person,1,person
63,0,41,24211527,1.0,,,,,,,template,2025-10-08 05:25:27,2025-10-08,281,41,10,5,email,1,person,1,person
41,1,45,24219466,1.0,5.0,3.0,,,,,template,2025-10-08 07:37:46,2025-10-08,281,41,10,7,phone,1,person,1,person
63,0,58,24237816,1.0,,,,,,,template,2025-10-08 12:43:36,2025-10-08,281,41,10,12,email,1,person,1,person
43,0,58,24244895,1.0,,,,,,,template,2025-10-08 14:41:35,2025-10-08,281,41,10,14,email,1,person,1,person
45,1,43,24256073,1.0,3.0,3.0,,,,,template,2025-10-08 17:47:53,2025-10-08,281,41,10,17,phone,1,person,1,person
41,1,63,24257141,1.0,5.0,4.0,,,,,template,2025-10-08 18:05:41,2025-10-08,281,41,10,18,phone,1,person,1,person
43,0,47,24275315,1.0,,,,,,,template,2025-10-08 23:08:35,2025-10-08,281,41,10,23,email,1,person,1,person
58,1,45,24276374,1.0,4.0,3.0,,,,,template,2025-10-08 23:26:14,2025-10-08,281,41,10,23,phone,1,person,1,person
58,1,45,24308246,1.0,4.0,3.0,,,,,template,2025-10-09 08:17:26,2025-10-09,282,41,10,8,phone,1,person,1,person
63,0,43,24352493,1.0,,,,,,,template,2025-10-09 20:34:53,2025-10-09,282,41,10,20,email,1,person,1,person
43,0,45,24362995,1.0,,,,,,,template,2025-10-09 23:29:55,2025-10-09,282,41,10,23,email,1,person,1,person
43,0,41,24369089,1.0,,,,,,,template,2025-10-10 01:11:29,2025-10-10,283,41,10,1,email,1,person,1,person
43,0,45,24387981,1.0,,,,,,,template,2025-10-10 06:26:21,2025-10-10,283,41,10,6,email,1,person,1,person
43,0,63,24391453,1.0,,,,,,,template,2025-10-10 07:24:13,2025-10-10,283,41,10,7,email,1,person,1,person
63,0,43,24409004,1.0,,,,,,,template,2025-10-10 12:16:44,2025-10-10,283,41,10,12,email,1,person,1,person
45,1,58,24418365,1.0,3.0,4.0,,,,,template,2025-10-10 14:52:45,2025-10-10,283,41,10,14,phone,1,person,1,person
47,0,43,24454340,1.0,,,,,,,template,2025-10-11 00:52:20,2025-10-11,284,41,10,0,email,1,person,1,person
47,0,63,24464822,1.0,,,,,,,template,2025-10-11 03:47:02,2025-10-11,284,41,10,3,email,1,person,1,person
58,0,63,24483404,1.0,,,,,,,template,2025-10-11 08:56:44,2025-10-11,284,41,10,8,email,1,person,1,person
58,0,41,24489479,1.0,,,,,,,template,2025-10-11 10:37:59,2025-10-11,284,41,10,10,email,1,person,1,person
41,1,47,24506003,1.0,5.0,3.0,,,,,template,2025-10-11 15:13:23,2025-10-11,284,41,10,15,phone,1,person,1,person
63,1,41,24525241,1.0,4.0,5.0,,,,,template,2025-10-11 20:34:01,2025-10-11,284,41,10,20,phone,1,person,1,person
47,1,63,24542559,1.0,3.0,4.0,,,,,template,2025-10-12 01:22:39,2025-10-12,285,41,10,1,phone,1,person,1,person
58,1,43,24546389,1.0,4.0,3.0,,,,,template,2025-10-12 02:26:29,2025-10-12,285,41,10,2,phone,1,person,1,person
40,6,70,24560806,3.0,4.0,3.0,,,,,template,2025-10-12 06:26:46,2025-10-12,285,41,10,6,travels_to,1,person,5,country
63,1,41,24608324,1.0,4.0,5.0,,,,,template,2025-10-12 19:38:44,2025-10-12,285,41,10,19,phone,1,person,1,person
41,1,43,24614505,1.0,5.0,3.0,,,,,template,2025-10-12 21:21:45,2025-10-12,285,41,10,21,phone,1,person,1,person
58,0,47,24616167,1.0,,,,,,,template,2025-10-12 21:49:27,2025-10-12,285,41,10,21,email,1,person,1,person
41,1,47,24621628,1.0,5.0,3.0,,,,,template,2025-10-12 23:20:28,2025-10-12,285,41,10,23,phone,1,person,1,person
63,0,45,24626993,1.0,,,,,,,template,2025-10-13 00:49:53,2025-10-13,286,42,10,0,email,1,person,1,person
43,0,63,24630145,1.0,,,,,,,template,2025-10-13 01:42:25,2025-10-13,286,42,10,1,email,1,person,1,person
43,1,45,24648911,1.0,3.0,3.0,,,,,template,2025-10-13 06:55:11,2025-10-13,286,42,10,6,phone,1,person,1,person
43,0,47,24654813,1.0,,,,,,,template,2025-10-13 08:33:33,2025-10-13,286,42,10,8,email,1,person,1,person
63,0,58,24668305,1.0,,,,,,,template,2025-10-13 12:18:25,2025-10-13,286,42,10,12,email,1,person,1,person
47,0,58,24680443,1.0,,,,,,,template,2025-10-13 15:40:43,2025-10-13,286,42,10,15,email,1,person,1,person
47,0,45,24690160,1.0,,,,,,,template,2025-10-13 18:22:40,2025-10-13,286,42,10,18,email,1,person,1,person
40,6,69,24733606,1.0,5.0,4.0,,,,,template,2025-10-14 06:26:46,2025-10-14,287,42,10,6,travels_to,1,person,5,country
41,6,70,24733606,3.0,4.0,3.0,,,,,template,2025-10-14 06:26:46,2025-10-14,287,42,10,6,travels_to,1,person,5,country
41,1,58,24826147,1.0,5.0,4.0,,,,,template,2025-10-15 08:09:07,2025-10-15,288,42,10,8,phone,1,person,1,person
43,0,63,24842182,1.0,,,,,,,template,2025-10-15 12:36:22,2025-10-15,288,42,10,12,email,1,person,1,person
63,1,58,24852569,1.0,4.0,4.0,,,,,template,2025-10-15 15:29:29,2025-10-15,288,42,10,15,phone,1,person,1,person
58,0,63,24893862,1.0,,,,,,,template,2025-10-16 02:57:42,2025-10-16,289,42,10,2,email,1,person,1,person
63,0,45,24902361,1.0,,,,,,,template,2025-10-16 05:19:21,2025-10-16,289,42,10,5,email,1,person,1,person
43,1,47,24931004,1.0,3.0,3.0,,,,,template,2025-10-16 13:16:44,2025-10-16,289,42,10,13,phone,1,person,1,person
63,1,41,24942379,1.0,4.0,5.0,,,,,template,2025-10-16 16:26:19,2025-10-16,289,42,10,16,phone,1,person,1,person
41,1,58,24944789,1.0,5.0,4.0,,,,,template,2025-10-16 17:06:29,2025-10-16,289,42,10,17,phone,1,person,1,person
43,1,45,24965039,1.0,3.0,3.0,,,,,template,2025-10-16 22:43:59,2025-10-16,289,42,10,22,phone,1,person,1,person
41,1,63,25001456,1.0,5.0,4.0,,,,,template,2025-10-17 08:50:56,2025-10-17,290,42,10,8,phone,1,person,1,person
41,1,47,25001728,1.0,5.0,3.0,,,,,template,2025-10-17 08:55:28,2025-10-17,290,42,10,8,phone,1,person,1,person
47,0,63,25013037,1.0,,,,,,,template,2025-10-17 12:03:57,2025-10-17,290,42,10,12,email,1,person,1,person
47,0,41,25033701,1.0,,,,,,,template,2025-10-17 17:48:21,2025-10-17,290,42,10,17,email,1,person,1,person
41,1,58,25064109,1.0,5.0,4.0,,,,,template,2025-10-18 02:15:09,2025-10-18,291,42,10,2,phone,1,person,1,person
63,0,58,25112269,1.0,,,,,,,template,2025-10-18 15:37:49,2025-10-18,291,42,10,15,email,1,person,1,person
45,1,63,25113055,1.0,3.0,4.0,,,,,template,2025-10-18 15:50:55,2025-10-18,291,42,10,15,phone,1,person,1,person
47,0,58,25130089,1.0,,,,,,,template,2025-10-18 20:34:49,2025-10-18,291,42,10,20,email,1,person,1,person
47,0,58,25143953,1.0,,,,,,,template,2025-10-19 00:25:53,2025-10-19,292,42,10,0,email,1,person,1,person
47,0,58,25148270,1.0,,,,,,,template,2025-10-19 01:37:50,2025-10-19,292,42,10,1,email,1,person,1,person
39,6,69,25165606,2.0,5.0,4.0,,,,,template,2025-10-19 06:26:46,2025-10-19,292,42,10,6,travels_to,1,person,5,country
41,1,63,25166978,1.0,5.0,4.0,,,,,template,2025-10-19 06:49:38,2025-10-19,292,42,10,6,phone,1,person,1,person
63,0,41,25186313,1.0,,,,,,,template,2025-10-19 12:11:53,2025-10-19,292,42,10,12,email,1,person,1,person
41,6,69,25252006,3.0,5.0,4.0,,,,,template,2025-10-20 06:26:46,2025-10-20,293,43,10,6,travels_to,1,person,5,country
41,1,63,25268027,1.0,5.0,4.0,,,,,template,2025-10-20 10:53:47,2025-10-20,293,43,10,10,phone,1,person,1,person
34,0,27,26052109,1.0,,,,,,,template,2025-10-29 12:41:49,2025-10-29,302,44,10,12,email,1,person,1,person
37,1,27,26053221,1.0,5.0,5.0,,,,,template,2025-10-29 13:00:21,2025-10-29,302,44,10,13,phone,1,person,1,person
34,0,37,26057996,1.0,,,,,,,template,2025-10-29 14:19:56,2025-10-29,302,44,10,14,email,1,person,1,person
34,0,37,26058225,1.0,,,,,,,template,2025-10-29 14:23:45,2025-10-29,302,44,10,14,email,1,person,1,person
34,0,27,26058458,1.0,,,,,,,template,2025-10-29 14:27:38,2025-10-29,302,44,10,14,email,1,person,1,person
37,0,41,26058758,1.0,,,,,,,template,2025-10-29 14:32:38,2025-10-29,302,44,10,14,email,1,person,1,person
34,0,37,26063929,1.0,,,,,,,template,2025-10-29 15:58:49,2025-10-29,302,44,10,15,email,1,person,1,person
34,0,41,26065708,1.0,,,,,,,template,2025-10-29 16:28:28,2025-10-29,302,44,10,16,email,1,person,1,person
27,1,37,26067388,1.0,5.0,5.0,,,,,template,2025-10-29 16:56:28,2025-10-29,302,44,10,16,phone,1,person,1,person
41,1,56,26069480,1.0,5.0,0.0,,,,,template,2025-10-29 17:31:20,2025-10-29,302,44,10,17,phone,1,person,1,person
27,0,37,26071702,1.0,,,,,,,template,2025-10-29 18:08:22,2025-10-29,302,44,10,18,email,1,person,1,person
37,1,27,26075091,1.0,5.0,5.0,,,,,template,2025-10-29 19:04:51,2025-10-29,302,44,10,19,phone,1,person,1,person
56,0,57,26075194,1.0,,,,,,,template,2025-10-29 19:06:34,2025-10-29,302,44,10,19,email,1,person,1,person
34,0,41,26077285,1.0,,,,,,,template,2025-10-29 19:41:25,2025-10-29,302,44,10,19,email,1,person,1,person
37,0,41,26078857,1.0,,,,,,,template,2025-10-29 20:07:37,2025-10-29,302,44,10,20,email,1,person,1,person
27,0,34,26082186,1.0,,,,,,,template,2025-10-29 21:03:06,2025-10-29,302,44,10,21,email,1,person,1,person
34,0,37,26082274,1.0,,,,,,,template,2025-10-29 21:04:34,2025-10-29,302,44,10,21,email,1,person,1,person
27,0,41,26083889,1.0,,,,,,,template,2025-10-29 21:31:29,2025-10-29,302,44,10,21,email,1,person,1,person
27,0,37,26091037,1.0,,,,,,,template,2025-10-29 23:30:37,2025-10-29,302,44,10,23,email,1,person,1,person
56,0,57,26091373,1.0,,,,,,,template,2025-10-29 23:36:13,2025-10-29,302,44,10,23,email,1,person,1,person
37,1,27,26092025,1.0,5.0,5.0,,,,,template,2025-10-29 23:47:05,2025-10-29,302,44,10,23,phone,1,person,1,person
27,1,41,26092138,1.0,5.0,5.0,,,,,template,2025-10-29 23:48:58,2025-10-29,302,44,10,23,phone,1,person,1,person
34,0,37,26092214,1.0,,,,,,,template,2025-10-29 23:50:14,2025-10-29,302,44,10,23,email,1,person,1,person
27,1,37,26099201,1.0,5.0,5.0,,,,,template,2025-10-30 01:46:41,2025-10-30,303,44,10,1,phone,1,person,1,person
41,0,27,26102095,1.0,,,,,,,template,2025-10-30 02:34:55,2025-10-30,303,44,10,2,email,1,person,1,person
27,1,34,26103327,1.0,5.0,5.0,,,,,template,2025-10-30 02:55:27,2025-10-30,303,44,10,2,phone,1,person,1,person
27,0,41,26105666,1.0,,,,,,,template,2025-10-30 03:34:26,2025-10-30,303,44,10,3,email,1,person,1,person
37,0,27,26105994,1.0,,,,,,,template,2025-10-30 03:39:54,2025-10-30,303,44,10,3,email,1,person,1,person
34,0,37,26107247,1.0,,,,,,,template,2025-10-30 04:00:47,2025-10-30,303,44,10,4,email,1,person,1,person
37,1,41,26107546,1.0,5.0,5.0,,,,,template,2025-10-30 04:05:46,2025-10-30,303,44,10,4,phone,1,person,1,person
27,0,37,26108585,1.0,,,,,,,template,2025-10-30 04:23:05,2025-10-30,303,44,10,4,email,1,person,1,person
34,0,27,26112417,1.0,,,,,,,template,2025-10-30 05:26:57,2025-10-30,303,44,10,5,email,1,person,1,person
27,1,37,26113084,1.0,5.0,5.0,,,,,template,2025-10-30 05:38:04,2025-10-30,303,44,10,5,phone,1,person,1,person
27,1,37,26116556,1.0,5.0,5.0,,,,,template,2025-10-30 06:35:56,2025-10-30,303,44,10,6,phone,1,person,1,person
27,0,37,26118864,1.0,,,,,,,template,2025-10-30 07:14:24,2025-10-30,303,44,10,7,email,1,person,1,person
27,1,34,26122521,1.0,5.0,5.0,,,,,template,2025-10-30 08:15:21,2025-10-30,303,44,10,8,phone,1,person,1,person
41,1,57,26123883,1.0,5.0,0.0,,,,,template,2025-10-30 08:38:03,2025-10-30,303,44,10,8,phone,1,person,1,person
27,1,34,26124086,1.0,5.0,5.0,,,,,template,2025-10-30 08:41:26,2025-10-30,303,44,10,8,phone,1,person,1,person
37,1,34,26127395,1.0,5.0,5.0,,,,,template,2025-10-30 09:36:35,2025-10-30,303,44,10,9,phone,1,person,1,person
27,0,37,26128324,1.0,,,,,,,template,2025-10-30 09:52:04,2025-10-30,303,44,10,9,email,1,person,1,person
56,0,57,26307606,1.0,,,,,,,template,2025-11-01 11:40:06,2025-11-01,305,44,11,11,email,1,person,1,person
56,0,57,26356812,1.0,,,,,,,template,2025-11-02 01:20:12,2025-11-02,306,44,11,1,email,1,person,1,person
57,1,41,26367279,1.0,0.0,5.0,,,,,template,2025-11-02 04:14:39,2025-11-02,306,44,11,4,phone,1,person,1,person
56,0,41,26398401,1.0,,,,,,,template,2025-11-02 12:53:21,2025-11-02,306,44,11,12,email,1,person,1,person
41,0,56,26429126,1.0,,,,,,,template,2025-11-02 21:25:26,2025-11-02,306,44,11,21,email,1,person,1,person
56,0,57,26483776,1.0,,,,,,,template,2025-11-03 12:36:16,2025-11-03,307,45,11,12,email,1,person,1,person
41,0,57,26513034,1.0,,,,,,,template,2025-11-03 20:43:54,2025-11-03,307,45,11,20,email,1,person,1,person
56,0,41,26513340,1.0,,,,,,,template,2025-11-03 20:49:00,2025-11-03,307,45,11,20,email,1,person,1,person
56,0,41,26591868,1.0,,,,,,,template,2025-11-04 18:37:48,2025-11-04,308,45,11,18,email,1,person,1,person
40,6,71,26634406,6.0,3.0,0.0,,,,,template,2025-11-05 06:26:46,2025-11-05,309,45,11,6,travels_to,1,person,5,country
40,6,72,26634406,3.0,0.0,5.0,,,,,template,2025-11-05 06:26:46,2025-11-05,309,45,11,6,travels_to,1,person,5,country
41,0,56,26639985,1.0,,,,,,,template,2025-11-05 07:59:45,2025-11-05,309,45,11,7,email,1,person,1,person
41,1,56,26648091,1.0,5.0,0.0,,,,,template,2025-11-05 10:14:51,2025-11-05,309,45,11,10,phone,1,person,1,person
57,1,41,26648577,1.0,0.0,5.0,,,,,template,2025-11-05 10:22:57,2025-11-05,309,45,11,10,phone,1,person,1,person
41,1,56,26714680,1.0,5.0,0.0,,,,,template,2025-11-06 04:44:40,2025-11-06,310,45,11,4,phone,1,person,1,person
41,6,71,26720806,4.0,3.0,0.0,,,,,template,2025-11-06 06:26:46,2025-11-06,310,45,11,6,travels_to,1,person,5,country
41,1,57,26736418,1.0,5.0,0.0,,,,,template,2025-11-06 10:46:58,2025-11-06,310,45,11,10,phone,1,person,1,person
41,1,57,26769074,1.0,5.0,0.0,,,,,template,2025-11-06 19:51:14,2025-11-06,310,45,11,19,phone,1,person,1,person
56,0,41,26803475,1.0,,,,,,,template,2025-11-07 05:24:35,2025-11-07,311,45,11,5,email,1,person,1,person
56,0,57,26812145,1.0,,,,,,,template,2025-11-07 07:49:05,2025-11-07,311,45,11,7,email,1,person,1,person
57,1,56,26842692,1.0,0.0,0.0,,,,,template,2025-11-07 16:18:12,2025-11-07,311,45,11,16,phone,1,person,1,person
41,1,56,26849802,1.0,5.0,0.0,,,,,template,2025-11-07 18:16:42,2025-11-07,311,45,11,18,phone,1,person,1,person
56,0,41,26956674,1.0,,,,,,,template,2025-11-08 23:57:54,2025-11-08,312,45,11,23,email,1,person,1,person
39,6,71,26980006,1.0,3.0,0.0,,,,,template,2025-11-09 06:26:46,2025-11-09,313,45,11,6,travels_to,1,person,5,country
41,1,56,26980042,1.0,5.0,0.0,,,,,template,2025-11-09 06:27:22,2025-11-09,313,45,11,6,phone,1,person,1,person
41,0,56,26980978,1.0,,,,,,,template,2025-11-09 06:42:58,2025-11-09,313,45,11,6,email,1,person,1,person
57,1,41,27014691,1.0,0.0,5.0,,,,,template,2025-11-09 16:04:51,2025-11-09,313,45,11,16,phone,1,person,1,person
41,0,56,27049212,1.0,,,,,,,template,2025-11-10 01:40:12,2025-11-10,314,46,11,1,email,1,person,1,person
57,1,56,27054205,1.0,0.0,0.0,,,,,template,2025-11-10 03:03:25,2025-11-10,314,46,11,3,phone,1,person,1,person
41,6,72,27066406,6.0,0.0,5.0,,,,,template,2025-11-10 06:26:46,2025-11-10,314,46,11,6,travels_to,1,person,5,country
56,0,57,27097980,1.0,,,,,,,template,2025-11-10 15:13:00,2025-11-10,314,46,11,15,email,1,person,1,person
56,0,41,27135128,1.0,,,,,,,template,2025-11-11 01:32:08,2025-11-11,315,46,11,1,email,1,person,1,person
56,0,57,27150761,1.0,,,,,,,template,2025-11-11 05:52:41,2025-11-11,315,46,11,5,email,1,person,1,person
39,6,72,27152806,3.0,0.0,5.0,,,,,template,2025-11-11 06:26:46,2025-11-11,315,46,11,6,travels_to,1,person,5,country
41,1,57,27160169,1.0,5.0,0.0,,,,,template,2025-11-11 08:29:29,2025-11-11,315,46,11,8,phone,1,person,1,person
57,1,56,27205975,1.0,0.0,0.0,,,,,template,2025-11-11 21:12:55,2025-11-11,315,46,11,21,phone,1,person,1,person
41,0,57,27222388,1.0,,,,,,,template,2025-11-12 01:46:28,2025-11-12,316,46,11,1,email,1,person,1,person
87,6,71,27844006,2.0,1.0,0.0,,,,,template,2025-11-19 06:26:46,2025-11-19,323,47,11,6,travels_to,1,person,5,country
85,6,81,28103206,1.0,5.0,1.0,,,,,template,2025-11-22 06:26:46,2025-11-22,326,47,11,6,travels_to,1,person,5,country
85,6,71,28794406,4.0,1.0,0.0,,,,,template,2025-11-30 06:26:46,2025-11-30,334,48,11,6,travels_to,1,person,5,country
86,6,71,29399206,5.0,1.0,0.0,,,,,template,2025-12-07 06:26:46,2025-12-07,341,49,12,6,travels_to,1,person,5,country
86,6,81,30004006,3.0,5.0,1.0,,,,,template,2025-12-14 06:26:46,2025-12-14,348,50,12,6,travels_to,1,person,5,country
87,6,81,30004006,2.0,5.0,1.0,,,,,template,2025-12-14 06:26:46,2025-12-14,348,50,12,6,travels_to,1,person,5,country
87,6,72,30054406,1.0,3.0,5.0,,,,,template,2025-12-14 20:26:46,2025-12-14,348,50,12,20,travels_to,1,person,5,country
86,6,70,30400006,2.0,0.0,3.0,,,,,template,2025-12-18 20:26:46,2025-12-18,352,51,12,20,travels_to,1,person,5,country
87,6,70,30572806,1.0,0.0,3.0,,,,,template,2025-12-20 20:26:46,2025-12-20,354,51,12,20,travels_to,1,person,5,country
85,6,70,30659206,1.0,0.0,3.0,,,,,template,2025-12-21 20:26:46,2025-12-21,355,51,12,20,travels_to,1,person,5,country
85,6,72,30832006,3.0,3.0,5.0,,,,,template,2025-12-23 20:26:46,2025-12-23,357,52,12,20,travels_to,1,person,5,country
86,6,72,31004806,3.0,3.0,5.0,,,,,template,2025-12-25 20:26:46,2025-12-25,359,52,12,20,travels_to,1,person,5,country
2,5,630626,31536000,5000.0,,,,,,,template,2026-01-01 00:00:00,2026-01-01,1,1,1,0,financial,1,person,4,financial_category
2,5,536346,31536000,1000.0,,,,,,,template,2026-01-01 00:00:00,2026-01-01,1,1,1,0,financial,1,person,4,financial_category
510031,5,2,31536000,600.0,,,,,,,template,2026-01-01 00:00:00,2026-01-01,1,1,1,0,financial,4,financial_category,1,person
2,5,520660,31536000,3000.0,,,,,,,template,2026-01-01 00:00:00,2026-01-01,1,1,1,0,financial,1,person,4,financial_category
552988,5,2,31536000,40000.0,,,,,,,template,2026-01-01 00:00:00,2026-01-01,1,1,1,0,financial,4,financial_category,1,person
2,5,567195,31536000,4000.0,,,,,,,template,2026-01-01 00:00:00,2026-01-01,1,1,1,0,financial,1,person,4,financial_category
2,5,527449,31536000,100.0,,,,,,,template,2026-01-01 00:00:00,2026-01-01,1,1,1,0,financial,1,person,4,financial_category
2,5,459381,31536000,900.0,,,,,,,template,2026-01-01 00:00:00,2026-01-01,1,1,1,0,financial,1,person,4,financial_category
2,5,595298,31536000,2000.0,,,,,,,template,2026-01-01 00:00:00,2026-01-01,1,1,1,0,financial,1,person,4,financial_category
2,5,466907,31536000,600.0,,,,,,,template,2026-01-01 00:00:00,2026-01-01,1,1,1,0,financial,1,person,4,financial_category
2,5,589943,31536000,2000.0,,,,,,,template,2026-01-01 00:00:00,2026-01-01,1,1,1,0,financial,1,person,4,financial_category
2,5,577992,31536000,3000.0,,,,,,,template,2026-01-01 00:00:00,2026-01-01,1,1,1,0,financial,1,person,4,financial_category
2,5,537281,31536000,400.0,,,,,,,template,2026-01-01 00:00:00,2026-01-01,1,1,1,0,financial,1,person,4,financial_category
2,5,523927,31536000,200.0,,,,,,,template,2026-01-01 00:00:00,2026-01-01,1,1,1,0,financial,1,person,4,financial_category
2,5,580426,31536000,1000.0,,,,,,,template,2026-01-01 00:00:00,2026-01-01,1,1,1,0,financial,1,person,4,financial_category
2,5,595581,31536000,3000.0,,,,,,,template,2026-01-01 00:00:00,2026-01-01,1,1,1,0,financial,1,person,4,financial_category
2,5,642329,31536000,1000.0,,,,,,,template,2026-01-01 00:00:00,2026-01-01,1,1,1,0,financial,1,person,4,financial_category
2,5,503701,31536000,1000.0,,,,,,,template,2026-01-01 00:00:00,2026-01-01,1,1,1,0,financial,1,person,4,financial_category
2,5,571970,31536000,20.0,,,,,,,template,2026-01-01 00:00:00,2026-01-01,1,1,1,0,financial,1,person,4,financial_category
2,5,644226,31536000,500.0,,,,,,,template,2026-01-01 00:00:00,2026-01-01,1,1,1,0,financial,1,person,4,financial_category
2,5,632961,31536000,10.0,,,,,,,template,2026-01-01 00:00:00,2026-01-01,1,1,1,0,financial,1,person,4,financial_category
2,5,473173,31536000,2000.0,,,,,,,template,2026-01-01 00:00:00,2026-01-01,1,1,1,0,financial,1,person,4,financial_category
2,5,620120,31536000,5000.0,,,,,,,template,2026-01-01 00:00:00,2026-01-01,1,1,1,0,financial,1,person,4,financial_category
2,5,621924,31536000,700.0,,,,,,,template,2026-01-01 00:00:00,2026-01-01,1,1,1,0,financial,1,person,4,financial_category
27,5,630626,31536000,6000.0,,,,,,,template,2026-01-01 00:00:00,2026-01-01,1,1,1,0,financial,1,person,4,financial_category
27,5,536346,31536000,900.0,,,,,,,template,2026-01-01 00:00:00,2026-01-01,1,1,1,0,financial,1,person,4,financial_category
510031,5,27,31536000,1000.0,,,,,,,template,2026-01-01 00:00:00,2026-01-01,1,1,1,0,financial,4,financial_category,1,person
27,5,520660,31536000,6000.0,,,,,,,template,2026-01-01 00:00:00,2026-01-01,1,1,1,0,financial,1,person,4,financial_category
552988,5,27,31536000,50000.0,,,,,,,template,2026-01-01 00:00:00,2026-01-01,1,1,1,0,financial,4,financial_category,1,person
27,5,567195,31536000,5000.0,,,,,,,template,2026-01-01 00:00:00,2026-01-01,1,1,1,0,financial,1,person,4,financial_category
27,5,527449,31536000,400.0,,,,,,,template,2026-01-01 00:00:00,2026-01-01,1,1,1,0,financial,1,person,4,financial_category
27,5,459381,31536000,700.0,,,,,,,template,2026-01-01 00:00:00,2026-01-01,1,1,1,0,financial,1,person,4,financial_category
27,5,595298,31536000,700.0,,,,,,,template,2026-01-01 00:00:00,2026-01-01,1,1,1,0,financial,1,person,4,financial_category
27,5,466907,31536000,600.0,,,,,,,template,2026-01-01 00:00:00,2026-01-01,1,1,1,0,financial,1,person,4,financial_category
27,5,589943,31536000,5000.0,,,,,,,template,2026-01-01 00:00:00,2026-01-01,1,1,1,0,financial,1,person,4,financial_category
27,5,577992,31536000,2000.0,,,,,,,template,2026-01-01 00:00:00,2026-01-01,1,1,1,0,financial,1,person,4,financial_category
27,5,537281,31536000,50.0,,,,,,,template,2026-01-01 00:00:00,2026-01-01,1,1,1,0,financial,1,person,4,financial_category
27,5,595581,31536000,1000.0,,,,,,,template,2026-01-01 00:00:00,2026-01-01,1,1,1,0,financial,1,person,4,financial_category
27,5,616315,31536000,800.0,,,,,,,template,2026-01-01 00:00:00,2026-01-01,1,1,1,0,financial,1,person,4,financial_category
27,5,642329,31536000,2000.0,,,,,,,template,2026-01-01 00:00:00,2026-01-01,1,1,1,0,financial,1,person,4,financial_category
27,5,503701,31536000,4000.0,,,,,,,template,2026-01-01 00:00:00,2026-01-01,1,1,1,0,financial,1,person,4,financial_category
27,5,644226,31536000,800.0,,,,,,,template,2026-01-01 00:00:00,2026-01-01,1,1,1,0,financial,1,person,4,financial_category
27,5,632961,31536000,300.0,,,,,,,template,2026-01-01 00:00:00,2026-01-01,1,1,1,0,financial,1,person,4,financial_category
27,5,473173,31536000,700.0,,,,,,,template,2026-01-01 00:00:00,2026-01-01,1,1,1,0,financial,1,person,4,financial_category
27,5,620120,31536000,9000.0,,,,,,,template,2026-01-01 00:00:00,2026-01-01,1,1,1,0,financial,1,person,4,financial_category
29,5,630626,31536000,6000.0,,,,,,,template,2026-01-01 00:00:00,2026-01-01,1,1,1,0,financial,1,person,4,financial_category
29,5,536346,31536000,1000.0,,,,,,,template,2026-01-01 00:00:00,2026-01-01,1,1,1,0,financial,1,person,4,financial_category
552988,5,29,31536000,30000.0,,,,,,,template,2026-01-01 00:00:00,2026-01-01,1,1,1,0,financial,4,financial_category,1,person
29,5,567195,31536000,4000.0,,,,,,,template,2026-01-01 00:00:00,2026-01-01,1,1,1,0,financial,1,person,4,financial_category
29,5,527449,31536000,200.0,,,,,,,template,2026-01-01 00:00:00,2026-01-01,1,1,1,0,financial,1,person,4,financial_category
29,5,459381,31536000,600.0,,,,,,,template,2026-01-01 00:00:00,2026-01-01,1,1,1,0,financial,1,person,4,financial_category
29,5,595298,31536000,1000.0,,,,,,,template,2026-01-01 00:00:00,2026-01-01,1,1,1,0,financial,1,person,4,financial_category
29,5,466907,31536000,800.0,,,,,,,template,2026-01-01 00:00:00,2026-01-01,1,1,1,0,financial,1,person,4,financial_category
29,5,589943,31536000,2000.0,,,,,,,template,2026-01-01 00:00:00,2026-01-01,1,1,1,0,financial,1,person,4,financial_category
29,5,577992,31536000,2000.0,,,,,,,template,2026-01-01 00:00:00,2026-01-01,1,1,1,0,financial,1,person,4,financial_category
29,5,537281,31536000,200.0,,,,,,,template,2026-01-01 00:00:00,2026-01-01,1,1,1,0,financial,1,person,4,financial_category
29,5,595581,31536000,500.0,,,,,,,template,2026-01-01 00:00:00,2026-01-01,1,1,1,0,financial,1,person,4,financial_category
29,5,616315,31536000,400.0,,,,,,,template,2026-01-01 00:00:00,2026-01-01,1,1,1,0,financial,1,person,4,financial_category
29,5,642329,31536000,100.0,,,,,,,template,2026-01-01 00:00:00,2026-01-01,1,1,1,0,financial,1,person,4,financial_category
29,5,503701,31536000,1000.0,,,,,,,template,2026-01-01 00:00:00,2026-01-01,1,1,1,0,financial,1,person,4,financial_category
29,5,644226,31536000,200.0,,,,,,,template,2026-01-01 00:00:00,2026-01-01,1,1,1,0,financial,1,person,4,financial_category
29,5,632961,31536000,500.0,,,,,,,template,2026-01-01 00:00:00,2026-01-01,1,1,1,0,financial,1,person,4,financial_category
29,5,473173,31536000,1000.0,,,,,,,template,2026-01-01 00:00:00,2026-01-01,1,1,1,0,financial,1,person,4,financial_category
29,5,620120,31536000,6000.0,,,,,,,template,2026-01-01 00:00:00,2026-01-01,1,1,1,0,financial,1,person,4,financial_category
29,5,575030,31536000,8000.0,,,,,,,template,2026-01-01 00:00:00,2026-01-01,1,1,1,0,financial,1,person,4,financial_category
29,5,621924,31536000,400.0,,,,,,,template,2026-01-01 00:00:00,2026-01-01,1,1,1,0,financial,1,person,4,financial_category
31,5,503218,31536000,500.0,,,,,,,template,2026-01-01 00:00:00,2026-01-01,1,1,1,0,financial,1,person,4,financial_category
31,5,630626,31536000,4000.0,,,,,,,template,2026-01-01 00:00:00,2026-01-01,1,1,1,0,financial,1,person,4,financial_category
31,5,536346,31536000,1000.0,,,,,,,template,2026-01-01 00:00:00,2026-01-01,1,1,1,0,financial,1,person,4,financial_category
31,5,520660,31536000,2000.0,,,,,,,template,2026-01-01 00:00:00,2026-01-01,1,1,1,0,financial,1,person,4,financial_category
552988,5,31,31536000,9000.0,,,,,,,template,2026-01-01 00:00:00,2026-01-01,1,1,1,0,financial,4,financial_category,1,person
31,5,567195,31536000,1000.0,,,,,,,template,2026-01-01 00:00:00,2026-01-01,1,1,1,0,financial,1,person,4,financial_category
31,5,527449,31536000,400.0,,,,,,,template,2026-01-01 00:00:00,2026-01-01,1,1,1,0,financial,1,person,4,financial_category
31,5,459381,31536000,500.0,,,,,,,template,2026-01-01 00:00:00,2026-01-01,1,1,1,0,financial,1,person,4,financial_category
31,5,595298,31536000,1000.0,,,,,,,template,2026-01-01 00:00:00,2026-01-01,1,1,1,0,financial,1,person,4,financial_category
31,5,466907,31536000,400.0,,,,,,,template,2026-01-01 00:00:00,2026-01-01,1,1,1,0,financial,1,person,4,financial_category
31,5,577992,31536000,70.0,,,,,,,template,2026-01-01 00:00:00,2026-01-01,1,1,1,0,financial,1,person,4,financial_category
31,5,537281,31536000,600.0,,,,,,,template,2026-01-01 00:00:00,2026-01-01,1,1,1,0,financial,1,person,4,financial_category
31,5,580426,31536000,200.0,,,,,,,template,2026-01-01 00:00:00,2026-01-01,1,1,1,0,financial,1,person,4,financial_category
31,5,595581,31536000,200.0,,,,,,,template,2026-01-01 00:00:00,2026-01-01,1,1,1,0,financial,1,person,4,financial_category
31,5,616315,31536000,500.0,,,,,,,template,2026-01-01 00:00:00,2026-01-01,1,1,1,0,financial,1,person,4,financial_category
31,5,642329,31536000,200.0,,,,,,,template,2026-01-01 00:00:00,2026-01-01,1,1,1,0,financial,1,person,4,financial_category
31,5,503701,31536000,2000.0,,,,,,,template,2026-01-01 00:00:00,2026-01-01,1,1,1,0,financial,1,person,4,financial_category
31,5,644226,31536000,1000.0,,,,,,,template,2026-01-01 00:00:00,2026-01-01,1,1,1,0,financial,1,person,4,financial_category
31,5,632961,31536000,300.0,,,,,,,template,2026-01-01 00:00:00,2026-01-01,1,1,1,0,financial,1,person,4,financial_category
31,5,473173,31536000,2000.0,,,,,,,template,2026-01-01 00:00:00,2026-01-01,1,1,1,0,financial,1,person,4,financial_category
31,5,620120,31536000,700.0,,,,,,,template,2026-01-01 00:00:00,2026-01-01,1,1,1,0,financial,1,person,4,financial_category
31,5,575030,31536000,5000.0,,,,,,,template,2026-01-01 00:00:00,2026-01-01,1,1,1,0,financial,1,person,4,financial_category
31,5,621924,31536000,900.0,,,,,,,template,2026-01-01 00:00:00,2026-01-01,1,1,1,0,financial,1,person,4,financial_category
33,5,630626,31536000,5000.0,,,,,,,template,2026-01-01 00:00:00,2026-01-01,1,1,1,0,financial,1,person,4,financial_category
510031,5,33,31536000,400.0,,,,,,,template,2026-01-01 00:00:00,2026-01-01,1,1,1,0,financial,4,financial_category,1,person
552988,5,33,31536000,40000.0,,,,,,,template,2026-01-01 00:00:00,2026-01-01,1,1,1,0,financial,4,financial_category,1,person
33,5,567195,31536000,2000.0,,,,,,,template,2026-01-01 00:00:00,2026-01-01,1,1,1,0,financial,1,person,4,financial_category
33,5,527449,31536000,500.0,,,,,,,template,2026-01-01 00:00:00,2026-01-01,1,1,1,0,financial,1,person,4,financial_category
33,5,459381,31536000,100.0,,,,,,,template,2026-01-01 00:00:00,2026-01-01,1,1,1,0,financial,1,person,4,financial_category
33,5,595298,31536000,3000.0,,,,,,,template,2026-01-01 00:00:00,2026-01-01,1,1,1,0,financial,1,person,4,financial_category
33,5,466907,31536000,500.0,,,,,,,template,2026-01-01 00:00:00,2026-01-01,1,1,1,0,financial,1,person,4,financial_category
33,5,577992,31536000,400.0,,,,,,,template,2026-01-01 00:00:00,2026-01-01,1,1,1,0,financial,1,person,4,financial_category
33,5,537281,31536000,200.0,,,,,,,template,2026-01-01 00:00:00,2026-01-01,1,1,1,0,financial,1,person,4,financial_category
33,5,523927,31536000,3000.0,,,,,,,template,2026-01-01 00:00:00,2026-01-01,1,1,1,0,financial,1,person,4,financial_category
33,5,580426,31536000,2000.0,,,,,,,template,2026-01-01 00:00:00,2026-01-01,1,1,1,0,financial,1,person,4,financial_category
33,5,595581,31536000,2000.0,,,,,,,template,2026-01-01 00:00:00,2026-01-01,1,1,1,0,financial,1,person,4,financial_category
33,5,616315,31536000,3000.0,,,,,,,template,2026-01-01 00:00:00,2026-01-01,1,1,1,0,financial,1,person,4,financial_category
33,5,642329,31536000,900.0,,,,,,,template,2026-01-01 00:00:00,2026-01-01,1,1,1,0,financial,1,person,4,financial_category
33,5,503701,31536000,900.0,,,,,,,template,2026-01-01 00:00:00,2026-01-01,1,1,1,0,financial,1,person,4,financial_category
33,5,632961,31536000,500.0,,,,,,,template,2026-01-01 00:00:00,2026-01-01,1,1,1,0,financial,1,person,4,financial_category
33,5,473173,31536000,3000.0,,,,,,,template,2026-01-01 00:00:00,2026-01-01,1,1,1,0,financial,1,person,4,financial_category
33,5,620120,31536000,10000.0,,,,,,,template,2026-01-01 00:00:00,2026-01-01,1,1,1,0,financial,1,person,4,financial_category
33,5,575030,31536000,4000.0,,,,,,,template,2026-01-01 00:00:00,2026-01-01,1,1,1,0,financial,1,person,4,financial_category
33,5,621924,31536000,2000.0,,,,,,,template,2026-01-01 00:00:00,2026-01-01,1,1,1,0,financial,1,person,4,financial_category
34,5,630626,31536000,3000.0,,,,,,,template,2026-01-01 00:00:00,2026-01-01,1,1,1,0,financial,1,person,4,financial_category
552988,5,34,31536000,10000.0,,,,,,,template,2026-01-01 00:00:00,2026-01-01,1,1,1,0,financial,4,financial_category,1,person
34,5,567195,31536000,1000.0,,,,,,,template,2026-01-01 00:00:00,2026-01-01,1,1,1,0,financial,1,person,4,financial_category
34,5,527449,31536000,200.0,,,,,,,template,2026-01-01 00:00:00,2026-01-01,1,1,1,0,financial,1,person,4,financial_category
34,5,459381,31536000,200.0,,,,,,,template,2026-01-01 00:00:00,2026-01-01,1,1,1,0,financial,1,person,4,financial_category
34,5,595298,31536000,40.0,,,,,,,template,2026-01-01 00:00:00,2026-01-01,1,1,1,0,financial,1,person,4,financial_category
34,5,589943,31536000,300.0,,,,,,,template,2026-01-01 00:00:00,2026-01-01,1,1,1,0,financial,1,person,4,financial_category
34,5,537281,31536000,600.0,,,,,,,template,2026-01-01 00:00:00,2026-01-01,1,1,1,0,financial,1,person,4,financial_category
34,5,523927,31536000,2000.0,,,,,,,template,2026-01-01 00:00:00,2026-01-01,1,1,1,0,financial,1,person,4,financial_category
34,5,580426,31536000,100.0,,,,,,,template,2026-01-01 00:00:00,2026-01-01,1,1,1,0,financial,1,person,4,financial_category
34,5,595581,31536000,800.0,,,,,,,template,2026-01-01 00:00:00,2026-01-01,1,1,1,0,financial,1,person,4,financial_category
34,5,616315,31536000,100.0,,,,,,,template,2026-01-01 00:00:00,2026-01-01,1,1,1,0,financial,1,person,4,financial_category
34,5,642329,31536000,1000.0,,,,,,,template,2026-01-01 00:00:00,2026-01-01,1,1,1,0,financial,1,person,4,financial_category
34,5,503701,31536000,3000.0,,,,,,,template,2026-01-01 00:00:00,2026-01-01,1,1,1,0,financial,1,person,4,financial_category
34,5,632961,31536000,400.0,,,,,,,template,2026-01-01 00:00:00,2026-01-01,1,1,1,0,financial,1,person,4,financial_category
34,5,473173,31536000,2000.0,,,,,,,template,2026-01-01 00:00:00,2026-01-01,1,1,1,0,financial,1,person,4,financial_category
34,5,620120,31536000,1000.0,,,,,,,template,2026-01-01 00:00:00,2026-01-01,1,1,1,0,financial,1,person,4,financial_category
34,5,575030,31536000,4000.0,,,,,,,template,2026-01-01 00:00:00,2026-01-01,1,1,1,0,financial,1,person,4,financial_category
34,5,621924,31536000,30.0,,,,,,,template,2026-01-01 00:00:00,2026-01-01,1,1,1,0,financial,1,person,4,financial_category
35,5,630626,31536000,6000.0,,,,,,,template,2026-01-01 00:00:00,2026-01-01,1,1,1,0,financial,1,person,4,financial_category
552988,5,35,31536000,40000.0,,,,,,,template,2026-01-01 00:00:00,2026-01-01,1,1,1,0,financial,4,financial_category,1,person
35,5,567195,31536000,6000.0,,,,,,,template,2026-01-01 00:00:00,2026-01-01,1,1,1,0,financial,1,person,4,financial_category
35,5,527449,31536000,80.0,,,,,,,template,2026-01-01 00:00:00,2026-01-01,1,1,1,0,financial,1,person,4,financial_category
35,5,459381,31536000,600.0,,,,,,,template,2026-01-01 00:00:00,2026-01-01,1,1,1,0,financial,1,person,4,financial_category
35,5,595298,31536000,1000.0,,,,,,,template,2026-01-01 00:00:00,2026-01-01,1,1,1,0,financial,1,person,4,financial_category
35,5,466907,31536000,700.0,,,,,,,template,2026-01-01 00:00:00,2026-01-01,1,1,1,0,financial,1,person,4,financial_category
35,5,589943,31536000,1000.0,,,,,,,template,2026-01-01 00:00:00,2026-01-01,1,1,1,0,financial,1,person,4,financial_category
35,5,537281,31536000,1000.0,,,,,,,template,2026-01-01 00:00:00,2026-01-01,1,1,1,0,financial,1,person,4,financial_category
35,5,523927,31536000,3000.0,,,,,,,template,2026-01-01 00:00:00,2026-01-01,1,1,1,0,financial,1,person,4,financial_category
35,5,642329,31536000,2000.0,,,,,,,template,2026-01-01 00:00:00,2026-01-01,1,1,1,0,financial,1,person,4,financial_category
35,5,503701,31536000,200.0,,,,,,,template,2026-01-01 00:00:00,2026-01-01,1,1,1,0,financial,1,person,4,financial_category
35,5,571970,31536000,40.0,,,,,,,template,2026-01-01 00:00:00,2026-01-01,1,1,1,0,financial,1,person,4,financial_category
35,5,632961,31536000,600.0,,,,,,,template,2026-01-01 00:00:00,2026-01-01,1,1,1,0,financial,1,person,4,financial_category
35,5,473173,31536000,100.0,,,,,,,template,2026-01-01 00:00:00,2026-01-01,1,1,1,0,financial,1,person,4,financial_category
35,5,620120,31536000,6000.0,,,,,,,template,2026-01-01 00:00:00,2026-01-01,1,1,1,0,financial,1,person,4,financial_category
35,5,575030,31536000,6000.0,,,,,,,template,2026-01-01 00:00:00,2026-01-01,1,1,1,0,financial,1,person,4,financial_category
36,5,630626,31536000,3000.0,,,,,,,template,2026-01-01 00:00:00,2026-01-01,1,1,1,0,financial,1,person,4,financial_category
510031,5,36,31536000,1000.0,,,,,,,template,2026-01-01 00:00:00,2026-01-01,1,1,1,0,financial,4,financial_category,1,person
552988,5,36,31536000,10000.0,,,,,,,template,2026-01-01 00:00:00,2026-01-01,1,1,1,0,financial,4,financial_category,1,person
36,5,567195,31536000,1000.0,,,,,,,template,2026-01-01 00:00:00,2026-01-01,1,1,1,0,financial,1,person,4,financial_category
36,5,527449,31536000,200.0,,,,,,,template,2026-01-01 00:00:00,2026-01-01,1,1,1,0,financial,1,person,4,financial_category
36,5,459381,31536000,500.0,,,,,,,template,2026-01-01 00:00:00,2026-01-01,1,1,1,0,financial,1,person,4,financial_category
36,5,595298,31536000,2000.0,,,,,,,template,2026-01-01 00:00:00,2026-01-01,1,1,1,0,financial,1,person,4,financial_category
36,5,466907,31536000,300.0,,,,,,,template,2026-01-01 00:00:00,2026-01-01,1,1,1,0,financial,1,person,4,financial_category
36,5,589943,31536000,1000.0,,,,,,,template,2026-01-01 00:00:00,2026-01-01,1,1,1,0,financial,1,person,4,financial_category
36,5,537281,31536000,400.0,,,,,,,template,2026-01-01 00:00:00,2026-01-01,1,1,1,0,financial,1,person,4,financial_category
36,5,523927,31536000,400.0,,,,,,,template,2026-01-01 00:00:00,2026-01-01,1,1,1,0,financial,1,person,4,financial_category
36,5,580426,31536000,100.0,,,,,,,template,2026-01-01 00:00:00,2026-01-01,1,1,1,0,financial,1,person,4,financial_category
36,5,616315,31536000,500.0,,,,,,,template,2026-01-01 00:00:00,2026-01-01,1,1,1,0,financial,1,person,4,financial_category
36,5,642329,31536000,700.0,,,,,,,template,2026-01-01 00:00:00,2026-01-01,1,1,1,0,financial,1,person,4,financial_category
36,5,503701,31536000,3000.0,,,,,,,template,2026-01-01 00:00:00,2026-01-01,1,1,1,0,financial,1,person,4,financial_category
36,5,571970,31536000,200.0,,,,,,,template,2026-01-01 00:00:00,2026-01-01,1,1,1,0,financial,1,person,4,financial_category
36,5,632961,31536000,500.0,,,,,,,template,2026-01-01 00:00:00,2026-01-01,1,1,1,0,financial,1,person,4,financial_category
36,5,473173,31536000,2000.0,,,,,,,template,2026-01-01 00:00:00,2026-01-01,1,1,1,0,financial,1,person,4,financial_category
620120,5,36,31536000,700.0,,,,,,,template,2026-01-01 00:00:00,2026-01-01,1,1,1,0,financial,4,financial_category,1,person
36,5,575030,31536000,9000.0,,,,,,,template,2026-01-01 00:00:00,2026-01-01,1,1,1,0,financial,1,person,4,financial_category
37,5,630626,31536000,2000.0,,,,,,,template,2026-01-01 00:00:00,2026-01-01,1,1,1,0,financial,1,person,4,financial_category
37,5,536346,31536000,800.0,,,,,,,template,2026-01-01 00:00:00,2026-01-01,1,1,1,0,financial,1,person,4,financial_category
552988,5,37,31536000,20000.0,,,,,,,template,2026-01-01 00:00:00,2026-01-01,1,1,1,0,financial,4,financial_category,1,person
37,5,567195,31536000,5000.0,,,,,,,template,2026-01-01 00:00:00,2026-01-01,1,1,1,0,financial,1,person,4,financial_category
37,5,527449,31536000,400.0,,,,,,,template,2026-01-01 00:00:00,2026-01-01,1,1,1,0,financial,1,person,4,financial_category
37,5,459381,31536000,200.0,,,,,,,template,2026-01-01 00:00:00,2026-01-01,1,1,1,0,financial,1,person,4,financial_category
37,5,595298,31536000,2000.0,,,,,,,template,2026-01-01 00:00:00,2026-01-01,1,1,1,0,financial,1,person,4,financial_category
37,5,466907,31536000,500.0,,,,,,,template,2026-01-01 00:00:00,2026-01-01,1,1,1,0,financial,1,person,4,financial_category
37,5,577992,31536000,2000.0,,,,,,,template,2026-01-01 00:00:00,2026-01-01,1,1,1,0,financial,1,person,4,financial_category
37,5,523927,31536000,1000.0,,,,,,,template,2026-01-01 00:00:00,2026-01-01,1,1,1,0,financial,1,person,4,financial_category
37,5,616315,31536000,50.0,,,,,,,template,2026-01-01 00:00:00,2026-01-01,1,1,1,0,financial,1,person,4,financial_category
37,5,503701,31536000,2000.0,,,,,,,template,2026-01-01 00:00:00,2026-01-01,1,1,1,0,financial,1,person,4,financial_category
37,5,571970,31536000,60.0,,,,,,,template,2026-01-01 00:00:00,2026-01-01,1,1,1,0,financial,1,person,4,financial_category
37,5,644226,31536000,1000.0,,,,,,,template,2026-01-01 00:00:00,2026-01-01,1,1,1,0,financial,1,person,4,financial_category
37,5,632961,31536000,300.0,,,,,,,template,2026-01-01 00:00:00,2026-01-01,1,1,1,0,financial,1,person,4,financial_category
37,5,473173,31536000,2000.0,,,,,,,template,2026-01-01 00:00:00,2026-01-01,1,1,1,0,financial,1,person,4,financial_category
620120,5,37,31536000,800.0,,,,,,,template,2026-01-01 00:00:00,2026-01-01,1,1,1,0,financial,4,financial_category,1,person
37,5,621924,31536000,300.0,,,,,,,template,2026-01-01 00:00:00,2026-01-01,1,1,1,0,financial,1,person,4,financial_category
38,5,630626,31536000,600.0,,,,,,,template,2026-01-01 00:00:00,2026-01-01,1,1,1,0,financial,1,person,4,financial_category
510031,5,38,31536000,70.0,,,,,,,template,2026-01-01 00:00:00,2026-01-01,1,1,1,0,financial,4,financial_category,1,person
552988,5,38,31536000,20000.0,,,,,,,template,2026-01-01 00:00:00,2026-01-01,1,1,1,0,financial,4,financial_category,1,person
38,5,567195,31536000,3000.0,,,,,,,template,2026-01-01 00:00:00,2026-01-01,1,1,1,0,financial,1,person,4,financial_category
38,5,527449,31536000,300.0,,,,,,,template,2026-01-01 00:00:00,2026-01-01,1,1,1,0,financial,1,person,4,financial_category
38,5,459381,31536000,200.0,,,,,,,template,2026-01-01 00:00:00,2026-01-01,1,1,1,0,financial,1,person,4,financial_category
38,5,595298,31536000,1000.0,,,,,,,template,2026-01-01 00:00:00,2026-01-01,1,1,1,0,financial,1,person,4,financial_category
38,5,466907,31536000,600.0,,,,,,,template,2026-01-01 00:00:00,2026-01-01,1,1,1,0,financial,1,person,4,financial_category
38,5,589943,31536000,600.0,,,,,,,template,2026-01-01 00:00:00,2026-01-01,1,1,1,0,financial,1,person,4,financial_category
38,5,577992,31536000,1000.0,,,,,,,template,2026-01-01 00:00:00,2026-01-01,1,1,1,0,financial,1,person,4,financial_category
38,5,523927,31536000,1000.0,,,,,,,template,2026-01-01 00:00:00,2026-01-01,1,1,1,0,financial,1,person,4,financial_category
38,5,580426,31536000,70.0,,,,,,,template,2026-01-01 00:00:00,2026-01-01,1,1,1,0,financial,1,person,4,financial_category
38,5,595581,31536000,500.0,,,,,,,template,2026-01-01 00:00:00,2026-01-01,1,1,1,0,financial,1,person,4,financial_category
38,5,616315,31536000,800.0,,,,,,,template,2026-01-01 00:00:00,2026-01-01,1,1,1,0,financial,1,person,4,financial_category
38,5,503701,31536000,2000.0,,,,,,,template,2026-01-01 00:00:00,2026-01-01,1,1,1,0,financial,1,person,4,financial_category
38,5,571970,31536000,60.0,,,,,,,template,2026-01-01 00:00:00,2026-01-01,1,1,1,0,financial,1,person,4,financial_category
38,5,632961,31536000,200.0,,,,,,,template,2026-01-01 00:00:00,2026-01-01,1,1,1,0,financial,1,person,4,financial_category
38,5,473173,31536000,2000.0,,,,,,,template,2026-01-01 00:00:00,2026-01-01,1,1,1,0,financial,1,person,4,financial_category
620120,5,38,31536000,400.0,,,,,,,template,2026-01-01 00:00:00,2026-01-01,1,1,1,0,financial,4,financial_category,1,person
552988,5,39,31536000,5000.0,,,,,,,template,2026-01-01 00:00:00,2026-01-01,1,1,1,0,financial,4,financial_category,1,person
39,5,527449,31536000,200.0,,,,,,,template,2026-01-01 00:00:00,2026-01-01,1,1,1,0,financial,1,person,4,financial_category
39,5,459381,31536000,200.0,,,,,,,template,2026-01-01 00:00:00,2026-01-01,1,1,1,0,financial,1,person,4,financial_category
39,5,595298,31536000,1000.0,,,,,,,template,2026-01-01 00:00:00,2026-01-01,1,1,1,0,financial,1,person,4,financial_category
39,5,577992,31536000,2000.0,,,,,,,template,2026-01-01 00:00:00,2026-01-01,1,1,1,0,financial,1,person,4,financial_category
39,5,537281,31536000,300.0,,,,,,,template,2026-01-01 00:00:00,2026-01-01,1,1,1,0,financial,1,person,4,financial_category
39,5,523927,31536000,2000.0,,,,,,,template,2026-01-01 00:00:00,2026-01-01,1,1,1,0,financial,1,person,4,financial_category
39,5,595581,31536000,200.0,,,,,,,template,2026-01-01 00:00:00,2026-01-01,1,1,1,0,financial,1,person,4,financial_category
39,5,642329,31536000,900.0,,,,,,,template,2026-01-01 00:00:00,2026-01-01,1,1,1,0,financial,1,person,4,financial_category
39,5,503701,31536000,2000.0,,,,,,,template,2026-01-01 00:00:00,2026-01-01,1,1,1,0,financial,1,person,4,financial_category
39,5,571970,31536000,90.0,,,,,,,template,2026-01-01 00:00:00,2026-01-01,1,1,1,0,financial,1,person,4,financial_category
39,5,473173,31536000,800.0,,,,,,,template,2026-01-01 00:00:00,2026-01-01,1,1,1,0,financial,1,person,4,financial_category
39,5,620120,31536000,1000.0,,,,,,,template,2026-01-01 00:00:00,2026-01-01,1,1,1,0,financial,1,person,4,financial_category
39,5,575030,31536000,300.0,,,,,,,template,2026-01-01 00:00:00,2026-01-01,1,1,1,0,financial,1,person,4,financial_category
39,5,621924,31536000,3000.0,,,,,,,template,2026-01-01 00:00:00,2026-01-01,1,1,1,0,financial,1,person,4,financial_category
40,5,503218,31536000,500.0,,,,,,,template,2026-01-01 00:00:00,2026-01-01,1,1,1,0,financial,1,person,4,financial_category
510031,5,40,31536000,800.0,,,,,,,template,2026-01-01 00:00:00,2026-01-01,1,1,1,0,financial,4,financial_category,1,person
552988,5,40,31536000,10000.0,,,,,,,template,2026-01-01 00:00:00,2026-01-01,1,1,1,0,financial,4,financial_category,1,person
40,5,567195,31536000,700.0,,,,,,,template,2026-01-01 00:00:00,2026-01-01,1,1,1,0,financial,1,person,4,financial_category
40,5,527449,31536000,100.0,,,,,,,template,2026-01-01 00:00:00,2026-01-01,1,1,1,0,financial,1,person,4,financial_category
40,5,459381,31536000,400.0,,,,,,,template,2026-01-01 00:00:00,2026-01-01,1,1,1,0,financial,1,person,4,financial_category
40,5,595298,31536000,1000.0,,,,,,,template,2026-01-01 00:00:00,2026-01-01,1,1,1,0,financial,1,person,4,financial_category
40,5,466907,31536000,500.0,,,,,,,template,2026-01-01 00:00:00,2026-01-01,1,1,1,0,financial,1,person,4,financial_category
40,5,589943,31536000,600.0,,,,,,,template,2026-01-01 00:00:00,2026-01-01,1,1,1,0,financial,1,person,4,financial_category
40,5,577992,31536000,1000.0,,,,,,,template,2026-01-01 00:00:00,2026-01-01,1,1,1,0,financial,1,person,4,financial_category
40,5,537281,31536000,1000.0,,,,,,,template,2026-01-01 00:00:00,2026-01-01,1,1,1,0,financial,1,person,4,financial_category
40,5,580426,31536000,100.0,,,,,,,template,2026-01-01 00:00:00,2026-01-01,1,1,1,0,financial,1,person,4,financial_category
40,5,595581,31536000,400.0,,,,,,,template,2026-01-01 00:00:00,2026-01-01,1,1,1,0,financial,1,person,4,financial_category
40,5,616315,31536000,300.0,,,,,,,template,2026-01-01 00:00:00,2026-01-01,1,1,1,0,financial,1,person,4,financial_category
40,5,642329,31536000,70.0,,,,,,,template,2026-01-01 00:00:00,2026-01-01,1,1,1,0,financial,1,person,4,financial_category
40,5,503701,31536000,2000.0,,,,,,,template,2026-01-01 00:00:00,2026-01-01,1,1,1,0,financial,1,person,4,financial_category
40,5,571970,31536000,300.0,,,,,,,template,2026-01-01 00:00:00,2026-01-01,1,1,1,0,financial,1,person,4,financial_category
40,5,473173,31536000,2000.0,,,,,,,template,2026-01-01 00:00:00,2026-01-01,1,1,1,0,financial,1,person,4,financial_category
620120,5,40,31536000,300.0,,,,,,,template,2026-01-01 00:00:00,2026-01-01,1,1,1,0,financial,4,financial_category,1,person
40,5,575030,31536000,8000.0,,,,,,,template,2026-01-01 00:00:00,2026-01-01,1,1,1,0,financial,1,person,4,financial_category
510031,5,41,31536000,300.0,,,,,,,template,2026-01-01 00:00:00,2026-01-01,1,1,1,0,financial,4,financial_category,1,person
552988,5,41,31536000,9000.0,,,,,,,template,2026-01-01 00:00:00,2026-01-01,1,1,1,0,financial,4,financial_category,1,person
41,5,567195,31536000,1000.0,,,,,,,template,2026-01-01 00:00:00,2026-01-01,1,1,1,0,financial,1,person,4,financial_category
41,5,527449,31536000,100.0,,,,,,,template,2026-01-01 00:00:00,2026-01-01,1,1,1,0,financial,1,person,4,financial_category
41,5,459381,31536000,500.0,,,,,,,template,2026-01-01 00:00:00,2026-01-01,1,1,1,0,financial,1,person,4,financial_category
41,5,595298,31536000,1000.0,,,,,,,template,2026-01-01 00:00:00,2026-01-01,1,1,1,0,financial,1,person,4,financial_category
41,5,466907,31536000,70.0,,,,,,,template,2026-01-01 00:00:00,2026-01-01,1,1,1,0,financial,1,person,4,financial_category
41,5,589943,31536000,2000.0,,,,,,,template,2026-01-01 00:00:00,2026-01-01,1,1,1,0,financial,1,person,4,financial_category
41,5,537281,31536000,40.0,,,,,,,template,2026-01-01 00:00:00,2026-01-01,1,1,1,0,financial,1,person,4,financial_category
41,5,580426,31536000,500.0,,,,,,,template,2026-01-01 00:00:00,2026-01-01,1,1,1,0,financial,1,person,4,financial_category
41,5,616315,31536000,400.0,,,,,,,template,2026-01-01 00:00:00,2026-01-01,1,1,1,0,financial,1,person,4,financial_category
41,5,503701,31536000,800.0,,,,,,,template,2026-01-01 00:00:00,2026-01-01,1,1,1,0,financial,1,person,4,financial_category
41,5,571970,31536000,100.0,,,,,,,template,2026-01-01 00:00:00,2026-01-01,1,1,1,0,financial,1,person,4,financial_category
41,5,632961,31536000,40.0,,,,,,,template,2026-01-01 00:00:00,2026-01-01,1,1,1,0,financial,1,person,4,financial_category
41,5,473173,31536000,30.0,,,,,,,template,2026-01-01 00:00:00,2026-01-01,1,1,1,0,financial,1,person,4,financial_category
41,5,620120,31536000,2000.0,,,,,,,template,2026-01-01 00:00:00,2026-01-01,1,1,1,0,financial,1,person,4,financial_category
41,5,575030,31536000,400.0,,,,,,,template,2026-01-01 00:00:00,2026-01-01,1,1,1,0,financial,1,person,4,financial_category
552988,5,42,31536000,10000.0,,,,,,,template,2026-01-01 00:00:00,2026-01-01,1,1,1,0,financial,4,financial_category,1,person
42,5,567195,31536000,700.0,,,,,,,template,2026-01-01 00:00:00,2026-01-01,1,1,1,0,financial,1,person,4,financial_category
42,5,527449,31536000,200.0,,,,,,,template,2026-01-01 00:00:00,2026-01-01,1,1,1,0,financial,1,person,4,financial_category
42,5,459381,31536000,700.0,,,,,,,template,2026-01-01 00:00:00,2026-01-01,1,1,1,0,financial,1,person,4,financial_category
42,5,595298,31536000,2000.0,,,,,,,template,2026-01-01 00:00:00,2026-01-01,1,1,1,0,financial,1,person,4,financial_category
42,5,466907,31536000,700.0,,,,,,,template,2026-01-01 00:00:00,2026-01-01,1,1,1,0,financial,1,person,4,financial_category
42,5,589943,31536000,900.0,,,,,,,template,2026-01-01 00:00:00,2026-01-01,1,1,1,0,financial,1,person,4,financial_category
42,5,537281,31536000,500.0,,,,,,,template,2026-01-01 00:00:00,2026-01-01,1,1,1,0,financial,1,person,4,financial_category
42,5,523927,31536000,1000.0,,,,,,,template,2026-01-01 00:00:00,2026-01-01,1,1,1,0,financial,1,person,4,financial_category
42,5,595581,31536000,300.0,,,,,,,template,2026-01-01 00:00:00,2026-01-01,1,1,1,0,financial,1,person,4,financial_category
42,5,616315,31536000,600.0,,,,,,,template,2026-01-01 00:00:00,2026-01-01,1,1,1,0,financial,1,person,4,financial_category
42,5,642329,31536000,800.0,,,,,,,template,2026-01-01 00:00:00,2026-01-01,1,1,1,0,financial,1,person,4,financial_category
42,5,503701,31536000,1000.0,,,,,,,template,2026-01-01 00:00:00,2026-01-01,1,1,1,0,financial,1,person,4,financial_category
42,5,571970,31536000,100.0,,,,,,,template,2026-01-01 00:00:00,2026-01-01,1,1,1,0,financial,1,person,4,financial_category
42,5,632961,31536000,200.0,,,,,,,template,2026-01-01 00:00:00,2026-01-01,1,1,1,0,financial,1,person,4,financial_category
42,5,473173,31536000,3000.0,,,,,,,template,2026-01-01 00:00:00,2026-01-01,1,1,1,0,financial,1,person,4,financial_category
42,5,620120,31536000,400.0,,,,,,,template,2026-01-01 00:00:00,2026-01-01,1,1,1,0,financial,1,person,4,financial_category
42,5,621924,31536000,600.0,,,,,,,template,2026-01-01 00:00:00,2026-01-01,1,1,1,0,financial,1,person,4,financial_category
43,5,503218,31536000,700.0,,,,,,,template,2026-01-01 00:00:00,2026-01-01,1,1,1,0,financial,1,person,4,financial_category
510031,5,43,31536000,20.0,,,,,,,template,2026-01-01 00:00:00,2026-01-01,1,1,1,0,financial,4,financial_category,1,person
552988,5,43,31536000,10000.0,,,,,,,template,2026-01-01 00:00:00,2026-01-01,1,1,1,0,financial,4,financial_category,1,person
43,5,567195,31536000,400.0,,,,,,,template,2026-01-01 00:00:00,2026-01-01,1,1,1,0,financial,1,person,4,financial_category
43,5,527449,31536000,100.0,,,,,,,template,2026-01-01 00:00:00,2026-01-01,1,1,1,0,financial,1,person,4,financial_category
43,5,459381,31536000,400.0,,,,,,,template,2026-01-01 00:00:00,2026-01-01,1,1,1,0,financial,1,person,4,financial_category
43,5,595298,31536000,1000.0,,,,,,,template,2026-01-01 00:00:00,2026-01-01,1,1,1,0,financial,1,person,4,financial_category
43,5,466907,31536000,300.0,,,,,,,template,2026-01-01 00:00:00,2026-01-01,1,1,1,0,financial,1,person,4,financial_category
43,5,589943,31536000,500.0,,,,,,,template,2026-01-01 00:00:00,2026-01-01,1,1,1,0,financial,1,person,4,financial_category
43,5,537281,31536000,80.0,,,,,,,template,2026-01-01 00:00:00,2026-01-01,1,1,1,0,financial,1,person,4,financial_category
43,5,523927,31536000,2000.0,,,,,,,template,2026-01-01 00:00:00,2026-01-01,1,1,1,0,financial,1,person,4,financial_category
43,5,580426,31536000,500.0,,,,,,,template,2026-01-01 00:00:00,2026-01-01,1,1,1,0,financial,1,person,4,financial_category
43,5,616315,31536000,1000.0,,,,,,,template,2026-01-01 00:00:00,2026-01-01,1,1,1,0,financial,1,person,4,financial_category
43,5,503701,31536000,400.0,,,,,,,template,2026-01-01 00:00:00,2026-01-01,1,1,1,0,financial,1,person,4,financial_category
43,5,571970,31536000,70.0,,,,,,,template,2026-01-01 00:00:00,2026-01-01,1,1,1,0,financial,1,person,4,financial_category
43,5,632961,31536000,70.0,,,,,,,template,2026-01-01 00:00:00,2026-01-01,1,1,1,0,financial,1,person,4,financial_category
43,5,473173,31536000,300.0,,,,,,,template,2026-01-01 00:00:00,2026-01-01,1,1,1,0,financial,1,person,4,financial_category
43,5,620120,31536000,2000.0,,,,,,,template,2026-01-01 00:00:00,2026-01-01,1,1,1,0,financial,1,person,4,financial_category
43,5,575030,31536000,6000.0,,,,,,,template,2026-01-01 00:00:00,2026-01-01,1,1,1,0,financial,1,person,4,financial_category
44,5,630626,31536000,6000.0,,,,,,,template,2026-01-01 00:00:00,2026-01-01,1,1,1,0,financial,1,person,4,financial_category
552988,5,44,31536000,200000.0,,,,,,,template,2026-01-01 00:00:00,2026-01-01,1,1,1,0,financial,4,financial_category,1,person
44,5,567195,31536000,6000.0,,,,,,,template,2026-01-01 00:00:00,2026-01-01,1,1,1,0,financial,1,person,4,financial_category
44,5,527449,31536000,400.0,,,,,,,template,2026-01-01 00:00:00,2026-01-01,1,1,1,0,financial,1,person,4,financial_category
44,5,459381,31536000,800.0,,,,,,,template,2026-01-01 00:00:00,2026-01-01,1,1,1,0,financial,1,person,4,financial_category
44,5,595298,31536000,500.0,,,,,,,template,2026-01-01 00:00:00,2026-01-01,1,1,1,0,financial,1,person,4,financial_category
44,5,466907,31536000,1000.0,,,,,,,template,2026-01-01 00:00:00,2026-01-01,1,1,1,0,financial,1,person,4,financial_category
44,5,589943,31536000,3000.0,,,,,,,template,2026-01-01 00:00:00,2026-01-01,1,1,1,0,financial,1,person,4,financial_category
44,5,577992,31536000,2000.0,,,,,,,template,2026-01-01 00:00:00,2026-01-01,1,1,1,0,financial,1,person,4,financial_category
44,5,523927,31536000,5000.0,,,,,,,template,2026-01-01 00:00:00,2026-01-01,1,1,1,0,financial,1,person,4,financial_category
44,5,616315,31536000,9000.0,,,,,,,template,2026-01-01 00:00:00,2026-01-01,1,1,1,0,financial,1,person,4,financial_category
44,5,642329,31536000,900.0,,,,,,,template,2026-01-01 00:00:00,2026-01-01,1,1,1,0,financial,1,person,4,financial_category
44,5,571970,31536000,200.0,,,,,,,template,2026-01-01 00:00:00,2026-01-01,1,1,1,0,financial,1,person,4,financial_category
44,5,632961,31536000,400.0,,,,,,,template,2026-01-01 00:00:00,2026-01-01,1,1,1,0,financial,1,person,4,financial_category
44,5,473173,31536000,2000.0,,,,,,,template,2026-01-01 00:00:00,2026-01-01,1,1,1,0,financial,1,person,4,financial_category
44,5,620120,31536000,4000.0,,,,,,,template,2026-01-01 00:00:00,2026-01-01,1,1,1,0,financial,1,person,4,financial_category
44,5,575030,31536000,7000.0,,,,,,,template,2026-01-01 00:00:00,2026-01-01,1,1,1,0,financial,1,person,4,financial_category
45,5,630626,31536000,6000.0,,,,,,,template,2026-01-01 00:00:00,2026-01-01,1,1,1,0,financial,1,person,4,financial_category
45,5,536346,31536000,2.0,,,,,,,template,2026-01-01 00:00:00,2026-01-01,1,1,1,0,financial,1,person,4,financial_category
510031,5,45,31536000,4000.0,,,,,,,template,2026-01-01 00:00:00,2026-01-01,1,1,1,0,financial,4,financial_category,1,person
45,5,520660,31536000,3000.0,,,,,,,template,2026-01-01 00:00:00,2026-01-01,1,1,1,0,financial,1,person,4,financial_category
552988,5,45,31536000,40000.0,,,,,,,template,2026-01-01 00:00:00,2026-01-01,1,1,1,0,financial,4,financial_category,1,person
45,5,567195,31536000,10000.0,,,,,,,template,2026-01-01 00:00:00,2026-01-01,1,1,1,0,financial,1,person,4,financial_category
45,5,527449,31536000,200.0,,,,,,,template,2026-01-01 00:00:00,2026-01-01,1,1,1,0,financial,1,person,4,financial_category
45,5,459381,31536000,800.0,,,,,,,template,2026-01-01 00:00:00,2026-01-01,1,1,1,0,financial,1,person,4,financial_category
45,5,595298,31536000,3000.0,,,,,,,template,2026-01-01 00:00:00,2026-01-01,1,1,1,0,financial,1,person,4,financial_category
45,5,466907,31536000,700.0,,,,,,,template,2026-01-01 00:00:00,2026-01-01,1,1,1,0,financial,1,person,4,financial_category
45,5,589943,31536000,3000.0,,,,,,,template,2026-01-01 00:00:00,2026-01-01,1,1,1,0,financial,1,person,4,financial_category
45,5,577992,31536000,1000.0,,,,,,,template,2026-01-01 00:00:00,2026-01-01,1,1,1,0,financial,1,person,4,financial_category
45,5,523927,31536000,1000.0,,,,,,,template,2026-01-01 00:00:00,2026-01-01,1,1,1,0,financial,1,person,4,financial_category
45,5,580426,31536000,200.0,,,,,,,template,2026-01-01 00:00:00,2026-01-01,1,1,1,0,financial,1,person,4,financial_category
45,5,595581,31536000,4000.0,,,,,,,template,2026-01-01 00:00:00,2026-01-01,1,1,1,0,financial,1,person,4,financial_category
45,5,616315,31536000,600.0,,,,,,,template,2026-01-01 00:00:00,2026-01-01,1,1,1,0,financial,1,person,4,financial_category
45,5,642329,31536000,3000.0,,,,,,,template,2026-01-01 00:00:00,2026-01-01,1,1,1,0,financial,1,person,4,financial_category
45,5,571970,31536000,60.0,,,,,,,template,2026-01-01 00:00:00,2026-01-01,1,1,1,0,financial,1,person,4,financial_category
45,5,644226,31536000,800.0,,,,,,,template,2026-01-01 00:00:00,2026-01-01,1,1,1,0,financial,1,person,4,financial_category
45,5,632961,31536000,300.0,,,,,,,template,2026-01-01 00:00:00,2026-01-01,1,1,1,0,financial,1,person,4,financial_category
45,5,473173,31536000,900.0,,,,,,,template,2026-01-01 00:00:00,2026-01-01,1,1,1,0,financial,1,person,4,financial_category
45,5,620120,31536000,8000.0,,,,,,,template,2026-01-01 00:00:00,2026-01-01,1,1,1,0,financial,1,person,4,financial_category
45,5,575030,31536000,6000.0,,,,,,,template,2026-01-01 00:00:00,2026-01-01,1,1,1,0,financial,1,person,4,financial_category
45,5,621924,31536000,2000.0,,,,,,,template,2026-01-01 00:00:00,2026-01-01,1,1,1,0,financial,1,person,4,financial_category
46,5,630626,31536000,3000.0,,,,,,,template,2026-01-01 00:00:00,2026-01-01,1,1,1,0,financial,1,person,4,financial_category
46,5,536346,31536000,2000.0,,,,,,,template,2026-01-01 00:00:00,2026-01-01,1,1,1,0,financial,1,person,4,financial_category
46,5,520660,31536000,3000.0,,,,,,,template,2026-01-01 00:00:00,2026-01-01,1,1,1,0,financial,1,person,4,financial_category
552988,5,46,31536000,30000.0,,,,,,,template,2026-01-01 00:00:00,2026-01-01,1,1,1,0,financial,4,financial_category,1,person
46,5,567195,31536000,700.0,,,,,,,template,2026-01-01 00:00:00,2026-01-01,1,1,1,0,financial,1,person,4,financial_category
46,5,527449,31536000,50.0,,,,,,,template,2026-01-01 00:00:00,2026-01-01,1,1,1,0,financial,1,person,4,financial_category
46,5,459381,31536000,200.0,,,,,,,template,2026-01-01 00:00:00,2026-01-01,1,1,1,0,financial,1,person,4,financial_category
46,5,595298,31536000,5000.0,,,,,,,template,2026-01-01 00:00:00,2026-01-01,1,1,1,0,financial,1,person,4,financial_category
46,5,466907,31536000,500.0,,,,,,,template,2026-01-01 00:00:00,2026-01-01,1,1,1,0,financial,1,person,4,financial_category
46,5,537281,31536000,200.0,,,,,,,template,2026-01-01 00:00:00,2026-01-01,1,1,1,0,financial,1,person,4,financial_category
46,5,523927,31536000,600.0,,,,,,,template,2026-01-01 00:00:00,2026-01-01,1,1,1,0,financial,1,person,4,financial_category
46,5,580426,31536000,700.0,,,,,,,template,2026-01-01 00:00:00,2026-01-01,1,1,1,0,financial,1,person,4,financial_category
46,5,595581,31536000,600.0,,,,,,,template,2026-01-01 00:00:00,2026-01-01,1,1,1,0,financial,1,person,4,financial_category
46,5,616315,31536000,700.0,,,,,,,template,2026-01-01 00:00:00,2026-01-01,1,1,1,0,financial,1,person,4,financial_category
46,5,503701,31536000,2000.0,,,,,,,template,2026-01-01 00:00:00,2026-01-01,1,1,1,0,financial,1,person,4,financial_category
46,5,644226,31536000,2000.0,,,,,,,template,2026-01-01 00:00:00,2026-01-01,1,1,1,0,financial,1,person,4,financial_category
46,5,632961,31536000,70.0,,,,,,,template,2026-01-01 00:00:00,2026-01-01,1,1,1,0,financial,1,person,4,financial_category
46,5,473173,31536000,1000.0,,,,,,,template,2026-01-01 00:00:00,2026-01-01,1,1,1,0,financial,1,person,4,financial_category
46,5,620120,31536000,3000.0,,,,,,,template,2026-01-01 00:00:00,2026-01-01,1,1,1,0,financial,1,person,4,financial_category
46,5,575030,31536000,1000.0,,,,,,,template,2026-01-01 00:00:00,2026-01-01,1,1,1,0,financial,1,person,4,financial_category
46,5,621924,31536000,1000.0,,,,,,,template,2026-01-01 00:00:00,2026-01-01,1,1,1,0,financial,1,person,4,financial_category
47,5,630626,31536000,5000.0,,,,,,,template,2026-01-01 00:00:00,2026-01-01,1,1,1,0,financial,1,person,4,financial_category
552988,5,47,31536000,10000.0,,,,,,,template,2026-01-01 00:00:00,2026-01-01,1,1,1,0,financial,4,financial_category,1,person
47,5,567195,31536000,3000.0,,,,,,,template,2026-01-01 00:00:00,2026-01-01,1,1,1,0,financial,1,person,4,financial_category
47,5,527449,31536000,300.0,,,,,,,template,2026-01-01 00:00:00,2026-01-01,1,1,1,0,financial,1,person,4,financial_category
47,5,459381,31536000,700.0,,,,,,,template,2026-01-01 00:00:00,2026-01-01,1,1,1,0,financial,1,person,4,financial_category
47,5,595298,31536000,4000.0,,,,,,,template,2026-01-01 00:00:00,2026-01-01,1,1,1,0,financial,1,person,4,financial_category
47,5,466907,31536000,600.0,,,,,,,template,2026-01-01 00:00:00,2026-01-01,1,1,1,0,financial,1,person,4,financial_category
47,5,589943,31536000,200.0,,,,,,,template,2026-01-01 00:00:00,2026-01-01,1,1,1,0,financial,1,person,4,financial_category
47,5,523927,31536000,2000.0,,,,,,,template,2026-01-01 00:00:00,2026-01-01,1,1,1,0,financial,1,person,4,financial_category
47,5,580426,31536000,20.0,,,,,,,template,2026-01-01 00:00:00,2026-01-01,1,1,1,0,financial,1,person,4,financial_category
47,5,595581,31536000,200.0,,,,,,,template,2026-01-01 00:00:00,2026-01-01,1,1,1,0,financial,1,person,4,financial_category
47,5,616315,31536000,2000.0,,,,,,,template,2026-01-01 00:00:00,2026-01-01,1,1,1,0,financial,1,person,4,financial_category
47,5,503701,31536000,500.0,,,,,,,template,2026-01-01 00:00:00,2026-01-01,1,1,1,0,financial,1,person,4,financial_category
47,5,571970,31536000,80.0,,,,,,,template,2026-01-01 00:00:00,2026-01-01,1,1,1,0,financial,1,person,4,financial_category
47,5,473173,31536000,600.0,,,,,,,template,2026-01-01 00:00:00,2026-01-01,1,1,1,0,financial,1,person,4,financial_category
47,5,620120,31536000,900.0,,,,,,,template,2026-01-01 00:00:00,2026-01-01,1,1,1,0,financial,1,person,4,financial_category
47,5,575030,31536000,4000.0,,,,,,,template,2026-01-01 00:00:00,2026-01-01,1,1,1,0,financial,1,person,4,financial_category
48,5,630626,31536000,4000.0,,,,,,,template,2026-01-01 00:00:00,2026-01-01,1,1,1,0,financial,1,person,4,financial_category
552988,5,48,31536000,40000.0,,,,,,,template,2026-01-01 00:00:00,2026-01-01,1,1,1,0,financial,4,financial_category,1,person
48,5,567195,31536000,5000.0,,,,,,,template,2026-01-01 00:00:00,2026-01-01,1,1,1,0,financial,1,person,4,financial_category
48,5,527449,31536000,10.0,,,,,,,template,2026-01-01 00:00:00,2026-01-01,1,1,1,0,financial,1,person,4,financial_category
48,5,459381,31536000,500.0,,,,,,,template,2026-01-01 00:00:00,2026-01-01,1,1,1,0,financial,1,person,4,financial_category
48,5,595298,31536000,2000.0,,,,,,,template,2026-01-01 00:00:00,2026-01-01,1,1,1,0,financial,1,person,4,financial_category
48,5,466907,31536000,900.0,,,,,,,template,2026-01-01 00:00:00,2026-01-01,1,1,1,0,financial,1,person,4,financial_category
48,5,537281,31536000,500.0,,,,,,,template,2026-01-01 00:00:00,2026-01-01,1,1,1,0,financial,1,person,4,financial_category
48,5,523927,31536000,3000.0,,,,,,,template,2026-01-01 00:00:00,2026-01-01,1,1,1,0,financial,1,person,4,financial_category
48,5,580426,31536000,600.0,,,,,,,template,2026-01-01 00:00:00,2026-01-01,1,1,1,0,financial,1,person,4,financial_category
48,5,595581,31536000,2000.0,,,,,,,template,2026-01-01 00:00:00,2026-01-01,1,1,1,0,financial,1,person,4,financial_category
48,5,616315,31536000,100.0,,,,,,,template,2026-01-01 00:00:00,2026-01-01,1,1,1,0,financial,1,person,4,financial_category
48,5,503701,31536000,200.0,,,,,,,template,2026-01-01 00:00:00,2026-01-01,1,1,1,0,financial,1,person,4,financial_category
48,5,632961,31536000,500.0,,,,,,,template,2026-01-01 00:00:00,2026-01-01,1,1,1,0,financial,1,person,4,financial_category
48,5,473173,31536000,300.0,,,,,,,template,2026-01-01 00:00:00,2026-01-01,1,1,1,0,financial,1,person,4,financial_category
48,5,620120,31536000,6000.0,,,,,,,template,2026-01-01 00:00:00,2026-01-01,1,1,1,0,financial,1,person,4,financial_category
48,5,575030,31536000,3000.0,,,,,,,template,2026-01-01 00:00:00,2026-01-01,1,1,1,0,financial,1,person,4,financial_category
49,5,640784,31536000,1000.0,,,,,,,template,2026-01-01 00:00:00,2026-01-01,1,1,1,0,financial,1,person,4,financial_category
49,5,630626,31536000,5000.0,,,,,,,template,2026-01-01 00:00:00,2026-01-01,1,1,1,0,financial,1,person,4,financial_category
49,5,536346,31536000,200.0,,,,,,,template,2026-01-01 00:00:00,2026-01-01,1,1,1,0,financial,1,person,4,financial_category
510031,5,49,31536000,1000.0,,,,,,,template,2026-01-01 00:00:00,2026-01-01,1,1,1,0,financial,4,financial_category,1,person
49,5,520660,31536000,2000.0,,,,,,,template,2026-01-01 00:00:00,2026-01-01,1,1,1,0,financial,1,person,4,financial_category
552988,5,49,31536000,40000.0,,,,,,,template,2026-01-01 00:00:00,2026-01-01,1,1,1,0,financial,4,financial_category,1,person
49,5,567195,31536000,1000.0,,,,,,,template,2026-01-01 00:00:00,2026-01-01,1,1,1,0,financial,1,person,4,financial_category
49,5,527449,31536000,300.0,,,,,,,template,2026-01-01 00:00:00,2026-01-01,1,1,1,0,financial,1,person,4,financial_category
49,5,459381,31536000,500.0,,,,,,,template,2026-01-01 00:00:00,2026-01-01,1,1,1,0,financial,1,person,4,financial_category
49,5,595298,31536000,3000.0,,,,,,,template,2026-01-01 00:00:00,2026-01-01,1,1,1,0,financial,1,person,4,financial_category
49,5,466907,31536000,700.0,,,,,,,template,2026-01-01 00:00:00,2026-01-01,1,1,1,0,financial,1,person,4,financial_category
49,5,606730,31536000,1000.0,,,,,,,template,2026-01-01 00:00:00,2026-01-01,1,1,1,0,financial,1,person,4,financial_category
49,5,589943,31536000,4000.0,,,,,,,template,2026-01-01 00:00:00,2026-01-01,1,1,1,0,financial,1,person,4,financial_category
49,5,577992,31536000,2000.0,,,,,,,template,2026-01-01 00:00:00,2026-01-01,1,1,1,0,financial,1,person,4,financial_category
49,5,580426,31536000,1000.0,,,,,,,template,2026-01-01 00:00:00,2026-01-01,1,1,1,0,financial,1,person,4,financial_category
49,5,595581,31536000,3000.0,,,,,,,template,2026-01-01 00:00:00,2026-01-01,1,1,1,0,financial,1,person,4,financial_category
49,5,616315,31536000,400.0,,,,,,,template,2026-01-01 00:00:00,2026-01-01,1,1,1,0,financial,1,person,4,financial_category
49,5,642329,31536000,400.0,,,,,,,template,2026-01-01 00:00:00,2026-01-01,1,1,1,0,financial,1,person,4,financial_category
49,5,503701,31536000,3000.0,,,,,,,template,2026-01-01 00:00:00,2026-01-01,1,1,1,0,financial,1,person,4,financial_category
49,5,571970,31536000,20.0,,,,,,,template,2026-01-01 00:00:00,2026-01-01,1,1,1,0,financial,1,person,4,financial_category
49,5,644226,31536000,2000.0,,,,,,,template,2026-01-01 00:00:00,2026-01-01,1,1,1,0,financial,1,person,4,financial_category
49,5,632961,31536000,300.0,,,,,,,template,2026-01-01 00:00:00,2026-01-01,1,1,1,0,financial,1,person,4,financial_category
49,5,473173,31536000,300.0,,,,,,,template,2026-01-01 00:00:00,2026-01-01,1,1,1,0,financial,1,person,4,financial_category
49,5,620120,31536000,6000.0,,,,,,,template,2026-01-01 00:00:00,2026-01-01,1,1,1,0,financial,1,person,4,financial_category
49,5,575030,31536000,5000.0,,,,,,,template,2026-01-01 00:00:00,2026-01-01,1,1,1,0,financial,1,person,4,financial_category
49,5,621924,31536000,3000.0,,,,,,,template,2026-01-01 00:00:00,2026-01-01,1,1,1,0,financial,1,person,4,financial_category
52,5,630626,31536000,4000.0,,,,,,,template,2026-01-01 00:00:00,2026-01-01,1,1,1,0,financial,1,person,4,financial_category
52,5,536346,31536000,2000.0,,,,,,,template,2026-01-01 00:00:00,2026-01-01,1,1,1,0,financial,1,person,4,financial_category
52,5,520660,31536000,3000.0,,,,,,,template,2026-01-01 00:00:00,2026-01-01,1,1,1,0,financial,1,person,4,financial_category
552988,5,52,31536000,50000.0,,,,,,,template,2026-01-01 00:00:00,2026-01-01,1,1,1,0,financial,4,financial_category,1,person
52,5,527449,31536000,70.0,,,,,,,template,2026-01-01 00:00:00,2026-01-01,1,1,1,0,financial,1,person,4,financial_category
52,5,459381,31536000,7.0,,,,,,,template,2026-01-01 00:00:00,2026-01-01,1,1,1,0,financial,1,person,4,financial_category
52,5,595298,31536000,4000.0,,,,,,,template,2026-01-01 00:00:00,2026-01-01,1,1,1,0,financial,1,person,4,financial_category
52,5,466907,31536000,400.0,,,,,,,template,2026-01-01 00:00:00,2026-01-01,1,1,1,0,financial,1,person,4,financial_category
52,5,589943,31536000,50.0,,,,,,,template,2026-01-01 00:00:00,2026-01-01,1,1,1,0,financial,1,person,4,financial_category
52,5,577992,31536000,2000.0,,,,,,,template,2026-01-01 00:00:00,2026-01-01,1,1,1,0,financial,1,person,4,financial_category
52,5,523927,31536000,2000.0,,,,,,,template,2026-01-01 00:00:00,2026-01-01,1,1,1,0,financial,1,person,4,financial_category
52,5,580426,31536000,700.0,,,,,,,template,2026-01-01 00:00:00,2026-01-01,1,1,1,0,financial,1,person,4,financial_category
52,5,616315,31536000,800.0,,,,,,,template,2026-01-01 00:00:00,2026-01-01,1,1,1,0,financial,1,person,4,financial_category
52,5,642329,31536000,1000.0,,,,,,,template,2026-01-01 00:00:00,2026-01-01,1,1,1,0,financial,1,person,4,financial_category
52,5,503701,31536000,4000.0,,,,,,,template,2026-01-01 00:00:00,2026-01-01,1,1,1,0,financial,1,person,4,financial_category
52,5,644226,31536000,1000.0,,,,,,,template,2026-01-01 00:00:00,2026-01-01,1,1,1,0,financial,1,person,4,financial_category
52,5,632961,31536000,20.0,,,,,,,template,2026-01-01 00:00:00,2026-01-01,1,1,1,0,financial,1,person,4,financial_category
52,5,473173,31536000,3000.0,,,,,,,template,2026-01-01 00:00:00,2026-01-01,1,1,1,0,financial,1,person,4,financial_category
52,5,620120,31536000,9000.0,,,,,,,template,2026-01-01 00:00:00,2026-01-01,1,1,1,0,financial,1,person,4,financial_category
52,5,575030,31536000,5000.0,,,,,,,template,2026-01-01 00:00:00,2026-01-01,1,1,1,0,financial,1,person,4,financial_category
552988,5,53,31536000,50000.0,,,,,,,template,2026-01-01 00:00:00,2026-01-01,1,1,1,0,financial,4,financial_category,1,person
53,5,527449,31536000,90.0,,,,,,,template,2026-01-01 00:00:00,2026-01-01,1,1,1,0,financial,1,person,4,financial_category
53,5,459381,31536000,70.0,,,,,,,template,2026-01-01 00:00:00,2026-01-01,1,1,1,0,financial,1,person,4,financial_category
53,5,595298,31536000,2000.0,,,,,,,template,2026-01-01 00:00:00,2026-01-01,1,1,1,0,financial,1,person,4,financial_category
53,5,466907,31536000,2000.0,,,,,,,template,2026-01-01 00:00:00,2026-01-01,1,1,1,0,financial,1,person,4,financial_category
53,5,589943,31536000,2000.0,,,,,,,template,2026-01-01 00:00:00,2026-01-01,1,1,1,0,financial,1,person,4,financial_category
53,5,537281,31536000,600.0,,,,,,,template,2026-01-01 00:00:00,2026-01-01,1,1,1,0,financial,1,person,4,financial_category
53,5,523927,31536000,400.0,,,,,,,template,2026-01-01 00:00:00,2026-01-01,1,1,1,0,financial,1,person,4,financial_category
53,5,595581,31536000,3000.0,,,,,,,template,2026-01-01 00:00:00,2026-01-01,1,1,1,0,financial,1,person,4,financial_category
53,5,616315,31536000,4000.0,,,,,,,template,2026-01-01 00:00:00,2026-01-01,1,1,1,0,financial,1,person,4,financial_category
53,5,642329,31536000,900.0,,,,,,,template,2026-01-01 00:00:00,2026-01-01,1,1,1,0,financial,1,person,4,financial_category
53,5,503701,31536000,6000.0,,,,,,,template,2026-01-01 00:00:00,2026-01-01,1,1,1,0,financial,1,person,4,financial_category
53,5,571970,31536000,200.0,,,,,,,template,2026-01-01 00:00:00,2026-01-01,1,1,1,0,financial,1,person,4,financial_category
53,5,473173,31536000,1000.0,,,,,,,template,2026-01-01 00:00:00,2026-01-01,1,1,1,0,financial,1,person,4,financial_category
620120,5,53,31536000,7000.0,,,,,,,template,2026-01-01 00:00:00,2026-01-01,1,1,1,0,financial,4,financial_category,1,person
53,5,621924,31536000,400.0,,,,,,,template,2026-01-01 00:00:00,2026-01-01,1,1,1,0,financial,1,person,4,financial_category
510031,5,54,31536000,4000.0,,,,,,,template,2026-01-01 00:00:00,2026-01-01,1,1,1,0,financial,4,financial_category,1,person
552988,5,54,31536000,30000.0,,,,,,,template,2026-01-01 00:00:00,2026-01-01,1,1,1,0,financial,4,financial_category,1,person
54,5,567195,31536000,4000.0,,,,,,,template,2026-01-01 00:00:00,2026-01-01,1,1,1,0,financial,1,person,4,financial_category
54,5,527449,31536000,200.0,,,,,,,template,2026-01-01 00:00:00,2026-01-01,1,1,1,0,financial,1,person,4,financial_category
54,5,459381,31536000,2000.0,,,,,,,template,2026-01-01 00:00:00,2026-01-01,1,1,1,0,financial,1,person,4,financial_category
54,5,595298,31536000,1000.0,,,,,,,template,2026-01-01 00:00:00,2026-01-01,1,1,1,0,financial,1,person,4,financial_category
54,5,466907,31536000,1000.0,,,,,,,template,2026-01-01 00:00:00,2026-01-01,1,1,1,0,financial,1,person,4,financial_category
54,5,589943,31536000,2000.0,,,,,,,template,2026-01-01 00:00:00,2026-01-01,1,1,1,0,financial,1,person,4,financial_category
54,5,523927,31536000,1000.0,,,,,,,template,2026-01-01 00:00:00,2026-01-01,1,1,1,0,financial,1,person,4,financial_category
54,5,580426,31536000,900.0,,,,,,,template,2026-01-01 00:00:00,2026-01-01,1,1,1,0,financial,1,person,4,financial_category
54,5,616315,31536000,4000.0,,,,,,,template,2026-01-01 00:00:00,2026-01-01,1,1,1,0,financial,1,person,4,financial_category
54,5,642329,31536000,1000.0,,,,,,,template,2026-01-01 00:00:00,2026-01-01,1,1,1,0,financial,1,person,4,financial_category
54,5,503701,31536000,3000.0,,,,,,,template,2026-01-01 00:00:00,2026-01-01,1,1,1,0,financial,1,person,4,financial_category
54,5,571970,31536000,500.0,,,,,,,template,2026-01-01 00:00:00,2026-01-01,1,1,1,0,financial,1,person,4,financial_category
54,5,632961,31536000,2000.0,,,,,,,template,2026-01-01 00:00:00,2026-01-01,1,1,1,0,financial,1,person,4,financial_category
54,5,473173,31536000,1000.0,,,,,,,template,2026-01-01 00:00:00,2026-01-01,1,1,1,0,financial,1,person,4,financial_category
54,5,620120,31536000,4000.0,,,,,,,template,2026-01-01 00:00:00,2026-01-01,1,1,1,0,financial,1,person,4,financial_category
54,5,575030,31536000,500.0,,,,,,,template,2026-01-01 00:00:00,2026-01-01,1,1,1,0,financial,1,person,4,financial_category
54,5,621924,31536000,10000.0,,,,,,,template,2026-01-01 00:00:00,2026-01-01,1,1,1,0,financial,1,person,4,financial_category
510031,5,55,31536000,4000.0,,,,,,,template,2026-01-01 00:00:00,2026-01-01,1,1,1,0,financial,4,financial_category,1,person
552988,5,55,31536000,30000.0,,,,,,,template,2026-01-01 00:00:00,2026-01-01,1,1,1,0,financial,4,financial_category,1,person
55,5,527449,31536000,1000.0,,,,,,,template,2026-01-01 00:00:00,2026-01-01,1,1,1,0,financial,1,person,4,financial_category
55,5,459381,31536000,600.0,,,,,,,template,2026-01-01 00:00:00,2026-01-01,1,1,1,0,financial,1,person,4,financial_category
55,5,595298,31536000,5000.0,,,,,,,template,2026-01-01 00:00:00,2026-01-01,1,1,1,0,financial,1,person,4,financial_category
55,5,466907,31536000,2000.0,,,,,,,template,2026-01-01 00:00:00,2026-01-01,1,1,1,0,financial,1,person,4,financial_category
55,5,523927,31536000,1000.0,,,,,,,template,2026-01-01 00:00:00,2026-01-01,1,1,1,0,financial,1,person,4,financial_category
55,5,580426,31536000,700.0,,,,,,,template,2026-01-01 00:00:00,2026-01-01,1,1,1,0,financial,1,person,4,financial_category
55,5,595581,31536000,300.0,,,,,,,template,2026-01-01 00:00:00,2026-01-01,1,1,1,0,financial,1,person,4,financial_category
55,5,503701,31536000,8000.0,,,,,,,template,2026-01-01 00:00:00,2026-01-01,1,1,1,0,financial,1,person,4,financial_category
55,5,473173,31536000,6000.0,,,,,,,template,2026-01-01 00:00:00,2026-01-01,1,1,1,0,financial,1,person,4,financial_category
620120,5,55,31536000,2000.0,,,,,,,template,2026-01-01 00:00:00,2026-01-01,1,1,1,0,financial,4,financial_category,1,person
55,5,575030,31536000,20000.0,,,,,,,template,2026-01-01 00:00:00,2026-01-01,1,1,1,0,financial,1,person,4,financial_category
55,5,621924,31536000,4000.0,,,,,,,template,2026-01-01 00:00:00,2026-01-01,1,1,1,0,financial,1,person,4,financial_category
552988,5,56,31536000,30000.0,,,,,,,template,2026-01-01 00:00:00,2026-01-01,1,1,1,0,financial,4,financial_category,1,person
56,5,567195,31536000,2000.0,,,,,,,template,2026-01-01 00:00:00,2026-01-01,1,1,1,0,financial,1,person,4,financial_category
56,5,527449,31536000,300.0,,,,,,,template,2026-01-01 00:00:00,2026-01-01,1,1,1,0,financial,1,person,4,financial_category
56,5,459381,31536000,2000.0,,,,,,,template,2026-01-01 00:00:00,2026-01-01,1,1,1,0,financial,1,person,4,financial_category
56,5,595298,31536000,5000.0,,,,,,,template,2026-01-01 00:00:00,2026-01-01,1,1,1,0,financial,1,person,4,financial_category
56,5,466907,31536000,1000.0,,,,,,,template,2026-01-01 00:00:00,2026-01-01,1,1,1,0,financial,1,person,4,financial_category
56,5,589943,31536000,3000.0,,,,,,,template,2026-01-01 00:00:00,2026-01-01,1,1,1,0,financial,1,person,4,financial_category
56,5,537281,31536000,2000.0,,,,,,,template,2026-01-01 00:00:00,2026-01-01,1,1,1,0,financial,1,person,4,financial_category
56,5,523927,31536000,7000.0,,,,,,,template,2026-01-01 00:00:00,2026-01-01,1,1,1,0,financial,1,person,4,financial_category
56,5,595581,31536000,2000.0,,,,,,,template,2026-01-01 00:00:00,2026-01-01,1,1,1,0,financial,1,person,4,financial_category
56,5,616315,31536000,3000.0,,,,,,,template,2026-01-01 00:00:00,2026-01-01,1,1,1,0,financial,1,person,4,financial_category
56,5,642329,31536000,400.0,,,,,,,template,2026-01-01 00:00:00,2026-01-01,1,1,1,0,financial,1,person,4,financial_category
56,5,503701,31536000,5000.0,,,,,,,template,2026-01-01 00:00:00,2026-01-01,1,1,1,0,financial,1,person,4,financial_category
56,5,571970,31536000,900.0,,,,,,,template,2026-01-01 00:00:00,2026-01-01,1,1,1,0,financial,1,person,4,financial_category
56,5,473173,31536000,3000.0,,,,,,,template,2026-01-01 00:00:00,2026-01-01,1,1,1,0,financial,1,person,4,financial_category
56,5,620120,31536000,800.0,,,,,,,template,2026-01-01 00:00:00,2026-01-01,1,1,1,0,financial,1,person,4,financial_category
56,5,575030,31536000,7000.0,,,,,,,template,2026-01-01 00:00:00,2026-01-01,1,1,1,0,financial,1,person,4,financial_category
56,5,621924,31536000,4000.0,,,,,,,template,2026-01-01 00:00:00,2026-01-01,1,1,1,0,financial,1,person,4,financial_category
57,5,503218,31536000,4000.0,,,,,,,template,2026-01-01 00:00:00,2026-01-01,1,1,1,0,financial,1,person,4,financial_category
57,5,630626,31536000,40000.0,,,,,,,template,2026-01-01 00:00:00,2026-01-01,1,1,1,0,financial,1,person,4,financial_category
57,5,536346,31536000,5000.0,,,,,,,template,2026-01-01 00:00:00,2026-01-01,1,1,1,0,financial,1,person,4,financial_category
57,5,520660,31536000,20000.0,,,,,,,template,2026-01-01 00:00:00,2026-01-01,1,1,1,0,financial,1,person,4,financial_category
552988,5,57,31536000,20000.0,,,,,,,template,2026-01-01 00:00:00,2026-01-01,1,1,1,0,financial,4,financial_category,1,person
57,5,567195,31536000,40000.0,,,,,,,template,2026-01-01 00:00:00,2026-01-01,1,1,1,0,financial,1,person,4,financial_category
57,5,527449,31536000,100.0,,,,,,,template,2026-01-01 00:00:00,2026-01-01,1,1,1,0,financial,1,person,4,financial_category
57,5,459381,31536000,1000.0,,,,,,,template,2026-01-01 00:00:00,2026-01-01,1,1,1,0,financial,1,person,4,financial_category
57,5,595298,31536000,10000.0,,,,,,,template,2026-01-01 00:00:00,2026-01-01,1,1,1,0,financial,1,person,4,financial_category
57,5,606730,31536000,3000.0,,,,,,,template,2026-01-01 00:00:00,2026-01-01,1,1,1,0,financial,1,person,4,financial_category
57,5,589943,31536000,10000.0,,,,,,,template,2026-01-01 00:00:00,2026-01-01,1,1,1,0,financial,1,person,4,financial_category
57,5,577992,31536000,20000.0,,,,,,,template,2026-01-01 00:00:00,2026-01-01,1,1,1,0,financial,1,person,4,financial_category
57,5,523927,31536000,20000.0,,,,,,,template,2026-01-01 00:00:00,2026-01-01,1,1,1,0,financial,1,person,4,financial_category
57,5,580426,31536000,9000.0,,,,,,,template,2026-01-01 00:00:00,2026-01-01,1,1,1,0,financial,1,person,4,financial_category
57,5,642329,31536000,6000.0,,,,,,,template,2026-01-01 00:00:00,2026-01-01,1,1,1,0,financial,1,person,4,financial_category
57,5,503701,31536000,10000.0,,,,,,,template,2026-01-01 00:00:00,2026-01-01,1,1,1,0,financial,1,person,4,financial_category
57,5,571970,31536000,200.0,,,,,,,template,2026-01-01 00:00:00,2026-01-01,1,1,1,0,financial,1,person,4,financial_category
57,5,644226,31536000,9000.0,,,,,,,template,2026-01-01 00:00:00,2026-01-01,1,1,1,0,financial,1,person,4,financial_category
57,5,632961,31536000,2000.0,,,,,,,template,2026-01-01 00:00:00,2026-01-01,1,1,1,0,financial,1,person,4,financial_category
57,5,473173,31536000,3000.0,,,,,,,template,2026-01-01 00:00:00,2026-01-01,1,1,1,0,financial,1,person,4,financial_category
620120,5,57,31536000,200000.0,,,,,,,template,2026-01-01 00:00:00,2026-01-01,1,1,1,0,financial,4,financial_category,1,person
57,5,621924,31536000,100000.0,,,,,,,template,2026-01-01 00:00:00,2026-01-01,1,1,1,0,financial,1,person,4,financial_category
510031,5,58,31536000,100.0,,,,,,,template,2026-01-01 00:00:00,2026-01-01,1,1,1,0,financial,4,financial_category,1,person
552988,5,58,31536000,3000.0,,,,,,,template,2026-01-01 00:00:00,2026-01-01,1,1,1,0,financial,4,financial_category,1,person
58,5,527449,31536000,90.0,,,,,,,template,2026-01-01 00:00:00,2026-01-01,1,1,1,0,financial,1,person,4,financial_category
58,5,459381,31536000,3.0,,,,,,,template,2026-01-01 00:00:00,2026-01-01,1,1,1,0,financial,1,person,4,financial_category
58,5,595298,31536000,1000.0,,,,,,,template,2026-01-01 00:00:00,2026-01-01,1,1,1,0,financial,1,person,4,financial_category
58,5,466907,31536000,60.0,,,,,,,template,2026-01-01 00:00:00,2026-01-01,1,1,1,0,financial,1,person,4,financial_category
58,5,589943,31536000,800.0,,,,,,,template,2026-01-01 00:00:00,2026-01-01,1,1,1,0,financial,1,person,4,financial_category
58,5,523927,31536000,200.0,,,,,,,template,2026-01-01 00:00:00,2026-01-01,1,1,1,0,financial,1,person,4,financial_category
58,5,642329,31536000,300.0,,,,,,,template,2026-01-01 00:00:00,2026-01-01,1,1,1,0,financial,1,person,4,financial_category
58,5,571970,31536000,6.0,,,,,,,template,2026-01-01 00:00:00,2026-01-01,1,1,1,0,financial,1,person,4,financial_category
58,5,632961,31536000,6.0,,,,,,,template,2026-01-01 00:00:00,2026-01-01,1,1,1,0,financial,1,person,4,financial_category
58,5,473173,31536000,200.0,,,,,,,template,2026-01-01 00:00:00,2026-01-01,1,1,1,0,financial,1,person,4,financial_category
58,5,620120,31536000,200.0,,,,,,,template,2026-01-01 00:00:00,2026-01-01,1,1,1,0,financial,1,person,4,financial_category
58,5,575030,31536000,1000.0,,,,,,,template,2026-01-01 00:00:00,2026-01-01,1,1,1,0,financial,1,person,4,financial_category
58,5,621924,31536000,400.0,,,,,,,template,2026-01-01 00:00:00,2026-01-01,1,1,1,0,financial,1,person,4,financial_category
552988,5,59,31536000,5000.0,,,,,,,template,2026-01-01 00:00:00,2026-01-01,1,1,1,0,financial,4,financial_category,1,person
59,5,567195,31536000,300.0,,,,,,,template,2026-01-01 00:00:00,2026-01-01,1,1,1,0,financial,1,person,4,financial_category
59,5,527449,31536000,200.0,,,,,,,template,2026-01-01 00:00:00,2026-01-01,1,1,1,0,financial,1,person,4,financial_category
59,5,459381,31536000,100.0,,,,,,,template,2026-01-01 00:00:00,2026-01-01,1,1,1,0,financial,1,person,4,financial_category
59,5,595298,31536000,500.0,,,,,,,template,2026-01-01 00:00:00,2026-01-01,1,1,1,0,financial,1,person,4,financial_category
59,5,466907,31536000,200.0,,,,,,,template,2026-01-01 00:00:00,2026-01-01,1,1,1,0,financial,1,person,4,financial_category
59,5,577992,31536000,500.0,,,,,,,template,2026-01-01 00:00:00,2026-01-01,1,1,1,0,financial,1,person,4,financial_category
59,5,595581,31536000,400.0,,,,,,,template,2026-01-01 00:00:00,2026-01-01,1,1,1,0,financial,1,person,4,financial_category
59,5,642329,31536000,20.0,,,,,,,template,2026-01-01 00:00:00,2026-01-01,1,1,1,0,financial,1,person,4,financial_category
59,5,503701,31536000,200.0,,,,,,,template,2026-01-01 00:00:00,2026-01-01,1,1,1,0,financial,1,person,4,financial_category
59,5,571970,31536000,50.0,,,,,,,template,2026-01-01 00:00:00,2026-01-01,1,1,1,0,financial,1,person,4,financial_category
59,5,632961,31536000,30.0,,,,,,,template,2026-01-01 00:00:00,2026-01-01,1,1,1,0,financial,1,person,4,financial_category
59,5,473173,31536000,200.0,,,,,,,template,2026-01-01 00:00:00,2026-01-01,1,1,1,0,financial,1,person,4,financial_category
59,5,620120,31536000,600.0,,,,,,,template,2026-01-01 00:00:00,2026-01-01,1,1,1,0,financial,1,person,4,financial_category
59,5,575030,31536000,3000.0,,,,,,,template,2026-01-01 00:00:00,2026-01-01,1,1,1,0,financial,1,person,4,financial_category
59,5,621924,31536000,500.0,,,,,,,template,2026-01-01 00:00:00,2026-01-01,1,1,1,0,financial,1,person,4,financial_category
510031,5,60,31536000,200.0,,,,,,,template,2026-01-01 00:00:00,2026-01-01,1,1,1,0,financial,4,financial_category,1,person
552988,5,60,31536000,3000.0,,,,,,,template,2026-01-01 00:00:00,2026-01-01,1,1,1,0,financial,4,financial_category,1,person
60,5,527449,31536000,50.0,,,,,,,template,2026-01-01 00:00:00,2026-01-01,1,1,1,0,financial,1,person,4,financial_category
60,5,459381,31536000,300.0,,,,,,,template,2026-01-01 00:00:00,2026-01-01,1,1,1,0,financial,1,person,4,financial_category
60,5,595298,31536000,600.0,,,,,,,template,2026-01-01 00:00:00,2026-01-01,1,1,1,0,financial,1,person,4,financial_category
60,5,466907,31536000,70.0,,,,,,,template,2026-01-01 00:00:00,2026-01-01,1,1,1,0,financial,1,person,4,financial_category
60,5,589943,31536000,200.0,,,,,,,template,2026-01-01 00:00:00,2026-01-01,1,1,1,0,financial,1,person,4,financial_category
60,5,537281,31536000,80.0,,,,,,,template,2026-01-01 00:00:00,2026-01-01,1,1,1,0,financial,1,person,4,financial_category
60,5,523927,31536000,700.0,,,,,,,template,2026-01-01 00:00:00,2026-01-01,1,1,1,0,financial,1,person,4,financial_category
60,5,580426,31536000,200.0,,,,,,,template,2026-01-01 00:00:00,2026-01-01,1,1,1,0,financial,1,person,4,financial_category
60,5,616315,31536000,600.0,,,,,,,template,2026-01-01 00:00:00,2026-01-01,1,1,1,0,financial,1,person,4,financial_category
60,5,642329,31536000,30.0,,,,,,,template,2026-01-01 00:00:00,2026-01-01,1,1,1,0,financial,1,person,4,financial_category
60,5,503701,31536000,300.0,,,,,,,template,2026-01-01 00:00:00,2026-01-01,1,1,1,0,financial,1,person,4,financial_category
60,5,571970,31536000,50.0,,,,,,,template,2026-01-01 00:00:00,2026-01-01,1,1,1,0,financial,1,person,4,financial_category
60,5,473173,31536000,80.0,,,,,,,template,2026-01-01 00:00:00,2026-01-01,1,1,1,0,financial,1,person,4,financial_category
620120,5,60,31536000,200.0,,,,,,,template,2026-01-01 00:00:00,2026-01-01,1,1,1,0,financial,4,financial_category,1,person
60,5,575030,31536000,2000.0,,,,,,,template,2026-01-01 00:00:00,2026-01-01,1,1,1,0,financial,1,person,4,financial_category
61,5,630626,31536000,3000.0,,,,,,,template,2026-01-01 00:00:00,2026-01-01,1,1,1,0,financial,1,person,4,financial_category
510031,5,61,31536000,400.0,,,,,,,template,2026-01-01 00:00:00,2026-01-01,1,1,1,0,financial,4,financial_category,1,person
552988,5,61,31536000,4000.0,,,,,,,template,2026-01-01 00:00:00,2026-01-01,1,1,1,0,financial,4,financial_category,1,person
61,5,567195,31536000,100.0,,,,,,,template,2026-01-01 00:00:00,2026-01-01,1,1,1,0,financial,1,person,4,financial_category
61,5,527449,31536000,90.0,,,,,,,template,2026-01-01 00:00:00,2026-01-01,1,1,1,0,financial,1,person,4,financial_category
61,5,459381,31536000,300.0,,,,,,,template,2026-01-01 00:00:00,2026-01-01,1,1,1,0,financial,1,person,4,financial_category
61,5,595298,31536000,600.0,,,,,,,template,2026-01-01 00:00:00,2026-01-01,1,1,1,0,financial,1,person,4,financial_category
61,5,466907,31536000,200.0,,,,,,,template,2026-01-01 00:00:00,2026-01-01,1,1,1,0,financial,1,person,4,financial_category
61,5,589943,31536000,70.0,,,,,,,template,2026-01-01 00:00:00,2026-01-01,1,1,1,0,financial,1,person,4,financial_category
61,5,577992,31536000,300.0,,,,,,,template,2026-01-01 00:00:00,2026-01-01,1,1,1,0,financial,1,person,4,financial_category
61,5,537281,31536000,100.0,,,,,,,template,2026-01-01 00:00:00,2026-01-01,1,1,1,0,financial,1,person,4,financial_category
61,5,523927,31536000,900.0,,,,,,,template,2026-01-01 00:00:00,2026-01-01,1,1,1,0,financial,1,person,4,financial_category
61,5,595581,31536000,80.0,,,,,,,template,2026-01-01 00:00:00,2026-01-01,1,1,1,0,financial,1,person,4,financial_category
61,5,616315,31536000,600.0,,,,,,,template,2026-01-01 00:00:00,2026-01-01,1,1,1,0,financial,1,person,4,financial_category
61,5,642329,31536000,60.0,,,,,,,template,2026-01-01 00:00:00,2026-01-01,1,1,1,0,financial,1,person,4,financial_category
61,5,503701,31536000,900.0,,,,,,,template,2026-01-01 00:00:00,2026-01-01,1,1,1,0,financial,1,person,4,financial_category
61,5,632961,31536000,300.0,,,,,,,template,2026-01-01 00:00:00,2026-01-01,1,1,1,0,financial,1,person,4,financial_category
61,5,473173,31536000,300.0,,,,,,,template,2026-01-01 00:00:00,2026-01-01,1,1,1,0,financial,1,person,4,financial_category
61,5,620120,31536000,200.0,,,,,,,template,2026-01-01 00:00:00,2026-01-01,1,1,1,0,financial,1,person,4,financial_category
61,5,621924,31536000,1000.0,,,,,,,template,2026-01-01 00:00:00,2026-01-01,1,1,1,0,financial,1,person,4,financial_category
62,5,630626,31536000,2000.0,,,,,,,template,2026-01-01 00:00:00,2026-01-01,1,1,1,0,financial,1,person,4,financial_category
510031,5,62,31536000,400.0,,,,,,,template,2026-01-01 00:00:00,2026-01-01,1,1,1,0,financial,4,financial_category,1,person
552988,5,62,31536000,10000.0,,,,,,,template,2026-01-01 00:00:00,2026-01-01,1,1,1,0,financial,4,financial_category,1,person
62,5,567195,31536000,900.0,,,,,,,template,2026-01-01 00:00:00,2026-01-01,1,1,1,0,financial,1,person,4,financial_category
62,5,527449,31536000,200.0,,,,,,,template,2026-01-01 00:00:00,2026-01-01,1,1,1,0,financial,1,person,4,financial_category
62,5,459381,31536000,300.0,,,,,,,template,2026-01-01 00:00:00,2026-01-01,1,1,1,0,financial,1,person,4,financial_category
62,5,595298,31536000,300.0,,,,,,,template,2026-01-01 00:00:00,2026-01-01,1,1,1,0,financial,1,person,4,financial_category
62,5,466907,31536000,200.0,,,,,,,template,2026-01-01 00:00:00,2026-01-01,1,1,1,0,financial,1,person,4,financial_category
62,5,577992,31536000,600.0,,,,,,,template,2026-01-01 00:00:00,2026-01-01,1,1,1,0,financial,1,person,4,financial_category
62,5,537281,31536000,100.0,,,,,,,template,2026-01-01 00:00:00,2026-01-01,1,1,1,0,financial,1,person,4,financial_category
62,5,523927,31536000,100.0,,,,,,,template,2026-01-01 00:00:00,2026-01-01,1,1,1,0,financial,1,person,4,financial_category
62,5,580426,31536000,200.0,,,,,,,template,2026-01-01 00:00:00,2026-01-01,1,1,1,0,financial,1,person,4,financial_category
62,5,595581,31536000,300.0,,,,,,,template,2026-01-01 00:00:00,2026-01-01,1,1,1,0,financial,1,person,4,financial_category
62,5,503701,31536000,2000.0,,,,,,,template,2026-01-01 00:00:00,2026-01-01,1,1,1,0,financial,1,person,4,financial_category
62,5,571970,31536000,60.0,,,,,,,template,2026-01-01 00:00:00,2026-01-01,1,1,1,0,financial,1,person,4,financial_category
62,5,632961,31536000,100.0,,,,,,,template,2026-01-01 00:00:00,2026-01-01,1,1,1,0,financial,1,person,4,financial_category
62,5,473173,31536000,90.0,,,,,,,template,2026-01-01 00:00:00,2026-01-01,1,1,1,0,financial,1,person,4,financial_category
62,5,620120,31536000,1000.0,,,,,,,template,2026-01-01 00:00:00,2026-01-01,1,1,1,0,financial,1,person,4,financial_category
62,5,575030,31536000,3000.0,,,,,,,template,2026-01-01 00:00:00,2026-01-01,1,1,1,0,financial,1,person,4,financial_category
63,5,630626,31536000,5000.0,,,,,,,template,2026-01-01 00:00:00,2026-01-01,1,1,1,0,financial,1,person,4,financial_category
552988,5,63,31536000,100000.0,,,,,,,template,2026-01-01 00:00:00,2026-01-01,1,1,1,0,financial,4,financial_category,1,person
63,5,567195,31536000,10000.0,,,,,,,template,2026-01-01 00:00:00,2026-01-01,1,1,1,0,financial,1,person,4,financial_category
63,5,527449,31536000,100.0,,,,,,,template,2026-01-01 00:00:00,2026-01-01,1,1,1,0,financial,1,person,4,financial_category
63,5,459381,31536000,400.0,,,,,,,template,2026-01-01 00:00:00,2026-01-01,1,1,1,0,financial,1,person,4,financial_category
63,5,595298,31536000,2000.0,,,,,,,template,2026-01-01 00:00:00,2026-01-01,1,1,1,0,financial,1,person,4,financial_category
63,5,466907,31536000,300.0,,,,,,,template,2026-01-01 00:00:00,2026-01-01,1,1,1,0,financial,1,person,4,financial_category
63,5,589943,31536000,1000.0,,,,,,,template,2026-01-01 00:00:00,2026-01-01,1,1,1,0,financial,1,person,4,financial_category
63,5,537281,31536000,80.0,,,,,,,template,2026-01-01 00:00:00,2026-01-01,1,1,1,0,financial,1,person,4,financial_category
63,5,523927,31536000,80.0,,,,,,,template,2026-01-01 00:00:00,2026-01-01,1,1,1,0,financial,1,person,4,financial_category
63,5,580426,31536000,1000.0,,,,,,,template,2026-01-01 00:00:00,2026-01-01,1,1,1,0,financial,1,person,4,financial_category
63,5,595581,31536000,800.0,,,,,,,template,2026-01-01 00:00:00,2026-01-01,1,1,1,0,financial,1,person,4,financial_category
63,5,642329,31536000,700.0,,,,,,,template,2026-01-01 00:00:00,2026-01-01,1,1,1,0,financial,1,person,4,financial_category
63,5,503701,31536000,400.0,,,,,,,template,2026-01-01 00:00:00,2026-01-01,1,1,1,0,financial,1,person,4,financial_category
63,5,571970,31536000,20.0,,,,,,,template,2026-01-01 00:00:00,2026-01-01,1,1,1,0,financial,1,person,4,financial_category
63,5,473173,31536000,1000.0,,,,,,,template,2026-01-01 00:00:00,2026-01-01,1,1,1,0,financial,1,person,4,financial_category
620120,5,63,31536000,20000.0,,,,,,,template,2026-01-01 00:00:00,2026-01-01,1,1,1,0,financial,4,financial_category,1,person
63,5,575030,31536000,3000.0,,,,,,,template,2026-01-01 00:00:00,2026-01-01,1,1,1,0,financial,1,person,4,financial_category
63,5,621924,31536000,20000.0,,,,,,,template,2026-01-01 00:00:00,2026-01-01,1,1,1,0,financial,1,person,4,financial_category
64,5,630626,31536000,2000.0,,,,,,,template,2026-01-01 00:00:00,2026-01-01,1,1,1,0,financial,1,person,4,financial_category
64,5,536346,31536000,2000.0,,,,,,,template,2026-01-01 00:00:00,2026-01-01,1,1,1,0,financial,1,person,4,financial_category
510031,5,64,31536000,1000.0,,,,,,,template,2026-01-01 00:00:00,2026-01-01,1,1,1,0,financial,4,financial_category,1,person
64,5,520660,31536000,1000.0,,,,,,,template,2026-01-01 00:00:00,2026-01-01,1,1,1,0,financial,1,person,4,financial_category
552988,5,64,31536000,20000.0,,,,,,,template,2026-01-01 00:00:00,2026-01-01,1,1,1,0,financial,4,financial_category,1,person
64,5,567195,31536000,4000.0,,,,,,,template,2026-01-01 00:00:00,2026-01-01,1,1,1,0,financial,1,person,4,financial_category
64,5,527449,31536000,100.0,,,,,,,template,2026-01-01 00:00:00,2026-01-01,1,1,1,0,financial,1,person,4,financial_category
64,5,459381,31536000,500.0,,,,,,,template,2026-01-01 00:00:00,2026-01-01,1,1,1,0,financial,1,person,4,financial_category
64,5,595298,31536000,1000.0,,,,,,,template,2026-01-01 00:00:00,2026-01-01,1,1,1,0,financial,1,person,4,financial_category
64,5,466907,31536000,100.0,,,,,,,template,2026-01-01 00:00:00,2026-01-01,1,1,1,0,financial,1,person,4,financial_category
64,5,589943,31536000,4000.0,,,,,,,template,2026-01-01 00:00:00,2026-01-01,1,1,1,0,financial,1,person,4,financial_category
64,5,577992,31536000,700.0,,,,,,,template,2026-01-01 00:00:00,2026-01-01,1,1,1,0,financial,1,person,4,financial_category
64,5,523927,31536000,500.0,,,,,,,template,2026-01-01 00:00:00,2026-01-01,1,1,1,0,financial,1,person,4,financial_category
64,5,580426,31536000,400.0,,,,,,,template,2026-01-01 00:00:00,2026-01-01,1,1,1,0,financial,1,person,4,financial_category
64,5,503701,31536000,2000.0,,,,,,,template,2026-01-01 00:00:00,2026-01-01,1,1,1,0,financial,1,person,4,financial_category
64,5,644226,31536000,1000.0,,,,,,,template,2026-01-01 00:00:00,2026-01-01,1,1,1,0,financial,1,person,4,financial_category
64,5,473173,31536000,200.0,,,,,,,template,2026-01-01 00:00:00,2026-01-01,1,1,1,0,financial,1,person,4,financial_category
64,5,620120,31536000,6000.0,,,,,,,template,2026-01-01 00:00:00,2026-01-01,1,1,1,0,financial,1,person,4,financial_category
64,5,621924,31536000,1000.0,,,,,,,template,2026-01-01 00:00:00,2026-01-01,1,1,1,0,financial,1,person,4,financial_category
65,5,630626,31536000,2000.0,,,,,,,template,2026-01-01 00:00:00,2026-01-01,1,1,1,0,financial,1,person,4,financial_category
65,5,536346,31536000,2000.0,,,,,,,template,2026-01-01 00:00:00,2026-01-01,1,1,1,0,financial,1,person,4,financial_category
510031,5,65,31536000,300.0,,,,,,,template,2026-01-01 00:00:00,2026-01-01,1,1,1,0,financial,4,financial_category,1,person
65,5,520660,31536000,2000.0,,,,,,,template,2026-01-01 00:00:00,2026-01-01,1,1,1,0,financial,1,person,4,financial_category
552988,5,65,31536000,10000.0,,,,,,,template,2026-01-01 00:00:00,2026-01-01,1,1,1,0,financial,4,financial_category,1,person
65,5,567195,31536000,2000.0,,,,,,,template,2026-01-01 00:00:00,2026-01-01,1,1,1,0,financial,1,person,4,financial_category
65,5,527449,31536000,400.0,,,,,,,template,2026-01-01 00:00:00,2026-01-01,1,1,1,0,financial,1,person,4,financial_category
65,5,459381,31536000,400.0,,,,,,,template,2026-01-01 00:00:00,2026-01-01,1,1,1,0,financial,1,person,4,financial_category
65,5,595298,31536000,1000.0,,,,,,,template,2026-01-01 00:00:00,2026-01-01,1,1,1,0,financial,1,person,4,financial_category
65,5,466907,31536000,60.0,,,,,,,template,2026-01-01 00:00:00,2026-01-01,1,1,1,0,financial,1,person,4,financial_category
65,5,606730,31536000,600.0,,,,,,,template,2026-01-01 00:00:00,2026-01-01,1,1,1,0,financial,1,person,4,financial_category
65,5,589943,31536000,500.0,,,,,,,template,2026-01-01 00:00:00,2026-01-01,1,1,1,0,financial,1,person,4,financial_category
65,5,523927,31536000,700.0,,,,,,,template,2026-01-01 00:00:00,2026-01-01,1,1,1,0,financial,1,person,4,financial_category
65,5,580426,31536000,10.0,,,,,,,template,2026-01-01 00:00:00,2026-01-01,1,1,1,0,financial,1,person,4,financial_category
65,5,595581,31536000,1000.0,,,,,,,template,2026-01-01 00:00:00,2026-01-01,1,1,1,0,financial,1,person,4,financial_category
65,5,616315,31536000,600.0,,,,,,,template,2026-01-01 00:00:00,2026-01-01,1,1,1,0,financial,1,person,4,financial_category
65,5,642329,31536000,700.0,,,,,,,template,2026-01-01 00:00:00,2026-01-01,1,1,1,0,financial,1,person,4,financial_category
65,5,503701,31536000,500.0,,,,,,,template,2026-01-01 00:00:00,2026-01-01,1,1,1,0,financial,1,person,4,financial_category
65,5,571970,31536000,20.0,,,,,,,template,2026-01-01 00:00:00,2026-01-01,1,1,1,0,financial,1,person,4,financial_category
65,5,644226,31536000,500.0,,,,,,,template,2026-01-01 00:00:00,2026-01-01,1,1,1,0,financial,1,person,4,financial_category
65,5,632961,31536000,200.0,,,,,,,template,2026-01-01 00:00:00,2026-01-01,1,1,1,0,financial,1,person,4,financial_category
65,5,473173,31536000,400.0,,,,,,,template,2026-01-01 00:00:00,2026-01-01,1,1,1,0,financial,1,person,4,financial_category
65,5,620120,31536000,2000.0,,,,,,,template,2026-01-01 00:00:00,2026-01-01,1,1,1,0,financial,1,person,4,financial_category
65,5,621924,31536000,1000.0,,,,,,,template,2026-01-01 00:00:00,2026-01-01,1,1,1,0,financial,1,person,4,financial_category
0,5,630626,31536000,4000.0,,,,,,,template,2026-01-01 00:00:00,2026-01-01,1,1,1,0,financial,1,person,4,financial_category
0,5,536346,31536000,50.0,,,,,,,template,2026-01-01 00:00:00,2026-01-01,1,1,1,0,financial,1,person,4,financial_category
552988,5,0,31536000,20000.0,,,,,,,template,2026-01-01 00:00:00,2026-01-01,1,1,1,0,financial,4,financial_category,1,person
0,5,567195,31536000,2000.0,,,,,,,template,2026-01-01 00:00:00,2026-01-01,1,1,1,0,financial,1,person,4,financial_category
0,5,527449,31536000,200.0,,,,,,,template,2026-01-01 00:00:00,2026-01-01,1,1,1,0,financial,1,person,4,financial_category
0,5,459381,31536000,300.0,,,,,,,template,2026-01-01 00:00:00,2026-01-01,1,1,1,0,financial,1,person,4,financial_category
0,5,595298,31536000,3000.0,,,,,,,template,2026-01-01 00:00:00,2026-01-01,1,1,1,0,financial,1,person,4,financial_category
0,5,466907,31536000,800.0,,,,,,,template,2026-01-01 00:00:00,2026-01-01,1,1,1,0,financial,1,person,4,financial_category
0,5,589943,31536000,800.0,,,,,,,template,2026-01-01 00:00:00,2026-01-01,1,1,1,0,financial,1,person,4,financial_category
0,5,577992,31536000,100.0,,,,,,,template,2026-01-01 00:00:00,2026-01-01,1,1,1,0,financial,1,person,4,financial_category
0,5,537281,31536000,30.0,,,,,,,template,2026-01-01 00:00:00,2026-01-01,1,1,1,0,financial,1,person,4,financial_category
0,5,580426,31536000,300.0,,,,,,,template,2026-01-01 00:00:00,2026-01-01,1,1,1,0,financial,1,person,4,financial_category
0,5,503701,31536000,400.0,,,,,,,template,2026-01-01 00:00:00,2026-01-01,1,1,1,0,financial,1,person,4,financial_category
0,5,571970,31536000,80.0,,,,,,,template,2026-01-01 00:00:00,2026-01-01,1,1,1,0,financial,1,person,4,financial_category
0,5,644226,31536000,1000.0,,,,,,,template,2026-01-01 00:00:00,2026-01-01,1,1,1,0,financial,1,person,4,financial_category
0,5,473173,31536000,1000.0,,,,,,,template,2026-01-01 00:00:00,2026-01-01,1,1,1,0,financial,1,person,4,financial_category
0,5,620120,31536000,800.0,,,,,,,template,2026-01-01 00:00:00,2026-01-01,1,1,1,0,financial,1,person,4,financial_category
0,5,575030,31536000,2000.0,,,,,,,template,2026-01-01 00:00:00,2026-01-01,1,1,1,0,financial,1,person,4,financial_category
0,5,621924,31536000,1000.0,,,,,,,template,2026-01-01 00:00:00,2026-01-01,1,1,1,0,financial,1,person,4,financial_category
616050,4,590502,-662041253,0.166667,,,,,,,q1_graph1,2004-01-09 11:39:07,2004-01-09,9,2,1,11,author_of,1,person,3,document
599956,0,635665,1296000,1.0,,,,,,,q1_graph1,2025-01-16 00:00:00,2025-01-16,16,3,1,0,email,1,person,1,person
599956,0,490041,1306507,1.0,,,,,,,q1_graph1,2025-01-16 02:55:07,2025-01-16,16,3,1,2,email,1,person,1,person
599956,0,490041,1312679,1.0,,,,,,,q1_graph1,2025-01-16 04:37:59,2025-01-16,16,3,1,4,email,1,person,1,person
490041,0,599956,1314435,1.0,,,,,,,q1_graph1,2025-01-16 05:07:15,2025-01-16,16,3,1,5,email,1,person,1,person
490041,0,599956,1331859,1.0,,,,,,,q1_graph1,2025-01-16 09:57:39,2025-01-16,16,3,1,9,email,1,person,1,person
490041,0,635665,1350583,1.0,,,,,,,q1_graph1,2025-01-16 15:09:43,2025-01-16,16,3,1,15,email,1,person,1,person
599956,0,635665,1368949,1.0,,,,,,,q1_graph1,2025-01-16 20:15:49,2025-01-16,16,3,1,20,email,1,person,1,person
490041,0,599956,1390083,1.0,,,,,,,q1_graph1,2025-01-17 02:08:03,2025-01-17,17,3,1,2,email,1,person,1,person
490041,1,589639,1417381,1.0,0.0,0.0,34.5741,-42.0541,30.4483,-42.5341,q1_graph1,2025-01-17 09:43:01,2025-01-17,17,3,1,9,phone,1,person,1,person
599956,1,635665,1423376,1.0,0.0,0.0,34.2958,-39.026,29.3296,-37.8076,q1_graph1,2025-01-17 11:22:56,2025-01-17,17,3,1,11,phone,1,person,1,person
599956,0,589639,1437564,1.0,,,,,,,q1_graph1,2025-01-17 15:19:24,2025-01-17,17,3,1,15,email,1,person,1,person
599956,1,589639,1465986,1.0,0.0,0.0,34.2958,-39.026,30.4483,-42.5341,q1_graph1,2025-01-17 23:13:06,2025-01-17,17,3,1,23,phone,1,person,1,person
490041,1,635665,1523000,1.0,0.0,0.0,34.5741,-42.0541,29.3296,-37.8076,q1_graph1,2025-01-18 15:03:20,2025-01-18,18,3,1,15,phone,1,person,1,person
599956,1,589639,1536819,1.0,0.0,0.0,34.2958,-39.026,30.4483,-42.5341,q1_graph1,2025-01-18 18:53:39,2025-01-18,18,3,1,18,phone,1,person,1,person
599956,1,589639,1540919,1.0,0.0,0.0,34.2958,-39.026,30.4483,-42.5341,q1_graph1,2025-01-18 20:01:59,2025-01-18,18,3,1,20,phone,1,person,1,person
599956,0,589639,1565941,1.0,,,,,,,q1_graph1,2025-01-19 02:59:01,2025-01-19,19,3,1,2,email,1,person,1,person
490041,1,589639,1568399,1.0,0.0,0.0,34.5741,-42.0541,30.4483,-42.5341,q1_graph1,2025-01-19 03:39:59,2025-01-19,19,3,1,3,phone,1,person,1,person
599956,0,635665,1576780,1.0,,,,,,,q1_graph1,2025-01-19 05:59:40,2025-01-19,19,3,1,5,email,1,person,1,person
490041,0,589639,1598371,1.0,,,,,,,q1_graph1,2025-01-19 11:59:31,2025-01-19,19,3,1,11,email,1,person,1,person
490041,0,635665,1617847,1.0,,,,,,,q1_graph1,2025-01-19 17:24:07,2025-01-19,19,3,1,17,email,1,person,1,person
599956,0,490041,1631939,1.0,,,,,,,q1_graph1,2025-01-19 21:18:59,2025-01-19,19,3,1,21,email,1,person,1,person
599956,0,635665,1662551,1.0,,,,,,,q1_graph1,2025-01-20 05:49:11,2025-01-20,20,4,1,5,email,1,person,1,person
490041,0,635665,1663236,1.0,,,,,,,q1_graph1,2025-01-20 06:00:36,2025-01-20,20,4,1,6,email,1,person,1,person
599956,0,589639,1674446,1.0,,,,,,,q1_graph1,2025-01-20 09:07:26,2025-01-20,20,4,1,9,email,1,person,1,person
599956,0,635665,1689032,1.0,,,,,,,q1_graph1,2025-01-20 13:10:32,2025-01-20,20,4,1,13,email,1,person,1,person
599956,0,589639,1692550,1.0,,,,,,,q1_graph1,2025-01-20 14:09:10,2025-01-20,20,4,1,14,email,1,person,1,person
599956,0,635665,1693300,1.0,,,,,,,q1_graph1,2025-01-20 14:21:40,2025-01-20,20,4,1,14,email,1,person,1,person
490041,1,589639,1694726,1.0,0.0,0.0,34.5741,-42.0541,30.4483,-42.5341,q1_graph1,2025-01-20 14:45:26,2025-01-20,20,4,1,14,phone,1,person,1,person
490041,1,589639,1734364,1.0,0.0,0.0,34.5741,-42.0541,30.4483,-42.5341,q1_graph1,2025-01-21 01:46:04,2025-01-21,21,4,1,1,phone,1,person,1,person
490041,1,635665,1743198,1.0,0.0,0.0,34.5741,-42.0541,29.3296,-37.8076,q1_graph1,2025-01-21 04:13:18,2025-01-21,21,4,1,4,phone,1,person,1,person
490041,1,599956,1768587,1.0,0.0,0.0,34.5741,-42.0541,34.2958,-39.026,q1_graph1,2025-01-21 11:16:27,2025-01-21,21,4,1,11,phone,1,person,1,person
490041,0,599956,1773043,1.0,,,,,,,q1_graph1,2025-01-21 12:30:43,2025-01-21,21,4,1,12,email,1,person,1,person
599956,1,490041,1789643,1.0,0.0,0.0,34.2958,-39.026,34.5741,-42.0541,q1_graph1,2025-01-21 17:07:23,2025-01-21,21,4,1,17,phone,1,person,1,person
490041,0,589639,1812906,1.0,,,,,,,q1_graph1,2025-01-21 23:35:06,2025-01-21,21,4,1,23,email,1,person,1,person
490041,0,599956,1815837,1.0,,,,,,,q1_graph1,2025-01-22 00:23:57,2025-01-22,22,4,1,0,email,1,person,1,person
599956,1,490041,1821622,1.0,0.0,0.0,34.2958,-39.026,34.5741,-42.0541,q1_graph1,2025-01-22 02:00:22,2025-01-22,22,4,1,2,phone,1,person,1,person
490041,0,589639,1830106,1.0,,,,,,,q1_graph1,2025-01-22 04:21:46,2025-01-22,22,4,1,4,email,1,person,1,person
599956,1,589639,1832626,1.0,0.0,0.0,34.2958,-39.026,30.4483,-42.5341,q1_graph1,2025-01-22 05:03:46,2025-01-22,22,4,1,5,phone,1,person,1,person
490041,1,635665,1844976,1.0,0.0,0.0,34.5741,-42.0541,29.3296,-37.8076,q1_graph1,2025-01-22 08:29:36,2025-01-22,22,4,1,8,phone,1,person,1,person
599956,0,635665,1847895,1.0,,,,,,,q1_graph1,2025-01-22 09:18:15,2025-01-22,22,4,1,9,email,1,person,1,person
490041,0,599956,1869418,1.0,,,,,,,q1_graph1,2025-01-22 15:16:58,2025-01-22,22,4,1,15,email,1,person,1,person
490041,1,589639,1870295,1.0,0.0,0.0,34.5741,-42.0541,30.4483,-42.5341,q1_graph1,2025-01-22 15:31:35,2025-01-22,22,4,1,15,phone,1,person,1,person
533140,0,591682,2300427,1.0,,,,,,,q1_graph1,2025-01-27 15:00:27,2025-01-27,27,5,1,15,email,1,person,1,person
568093,0,616050,2720925,1.0,,,,,,,q1_graph1,2025-02-01 11:48:45,2025-02-01,32,5,2,11,email,1,person,1,person
632150,1,635665,2806344,1.0,2.0,0.0,-27.2563,91.7676,29.3296,-37.8076,q1_graph1,2025-02-02 11:32:24,2025-02-02,33,5,2,11,phone,1,person,1,person
635665,1,568093,3314951,1.0,0.0,0.0,29.3296,-37.8076,28.3004,-47.4036,q1_graph1,2025-02-08 08:49:11,2025-02-08,39,6,2,8,phone,1,person,1,person
616050,1,632150,3487438,1.0,2.0,2.0,-20.9062,92.3982,-27.2563,91.7676,q1_graph1,2025-02-10 08:43:58,2025-02-10,41,7,2,8,phone,1,person,1,person
632150,1,568093,3796266,1.0,2.0,0.0,-27.2563,91.7676,28.3004,-47.4036,q1_graph1,2025-02-13 22:31:06,2025-02-13,44,7,2,22,phone,1,person,1,person
568093,0,632150,3838156,1.0,,,,,,,q1_graph1,2025-02-14 10:09:16,2025-02-14,45,7,2,10,email,1,person,1,person
533140,0,464459,4130014,1.0,,,,,,,q1_graph1,2025-02-17 19:13:34,2025-02-17,48,8,2,19,email,1,person,1,person
533140,0,616050,4201266,1.0,,,,,,,q1_graph1,2025-02-18 15:01:06,2025-02-18,49,8,2,15,email,1,person,1,person
533140,0,616050,4333271,1.0,,,,,,,q1_graph1,2025-02-20 03:41:11,2025-02-20,51,8,2,3,email,1,person,1,person
568093,0,533140,4812138,1.0,,,,,,,q1_graph1,2025-02-25 16:42:18,2025-02-25,56,9,2,16,email,1,person,1,person
635665,0,512397,5288962,1.0,,,,,,,q1_graph1,2025-03-03 05:09:22,2025-03-03,62,10,3,5,email,1,person,1,person
632150,1,635665,5599120,1.0,2.0,0.0,-27.2563,91.7676,29.3296,-37.8076,q1_graph1,2025-03-06 19:18:40,2025-03-06,65,10,3,19,phone,1,person,1,person
635665,0,550287,5626655,1.0,,,,,,,q1_graph1,2025-03-07 02:57:35,2025-03-07,66,10,3,2,email,1,person,1,person
512397,0,635665,5717144,1.0,,,,,,,q1_graph1,2025-03-08 04:05:44,2025-03-08,67,10,3,4,email,1,person,1,person
635665,0,559657,5739273,1.0,,,,,,,q1_graph1,2025-03-08 10:14:33,2025-03-08,67,10,3,10,email,1,person,1,person
635665,0,616050,5895251,1.0,,,,,,,q1_graph1,2025-03-10 05:34:11,2025-03-10,69,11,3,5,email,1,person,1,person
512397,0,635665,6064497,1.0,,,,,,,q1_graph1,2025-03-12 04:34:57,2025-03-12,71,11,3,4,email,1,person,1,person
533140,1,591682,6064987,1.0,2.0,2.0,-21.8004,89.7045,-22.6503,92.6106,q1_graph1,2025-03-12 04:43:07,2025-03-12,71,11,3,4,phone,1,person,1,person
635665,0,550287,6147265,1.0,,,,,,,q1_graph1,2025-03-13 03:34:25,2025-03-13,72,11,3,3,email,1,person,1,person
635665,0,512397,6186726,1.0,,,,,,,q1_graph1,2025-03-13 14:32:06,2025-03-13,72,11,3,14,email,1,person,1,person
533140,0,591682,6360806,1.0,,,,,,,q1_graph1,2025-03-15 14:53:26,2025-03-15,74,11,3,14,email,1,person,1,person
568093,0,464459,6508928,1.0,,,,,,,q1_graph1,2025-03-17 08:02:08,2025-03-17,76,12,3,8,email,1,person,1,person
635665,0,512397,6571211,1.0,,,,,,,q1_graph1,2025-03-18 01:20:11,2025-03-18,77,12,3,1,email,1,person,1,person
635665,1,533140,6713226,1.0,0.0,2.0,29.3296,-37.8076,-21.8004,89.7045,q1_graph1,2025-03-19 16:47:06,2025-03-19,78,12,3,16,phone,1,person,1,person
635665,0,559657,6714914,1.0,,,,,,,q1_graph1,2025-03-19 17:15:14,2025-03-19,78,12,3,17,email,1,person,1,person
616050,1,533140,6731066,1.0,2.0,2.0,-20.9062,92.3982,-21.8004,89.7045,q1_graph1,2025-03-19 21:44:26,2025-03-19,78,12,3,21,phone,1,person,1,person
533140,1,616050,6977386,1.0,2.0,2.0,-21.8004,89.7045,-20.9062,92.3982,q1_graph1,2025-03-22 18:09:46,2025-03-22,81,12,3,18,phone,1,person,1,person
568093,0,632150,7035286,1.0,,,,,,,q1_graph1,2025-03-23 10:14:46,2025-03-23,82,12,3,10,email,1,person,1,person
635665,0,559657,7083468,1.0,,,,,,,q1_graph1,2025-03-23 23:37:48,2025-03-23,82,12,3,23,email,1,person,1,person
635665,0,559657,7094212,1.0,,,,,,,q1_graph1,2025-03-24 02:36:52,2025-03-24,83,13,3,2,email,1,person,1,person
512397,0,635665,7168878,1.0,,,,,,,q1_graph1,2025-03-24 23:21:18,2025-03-24,83,13,3,23,email,1,person,1,person
632150,1,464459,7485417,1.0,2.0,0.0,-27.2563,91.7676,25.0754,-40.6293,q1_graph1,2025-03-28 15:16:57,2025-03-28,87,13,3,15,phone,1,person,1,person
635665,0,559657,7491939,1.0,,,,,,,q1_graph1,2025-03-28 17:05:39,2025-03-28,87,13,3,17,email,1,person,1,person
616050,1,533140,7527116,1.0,2.0,2.0,-20.9062,92.3982,-21.8004,89.7045,q1_graph1,2025-03-29 02:51:56,2025-03-29,88,13,3,2,phone,1,person,1,person
635665,0,512397,7575721,1.0,,,,,,,q1_graph1,2025-03-29 16:22:01,2025-03-29,88,13,3,16,email,1,person,1,person
533140,0,464459,7649729,1.0,,,,,,,q1_graph1,2025-03-30 12:55:29,2025-03-30,89,13,3,12,email,1,person,1,person
533140,0,464459,7848257,1.0,,,,,,,q1_graph1,2025-04-01 20:04:17,2025-04-01,91,14,4,20,email,1,person,1,person
635665,0,512397,8102731,1.0,,,,,,,q1_graph1,2025-04-04 18:45:31,2025-04-04,94,14,4,18,email,1,person,1,person
635665,1,533140,8239192,1.0,0.0,2.0,29.3296,-37.8076,-21.8004,89.7045,q1_graph1,2025-04-06 08:39:52,2025-04-06,96,14,4,8,phone,1,person,1,person
512397,0,635665,8272124,1.0,,,,,,,q1_graph1,2025-04-06 17:48:44,2025-04-06,96,14,4,17,email,1,person,1,person
623295,0,635665,8290018,1.0,,,,,,,q1_graph1,2025-04-06 22:46:58,2025-04-06,96,14,4,22,email,1,person,1,person
599956,1,492777,8304372,1.0,0.0,3.0,34.2958,-39.026,-24.5657,-110.65,q1_graph1,2025-04-07 02:46:12,2025-04-07,97,15,4,2,phone,1,person,1,person
599956,0,570411,8356067,1.0,,,,,,,q1_graph1,2025-04-07 17:07:47,2025-04-07,97,15,4,17,email,1,person,1,person
589639,0,635665,8358490,1.0,,,,,,,q1_graph1,2025-04-07 17:48:10,2025-04-07,97,15,4,17,email,1,person,1,person
550287,0,512397,8408133,1.0,,,,,,,q1_graph1,2025-04-08 07:35:33,2025-04-08,98,15,4,7,email,1,person,1,person
550361,0,490041,8444702,1.0,,,,,,,q1_graph1,2025-04-08 17:45:02,2025-04-08,98,15,4,17,email,1,person,1,person
599956,0,493044,8465663,1.0,,,,,,,q1_graph1,2025-04-08 23:34:23,2025-04-08,98,15,4,23,email,1,person,1,person
599956,0,635665,8677838,1.0,,,,,,,q1_graph1,2025-04-11 10:30:38,2025-04-11,101,15,4,10,email,1,person,1,person
550287,0,512397,8684963,1.0,,,,,,,q1_graph1,2025-04-11 12:29:23,2025-04-11,101,15,4,12,email,1,person,1,person
599956,1,492777,8709595,1.0,0.0,3.0,34.2958,-39.026,-24.5657,-110.65,q1_graph1,2025-04-11 19:19:55,2025-04-11,101,15,4,19,phone,1,person,1,person
599956,1,492777,8718680,1.0,0.0,3.0,34.2958,-39.026,-24.5657,-110.65,q1_graph1,2025-04-11 21:51:20,2025-04-11,101,15,4,21,phone,1,person,1,person
596193,0,635665,8728337,1.0,,,,,,,q1_graph1,2025-04-12 00:32:17,2025-04-12,102,15,4,0,email,1,person,1,person
550361,0,596193,8745034,1.0,,,,,,,q1_graph1,2025-04-12 05:10:34,2025-04-12,102,15,4,5,email,1,person,1,person
596193,0,492777,8756900,1.0,,,,,,,q1_graph1,2025-04-12 08:28:20,2025-04-12,102,15,4,8,email,1,person,1,person
599956,1,493044,8761720,1.0,0.0,2.0,34.2958,-39.026,-20.8686,89.4217,q1_graph1,2025-04-12 09:48:40,2025-04-12,102,15,4,9,phone,1,person,1,person
490041,0,599956,8771959,1.0,,,,,,,q1_graph1,2025-04-12 12:39:19,2025-04-12,102,15,4,12,email,1,person,1,person
550361,0,589639,8789089,1.0,,,,,,,q1_graph1,2025-04-12 17:24:49,2025-04-12,102,15,4,17,email,1,person,1,person
512397,0,550287,8811852,1.0,,,,,,,q1_graph1,2025-04-12 23:44:12,2025-04-12,102,15,4,23,email,1,person,1,person
599956,1,635665,8847370,1.0,0.0,0.0,34.2958,-39.026,29.3296,-37.8076,q1_graph1,2025-04-13 09:36:10,2025-04-13,103,15,4,9,phone,1,person,1,person
550287,0,512397,8890301,1.0,,,,,,,q1_graph1,2025-04-13 21:31:41,2025-04-13,103,15,4,21,email,1,person,1,person
623295,0,550361,8894109,1.0,,,,,,,q1_graph1,2025-04-13 22:35:09,2025-04-13,103,15,4,22,email,1,person,1,person
599956,0,640464,8904016,1.0,,,,,,,q1_graph1,2025-04-14 01:20:16,2025-04-14,104,16,4,1,email,1,person,1,person
599956,1,490041,8938744,1.0,0.0,0.0,34.2958,-39.026,34.5741,-42.0541,q1_graph1,2025-04-14 10:59:04,2025-04-14,104,16,4,10,phone,1,person,1,person
568093,0,632150,8962019,1.0,,,,,,,q1_graph1,2025-04-14 17:26:59,2025-04-14,104,16,4,17,email,1,person,1,person
599956,1,493044,8985798,1.0,0.0,2.0,34.2958,-39.026,-20.8686,89.4217,q1_graph1,2025-04-15 00:03:18,2025-04-15,105,16,4,0,phone,1,person,1,person
599956,0,570411,8994500,1.0,,,,,,,q1_graph1,2025-04-15 02:28:20,2025-04-15,105,16,4,2,email,1,person,1,person
599956,1,589639,8997941,1.0,0.0,0.0,34.2958,-39.026,30.4483,-42.5341,q1_graph1,2025-04-15 03:25:41,2025-04-15,105,16,4,3,phone,1,person,1,person
596193,0,492777,9012009,1.0,,,,,,,q1_graph1,2025-04-15 07:20:09,2025-04-15,105,16,4,7,email,1,person,1,person
568093,0,616050,9076579,1.0,,,,,,,q1_graph1,2025-04-16 01:16:19,2025-04-16,106,16,4,1,email,1,person,1,person
623295,0,635665,9094353,1.0,,,,,,,q1_graph1,2025-04-16 06:12:33,2025-04-16,106,16,4,6,email,1,person,1,person
490041,1,550361,9100993,1.0,0.0,2.0,34.5741,-42.0541,-18.3758,91.025,q1_graph1,2025-04-16 08:03:13,2025-04-16,106,16,4,8,phone,1,person,1,person
599956,1,570411,9102661,1.0,0.0,0.0,34.2958,-39.026,32.6654,-48.6701,q1_graph1,2025-04-16 08:31:01,2025-04-16,106,16,4,8,phone,1,person,1,person
616050,1,464459,9118391,1.0,2.0,0.0,-20.9062,92.3982,25.0754,-40.6293,q1_graph1,2025-04-16 12:53:11,2025-04-16,106,16,4,12,phone,1,person,1,person
623295,0,589639,9145435,1.0,,,,,,,q1_graph1,2025-04-16 20:23:55,2025-04-16,106,16,4,20,email,1,person,1,person
589639,0,550361,9150468,1.0,,,,,,,q1_graph1,2025-04-16 21:47:48,2025-04-16,106,16,4,21,email,1,person,1,person
568093,0,635665,9161797,1.0,,,,,,,q1_graph1,2025-04-17 00:56:37,2025-04-17,107,16,4,0,email,1,person,1,person
623295,0,596193,9162596,1.0,,,,,,,q1_graph1,2025-04-17 01:09:56,2025-04-17,107,16,4,1,email,1,person,1,person
599956,0,640464,9189819,1.0,,,,,,,q1_graph1,2025-04-17 08:43:39,2025-04-17,107,16,4,8,email,1,person,1,person
490041,1,623295,9269917,1.0,0.0,3.0,34.5741,-42.0541,-25.4639,-111.249,q1_graph1,2025-04-18 06:58:37,2025-04-18,108,16,4,6,phone,1,person,1,person
599956,1,596193,9312133,1.0,0.0,2.0,34.2958,-39.026,-17.1099,90.7971,q1_graph1,2025-04-18 18:42:13,2025-04-18,108,16,4,18,phone,1,person,1,person
599956,0,490041,9328701,1.0,,,,,,,q1_graph1,2025-04-18 23:18:21,2025-04-18,108,16,4,23,email,1,person,1,person
623295,0,550361,9335884,1.0,,,,,,,q1_graph1,2025-04-19 01:18:04,2025-04-19,109,16,4,1,email,1,person,1,person
623295,0,570411,9341506,1.0,,,,,,,q1_graph1,2025-04-19 02:51:46,2025-04-19,109,16,4,2,email,1,person,1,person
599956,0,623295,9369606,1.0,,,,,,,q1_graph1,2025-04-19 10:40:06,2025-04-19,109,16,4,10,email,1,person,1,person
623295,0,640464,9392429,1.0,,,,,,,q1_graph1,2025-04-19 17:00:29,2025-04-19,109,16,4,17,email,1,person,1,person
596193,0,640464,9409103,1.0,,,,,,,q1_graph1,2025-04-19 21:38:23,2025-04-19,109,16,4,21,email,1,person,1,person
599956,1,589639,9523757,1.0,0.0,0.0,34.2958,-39.026,30.4483,-42.5341,q1_graph1,2025-04-21 05:29:17,2025-04-21,111,17,4,5,phone,1,person,1,person
623295,0,570411,9533579,1.0,,,,,,,q1_graph1,2025-04-21 08:12:59,2025-04-21,111,17,4,8,email,1,person,1,person
635665,1,616050,9566701,1.0,0.0,2.0,29.3296,-37.8076,-20.9062,92.3982,q1_graph1,2025-04-21 17:25:01,2025-04-21,111,17,4,17,phone,1,person,1,person
599956,0,550361,9594811,1.0,,,,,,,q1_graph1,2025-04-22 01:13:31,2025-04-22,112,17,4,1,email,1,person,1,person
599956,1,589639,9631198,1.0,0.0,0.0,34.2958,-39.026,30.4483,-42.5341,q1_graph1,2025-04-22 11:19:58,2025-04-22,112,17,4,11,phone,1,person,1,person
599956,0,490041,9634710,1.0,,,,,,,q1_graph1,2025-04-22 12:18:30,2025-04-22,112,17,4,12,email,1,person,1,person
599956,0,570411,9645937,1.0,,,,,,,q1_graph1,2025-04-22 15:25:37,2025-04-22,112,17,4,15,email,1,person,1,person
568093,0,632150,9743545,1.0,,,,,,,q1_graph1,2025-04-23 18:32:25,2025-04-23,113,17,4,18,email,1,person,1,person
623295,0,490041,9810911,1.0,,,,,,,q1_graph1,2025-04-24 13:15:11,2025-04-24,114,17,4,13,email,1,person,1,person
632150,1,533140,9824045,1.0,2.0,2.0,-27.2563,91.7676,-21.8004,89.7045,q1_graph1,2025-04-24 16:54:05,2025-04-24,114,17,4,16,phone,1,person,1,person
589639,0,490041,9843778,1.0,,,,,,,q1_graph1,2025-04-24 22:22:58,2025-04-24,114,17,4,22,email,1,person,1,person
599956,1,635665,9880536,1.0,0.0,0.0,34.2958,-39.026,29.3296,-37.8076,q1_graph1,2025-04-25 08:35:36,2025-04-25,115,17,4,8,phone,1,person,1,person
616050,1,635665,9885133,1.0,2.0,0.0,-20.9062,92.3982,29.3296,-37.8076,q1_graph1,2025-04-25 09:52:13,2025-04-25,115,17,4,9,phone,1,person,1,person
589639,0,490041,9889908,1.0,,,,,,,q1_graph1,2025-04-25 11:11:48,2025-04-25,115,17,4,11,email,1,person,1,person
550361,0,493044,9893984,1.0,,,,,,,q1_graph1,2025-04-25 12:19:44,2025-04-25,115,17,4,12,email,1,person,1,person
464459,1,632150,9913520,1.0,0.0,2.0,25.0754,-40.6293,-27.2563,91.7676,q1_graph1,2025-04-25 17:45:20,2025-04-25,115,17,4,17,phone,1,person,1,person
490041,1,640464,9947058,1.0,0.0,0.0,34.5741,-42.0541,35.8806,-34.5372,q1_graph1,2025-04-26 03:04:18,2025-04-26,116,17,4,3,phone,1,person,1,person
599956,1,623295,9994548,1.0,0.0,3.0,34.2958,-39.026,-25.4639,-111.249,q1_graph1,2025-04-26 16:15:48,2025-04-26,116,17,4,16,phone,1,person,1,person
599956,1,490041,10008400,1.0,0.0,0.0,34.2958,-39.026,34.5741,-42.0541,q1_graph1,2025-04-26 20:06:40,2025-04-26,116,17,4,20,phone,1,person,1,person
623295,0,570411,10018468,1.0,,,,,,,q1_graph1,2025-04-26 22:54:28,2025-04-26,116,17,4,22,email,1,person,1,person
550361,0,599956,10112171,1.0,,,,,,,q1_graph1,2025-04-28 00:56:11,2025-04-28,118,18,4,0,email,1,person,1,person
490041,0,493044,10125697,1.0,,,,,,,q1_graph1,2025-04-28 04:41:37,2025-04-28,118,18,4,4,email,1,person,1,person
596193,0,493044,10196465,1.0,,,,,,,q1_graph1,2025-04-29 00:21:05,2025-04-29,119,18,4,0,email,1,person,1,person
550361,0,623295,10204276,1.0,,,,,,,q1_graph1,2025-04-29 02:31:16,2025-04-29,119,18,4,2,email,1,person,1,person
635665,1,632150,10206980,1.0,0.0,2.0,29.3296,-37.8076,-27.2563,91.7676,q1_graph1,2025-04-29 03:16:20,2025-04-29,119,18,4,3,phone,1,person,1,person
490041,0,492777,10222243,1.0,,,,,,,q1_graph1,2025-04-29 07:30:43,2025-04-29,119,18,4,7,email,1,person,1,person
550287,2,657187,10250285,170.0,,,,,,,q1_graph1,2025-04-29 15:18:05,2025-04-29,119,18,4,15,sell,1,person,2,product_category
512397,3,657187,10250285,170.0,,,,,,,q1_graph1,2025-04-29 15:18:05,2025-04-29,119,18,4,15,buy,1,person,2,product_category
599956,0,635665,10372830,1.0,,,,,,,q1_graph1,2025-05-01 01:20:30,2025-05-01,121,18,5,1,email,1,person,1,person
550361,0,640464,10380701,1.0,,,,,,,q1_graph1,2025-05-01 03:31:41,2025-05-01,121,18,5,3,email,1,person,1,person
490041,0,493044,10392303,1.0,,,,,,,q1_graph1,2025-05-01 06:45:03,2025-05-01,121,18,5,6,email,1,person,1,person
512397,0,550287,10409865,1.0,,,,,,,q1_graph1,2025-05-01 11:37:45,2025-05-01,121,18,5,11,email,1,person,1,person
632150,1,464459,10415195,1.0,2.0,0.0,-27.2563,91.7676,25.0754,-40.6293,q1_graph1,2025-05-01 13:06:35,2025-05-01,121,18,5,13,phone,1,person,1,person
632150,1,591682,10427425,1.0,2.0,2.0,-27.2563,91.7676,-22.6503,92.6106,q1_graph1,2025-05-01 16:30:25,2025-05-01,121,18,5,16,phone,1,person,1,person
599956,1,550361,10446305,1.0,0.0,2.0,34.2958,-39.026,-18.3758,91.025,q1_graph1,2025-05-01 21:45:05,2025-05-01,121,18,5,21,phone,1,person,1,person
616050,1,533140,10498974,1.0,2.0,2.0,-20.9062,92.3982,-21.8004,89.7045,q1_graph1,2025-05-02 12:22:54,2025-05-02,122,18,5,12,phone,1,person,1,person
623295,0,550361,10526722,1.0,,,,,,,q1_graph1,2025-05-02 20:05:22,2025-05-02,122,18,5,20,email,1,person,1,person
599956,1,589639,10537005,1.0,0.0,0.0,34.2958,-39.026,30.4483,-42.5341,q1_graph1,2025-05-02 22:56:45,2025-05-02,122,18,5,22,phone,1,person,1,person
599956,0,550361,10558740,1.0,,,,,,,q1_graph1,2025-05-03 04:59:00,2025-05-03,123,18,5,4,email,1,person,1,person
550361,0,490041,10576646,1.0,,,,,,,q1_graph1,2025-05-03 09:57:26,2025-05-03,123,18,5,9,email,1,person,1,person
623295,0,490041,10593205,1.0,,,,,,,q1_graph1,2025-05-03 14:33:25,2025-05-03,123,18,5,14,email,1,person,1,person
599956,1,492777,10596463,1.0,0.0,3.0,34.2958,-39.026,-24.5657,-110.65,q1_graph1,2025-05-03 15:27:43,2025-05-03,123,18,5,15,phone,1,person,1,person
623295,0,599956,10604700,1.0,,,,,,,q1_graph1,2025-05-03 17:45:00,2025-05-03,123,18,5,17,email,1,person,1,person
490041,0,599956,10644256,1.0,,,,,,,q1_graph1,2025-05-04 04:44:16,2025-05-04,124,18,5,4,email,1,person,1,person
616050,1,533140,10924087,1.0,2.0,2.0,-20.9062,92.3982,-21.8004,89.7045,q1_graph1,2025-05-07 10:28:07,2025-05-07,127,19,5,10,phone,1,person,1,person
632150,1,533140,11000457,1.0,2.0,2.0,-27.2563,91.7676,-21.8004,89.7045,q1_graph1,2025-05-08 07:40:57,2025-05-08,128,19,5,7,phone,1,person,1,person
632150,1,464459,11103646,1.0,2.0,0.0,-27.2563,91.7676,25.0754,-40.6293,q1_graph1,2025-05-09 12:20:46,2025-05-09,129,19,5,12,phone,1,person,1,person
568093,0,591682,11438695,1.0,,,,,,,q1_graph1,2025-05-13 09:24:55,2025-05-13,133,20,5,9,email,1,person,1,person
533140,0,616050,11450444,1.0,,,,,,,q1_graph1,2025-05-13 12:40:44,2025-05-13,133,20,5,12,email,1,person,1,person
533140,0,591682,11481454,1.0,,,,,,,q1_graph1,2025-05-13 21:17:34,2025-05-13,133,20,5,21,email,1,person,1,person
550287,2,657187,12459732,314.0,,,,,,,q1_graph1,2025-05-25 05:02:12,2025-05-25,145,21,5,5,sell,1,person,2,product_category
512397,3,657187,12459732,314.0,,,,,,,q1_graph1,2025-05-25 05:02:12,2025-05-25,145,21,5,5,buy,1,person,2,product_category
512397,0,550287,12670289,1.0,,,,,,,q1_graph1,2025-05-27 15:31:29,2025-05-27,147,22,5,15,email,1,person,1,person
512397,0,550287,14384733,1.0,,,,,,,q1_graph1,2025-06-16 11:45:33,2025-06-16,167,25,6,11,email,1,person,1,person
550287,2,657187,14490022,445.0,,,,,,,q1_graph1,2025-06-17 17:00:22,2025-06-17,168,25,6,17,sell,1,person,2,product_category
512397,3,657187,14490022,445.0,,,,,,,q1_graph1,2025-06-17 17:00:22,2025-06-17,168,25,6,17,buy,1,person,2,product_category
629627,6,625756,14845147,4.0,4.0,3.0,1.0,-165.0,-25.0,-111.0,q1_graph1,2025-06-21 19:39:07,2025-06-21,172,25,6,19,travels_to,1,person,5,country
629627,6,657173,14931547,2.0,3.0,1.0,-25.0,-111.0,-29.0,-13.0,q1_graph1,2025-06-22 19:39:07,2025-06-22,173,25,6,19,travels_to,1,person,5,country
599441,6,657173,15277147,5.0,3.0,1.0,-25.0,-111.0,-29.0,-13.0,q1_graph1,2025-06-26 19:39:07,2025-06-26,177,26,6,19,travels_to,1,person,5,country
534034,6,657173,15536347,3.0,3.0,1.0,-25.0,-111.0,-29.0,-13.0,q1_graph1,2025-06-29 19:39:07,2025-06-29,180,26,6,19,travels_to,1,person,5,country
512397,0,550287,15835592,1.0,,,,,,,q1_graph1,2025-07-03 06:46:32,2025-07-03,184,27,7,6,email,1,person,1,person
534034,6,625756,16141147,4.0,4.0,3.0,1.0,-165.0,-25.0,-111.0,q1_graph1,2025-07-06 19:39:07,2025-07-06,187,27,7,19,travels_to,1,person,5,country
550287,2,657187,16267662,792.0,,,,,,,q1_graph1,2025-07-08 06:47:42,2025-07-08,189,28,7,6,sell,1,person,2,product_category
512397,3,657187,16267662,792.0,,,,,,,q1_graph1,2025-07-08 06:47:42,2025-07-08,189,28,7,6,buy,1,person,2,product_category
599441,6,625756,16486747,4.0,4.0,3.0,1.0,-165.0,-25.0,-111.0,q1_graph1,2025-07-10 19:39:07,2025-07-10,191,28,7,19,travels_to,1,person,5,country
585212,6,657173,16486747,5.0,3.0,1.0,-25.0,-111.0,-29.0,-13.0,q1_graph1,2025-07-10 19:39:07,2025-07-10,191,28,7,19,travels_to,1,person,5,country
550287,2,657187,16758558,331.0,,,,,,,q1_graph1,2025-07-13 23:09:18,2025-07-13,194,28,7,23,sell,1,person,2,product_category
512397,3,657187,16758558,331.0,,,,,,,q1_graph1,2025-07-13 23:09:18,2025-07-13,194,28,7,23,buy,1,person,2,product_category
585212,6,625756,16832347,5.0,4.0,3.0,1.0,-165.0,-25.0,-111.0,q1_graph1,2025-07-14 19:39:07,2025-07-14,195,29,7,19,travels_to,1,person,5,country
550287,2,657187,17614335,430.0,,,,,,,q1_graph1,2025-07-23 20:52:15,2025-07-23,204,30,7,20,sell,1,person,2,product_category
512397,3,657187,17614335,430.0,,,,,,,q1_graph1,2025-07-23 20:52:15,2025-07-23,204,30,7,20,buy,1,person,2,product_category
550287,2,657187,17671007,122.0,,,,,,,q1_graph1,2025-07-24 12:36:47,2025-07-24,205,30,7,12,sell,1,person,2,product_category
512397,3,657187,17671007,122.0,,,,,,,q1_graph1,2025-07-24 12:36:47,2025-07-24,205,30,7,12,buy,1,person,2,product_category
512397,0,550287,18060533,1.0,,,,,,,q1_graph1,2025-07-29 00:48:53,2025-07-29,210,31,7,0,email,1,person,1,person
599441,6,509607,18214747,4.0,2.0,4.0,-22.0,91.0,1.0,-165.0,q1_graph1,2025-07-30 19:39:07,2025-07-30,211,31,7,19,travels_to,1,person,5,country
585212,6,509607,18214747,3.0,2.0,4.0,-22.0,91.0,1.0,-165.0,q1_graph1,2025-07-30 19:39:07,2025-07-30,211,31,7,19,travels_to,1,person,5,country
534034,6,499467,18473947,5.0,1.0,2.0,-29.0,-13.0,-22.0,91.0,q1_graph1,2025-08-02 19:39:07,2025-08-02,214,31,8,19,travels_to,1,person,5,country
629627,6,499467,18646747,2.0,1.0,2.0,-29.0,-13.0,-22.0,91.0,q1_graph1,2025-08-04 19:39:07,2025-08-04,216,32,8,19,travels_to,1,person,5,country
585212,6,499467,18733147,5.0,1.0,2.0,-29.0,-13.0,-22.0,91.0,q1_graph1,2025-08-05 19:39:07,2025-08-05,217,32,8,19,travels_to,1,person,5,country
599441,6,499467,18819547,2.0,1.0,2.0,-29.0,-13.0,-22.0,91.0,q1_graph1,2025-08-06 19:39:07,2025-08-06,218,32,8,19,travels_to,1,person,5,country
623295,1,635665,19868924,1.0,3.0,0.0,-25.4639,-111.249,29.3296,-37.8076,q1_graph1,2025-08-18 23:08:44,2025-08-18,230,34,8,23,phone,1,person,1,person
623295,0,492777,20018733,1.0,,,,,,,q1_graph1,2025-08-20 16:45:33,2025-08-20,232,34,8,16,email,1,person,1,person
538892,6,509607,20115547,1.0,2.0,4.0,-22.0,91.0,1.0,-165.0,q1_graph1,2025-08-21 19:39:07,2025-08-21,233,34,8,19,travels_to,1,person,5,country
623295,1,635665,20146856,1.0,3.0,0.0,-25.4639,-111.249,29.3296,-37.8076,q1_graph1,2025-08-22 04:20:56,2025-08-22,234,34,8,4,phone,1,person,1,person
635665,0,492777,20183932,1.0,,,,,,,q1_graph1,2025-08-22 14:38:52,2025-08-22,234,34,8,14,email,1,person,1,person
512397,0,550287,20234879,1.0,,,,,,,q1_graph1,2025-08-23 04:47:59,2025-08-23,235,34,8,4,email,1,person,1,person
635665,0,623295,20366682,1.0,,,,,,,q1_graph1,2025-08-24 17:24:42,2025-08-24,236,34,8,17,email,1,person,1,person
623295,0,492777,20483073,1.0,,,,,,,q1_graph1,2025-08-26 01:44:33,2025-08-26,238,35,8,1,email,1,person,1,person
623295,1,492777,20485040,1.0,3.0,3.0,-25.4639,-111.249,-24.5657,-110.65,q1_graph1,2025-08-26 02:17:20,2025-08-26,238,35,8,2,phone,1,person,1,person
542965,6,509607,20547547,5.0,2.0,4.0,-22.0,91.0,1.0,-165.0,q1_graph1,2025-08-26 19:39:07,2025-08-26,238,35,8,19,travels_to,1,person,5,country
635665,0,492777,20613879,1.0,,,,,,,q1_graph1,2025-08-27 14:04:39,2025-08-27,239,35,8,14,email,1,person,1,person
635665,0,492777,20732418,1.0,,,,,,,q1_graph1,2025-08-28 23:00:18,2025-08-28,240,35,8,23,email,1,person,1,person
492777,1,550361,20822639,1.0,3.0,2.0,-24.5657,-110.65,-18.3758,91.025,q1_graph1,2025-08-30 00:03:59,2025-08-30,242,35,8,0,phone,1,person,1,person
492777,1,623295,20830992,1.0,3.0,3.0,-24.5657,-110.65,-25.4639,-111.249,q1_graph1,2025-08-30 02:23:12,2025-08-30,242,35,8,2,phone,1,person,1,person
635665,0,623295,20852050,1.0,,,,,,,q1_graph1,2025-08-30 08:14:10,2025-08-30,242,35,8,8,email,1,person,1,person
492777,0,550361,20854058,1.0,,,,,,,q1_graph1,2025-08-30 08:47:38,2025-08-30,242,35,8,8,email,1,person,1,person
492777,1,596193,20867167,1.0,3.0,2.0,-24.5657,-110.65,-17.1099,90.7971,q1_graph1,2025-08-30 12:26:07,2025-08-30,242,35,8,12,phone,1,person,1,person
550361,1,596193,20873117,1.0,2.0,2.0,-18.3758,91.025,-17.1099,90.7971,q1_graph1,2025-08-30 14:05:17,2025-08-30,242,35,8,14,phone,1,person,1,person
635665,1,493044,20882094,1.0,0.0,2.0,29.3296,-37.8076,-20.8686,89.4217,q1_graph1,2025-08-30 16:34:54,2025-08-30,242,35,8,16,phone,1,person,1,person
635665,1,493044,20887397,1.0,0.0,2.0,29.3296,-37.8076,-20.8686,89.4217,q1_graph1,2025-08-30 18:03:17,2025-08-30,242,35,8,18,phone,1,person,1,person
492777,1,493044,20909333,1.0,3.0,2.0,-24.5657,-110.65,-20.8686,89.4217,q1_graph1,2025-08-31 00:08:53,2025-08-31,243,35,8,0,phone,1,person,1,person
596193,0,623295,20921454,1.0,,,,,,,q1_graph1,2025-08-31 03:30:54,2025-08-31,243,35,8,3,email,1,person,1,person
492777,0,635665,20922688,1.0,,,,,,,q1_graph1,2025-08-31 03:51:28,2025-08-31,243,35,8,3,email,1,person,1,person
492777,1,623295,20926366,1.0,3.0,3.0,-24.5657,-110.65,-25.4639,-111.249,q1_graph1,2025-08-31 04:52:46,2025-08-31,243,35,8,4,phone,1,person,1,person
550361,1,623295,20940987,1.0,2.0,3.0,-18.3758,91.025,-25.4639,-111.249,q1_graph1,2025-08-31 08:56:27,2025-08-31,243,35,8,8,phone,1,person,1,person
623295,1,635665,20947689,1.0,3.0,0.0,-25.4639,-111.249,29.3296,-37.8076,q1_graph1,2025-08-31 10:48:09,2025-08-31,243,35,8,10,phone,1,person,1,person
464459,6,625756,20979547,1.0,0.0,3.0,33.0,-41.0,-25.0,-111.0,q1_graph1,2025-08-31 19:39:07,2025-08-31,243,35,8,19,travels_to,1,person,5,country
492777,0,596193,21050086,1.0,,,,,,,q1_graph1,2025-09-01 15:14:46,2025-09-01,244,36,9,15,email,1,person,1,person
623295,0,492777,21056607,1.0,,,,,,,q1_graph1,2025-09-01 17:03:27,2025-09-01,244,36,9,17,email,1,person,1,person
492777,0,550361,21081687,1.0,,,,,,,q1_graph1,2025-09-02 00:01:27,2025-09-02,245,36,9,0,email,1,person,1,person
596193,0,493044,21085655,1.0,,,,,,,q1_graph1,2025-09-02 01:07:35,2025-09-02,245,36,9,1,email,1,person,1,person
596193,0,550361,21088442,1.0,,,,,,,q1_graph1,2025-09-02 01:54:02,2025-09-02,245,36,9,1,email,1,person,1,person
492777,1,635665,21090250,1.0,3.0,0.0,-24.5657,-110.65,29.3296,-37.8076,q1_graph1,2025-09-02 02:24:10,2025-09-02,245,36,9,2,phone,1,person,1,person
550361,1,493044,21090682,1.0,2.0,2.0,-18.3758,91.025,-20.8686,89.4217,q1_graph1,2025-09-02 02:31:22,2025-09-02,245,36,9,2,phone,1,person,1,person
635665,0,492777,21113875,1.0,,,,,,,q1_graph1,2025-09-02 08:57:55,2025-09-02,245,36,9,8,email,1,person,1,person
550361,0,623295,21122153,1.0,,,,,,,q1_graph1,2025-09-02 11:15:53,2025-09-02,245,36,9,11,email,1,person,1,person
623295,1,493044,21126949,1.0,3.0,2.0,-25.4639,-111.249,-20.8686,89.4217,q1_graph1,2025-09-02 12:35:49,2025-09-02,245,36,9,12,phone,1,person,1,person
568093,6,625756,21152347,2.0,0.0,3.0,33.0,-41.0,-25.0,-111.0,q1_graph1,2025-09-02 19:39:07,2025-09-02,245,36,9,19,travels_to,1,person,5,country
572391,6,509607,21152347,2.0,2.0,4.0,-22.0,91.0,1.0,-165.0,q1_graph1,2025-09-02 19:39:07,2025-09-02,245,36,9,19,travels_to,1,person,5,country
596193,0,623295,21183011,1.0,,,,,,,q1_graph1,2025-09-03 04:10:11,2025-09-03,246,36,9,4,email,1,person,1,person
623295,1,492777,21272058,1.0,3.0,3.0,-25.4639,-111.249,-24.5657,-110.65,q1_graph1,2025-09-04 04:54:18,2025-09-04,247,36,9,4,phone,1,person,1,person
635665,0,492777,21286766,1.0,,,,,,,q1_graph1,2025-09-04 08:59:26,2025-09-04,247,36,9,8,email,1,person,1,person
596193,0,635665,21288232,1.0,,,,,,,q1_graph1,2025-09-04 09:23:52,2025-09-04,247,36,9,9,email,1,person,1,person
635665,1,596193,21299339,1.0,0.0,2.0,29.3296,-37.8076,-17.1099,90.7971,q1_graph1,2025-09-04 12:28:59,2025-09-04,247,36,9,12,phone,1,person,1,person
492777,1,623295,21365640,1.0,3.0,3.0,-24.5657,-110.65,-25.4639,-111.249,q1_graph1,2025-09-05 06:54:00,2025-09-05,248,36,9,6,phone,1,person,1,person
492777,1,635665,21392909,1.0,3.0,0.0,-24.5657,-110.65,29.3296,-37.8076,q1_graph1,2025-09-05 14:28:29,2025-09-05,248,36,9,14,phone,1,person,1,person
635665,6,499467,21411547,1.0,3.0,2.0,-25.0,-111.0,-22.0,91.0,q1_graph1,2025-09-05 19:39:07,2025-09-05,248,36,9,19,travels_to,1,person,5,country
623295,1,635665,21444482,1.0,3.0,0.0,-25.4639,-111.249,29.3296,-37.8076,q1_graph1,2025-09-06 04:48:02,2025-09-06,249,36,9,4,phone,1,person,1,person
635665,1,550361,21445593,1.0,0.0,2.0,29.3296,-37.8076,-18.3758,91.025,q1_graph1,2025-09-06 05:06:33,2025-09-06,249,36,9,5,phone,1,person,1,person
623295,1,635665,21520284,1.0,3.0,0.0,-25.4639,-111.249,29.3296,-37.8076,q1_graph1,2025-09-07 01:51:24,2025-09-07,250,36,9,1,phone,1,person,1,person
492777,0,596193,21539087,1.0,,,,,,,q1_graph1,2025-09-07 07:04:47,2025-09-07,250,36,9,7,email,1,person,1,person
492777,0,623295,21560515,1.0,,,,,,,q1_graph1,2025-09-07 13:01:55,2025-09-07,250,36,9,13,email,1,person,1,person
550361,0,635665,21593417,1.0,,,,,,,q1_graph1,2025-09-07 22:10:17,2025-09-07,250,36,9,22,email,1,person,1,person
623295,1,550361,21636072,1.0,3.0,2.0,-25.4639,-111.249,-18.3758,91.025,q1_graph1,2025-09-08 10:01:12,2025-09-08,251,37,9,10,phone,1,person,1,person
596193,0,493044,21696581,1.0,,,,,,,q1_graph1,2025-09-09 02:49:41,2025-09-09,252,37,9,2,email,1,person,1,person
550361,1,493044,21701200,1.0,2.0,2.0,-18.3758,91.025,-20.8686,89.4217,q1_graph1,2025-09-09 04:06:40,2025-09-09,252,37,9,4,phone,1,person,1,person
623295,0,635665,21758270,1.0,,,,,,,q1_graph1,2025-09-09 19:57:50,2025-09-09,252,37,9,19,email,1,person,1,person
596193,0,492777,21780678,1.0,,,,,,,q1_graph1,2025-09-10 02:11:18,2025-09-10,253,37,9,2,email,1,person,1,person
623295,1,492777,21808987,1.0,3.0,3.0,-25.4639,-111.249,-24.5657,-110.65,q1_graph1,2025-09-10 10:03:07,2025-09-10,253,37,9,10,phone,1,person,1,person
635665,0,492777,21821195,1.0,,,,,,,q1_graph1,2025-09-10 13:26:35,2025-09-10,253,37,9,13,email,1,person,1,person
623295,1,635665,21835883,1.0,3.0,0.0,-25.4639,-111.249,29.3296,-37.8076,q1_graph1,2025-09-10 17:31:23,2025-09-10,253,37,9,17,phone,1,person,1,person
635665,6,625756,21843547,1.0,0.0,3.0,33.0,-41.0,-25.0,-111.0,q1_graph1,2025-09-10 19:39:07,2025-09-10,253,37,9,19,travels_to,1,person,5,country
635665,1,492777,21851592,1.0,0.0,3.0,29.3296,-37.8076,-24.5657,-110.65,q1_graph1,2025-09-10 21:53:12,2025-09-10,253,37,9,21,phone,1,person,1,person
464459,6,499467,21929947,2.0,3.0,2.0,-25.0,-111.0,-22.0,91.0,q1_graph1,2025-09-11 19:39:07,2025-09-11,254,37,9,19,travels_to,1,person,5,country
492777,1,623295,21975781,1.0,3.0,3.0,-24.5657,-110.65,-25.4639,-111.249,q1_graph1,2025-09-12 08:23:01,2025-09-12,255,37,9,8,phone,1,person,1,person
635665,0,623295,22012691,1.0,,,,,,,q1_graph1,2025-09-12 18:38:11,2025-09-12,255,37,9,18,email,1,person,1,person
635665,0,492777,22063595,1.0,,,,,,,q1_graph1,2025-09-13 08:46:35,2025-09-13,256,37,9,8,email,1,person,1,person
492777,0,493044,22129997,1.0,,,,,,,q1_graph1,2025-09-14 03:13:17,2025-09-14,257,37,9,3,email,1,person,1,person
635665,1,623295,22144205,1.0,0.0,3.0,29.3296,-37.8076,-25.4639,-111.249,q1_graph1,2025-09-14 07:10:05,2025-09-14,257,37,9,7,phone,1,person,1,person
492777,1,623295,22169055,1.0,3.0,3.0,-24.5657,-110.65,-25.4639,-111.249,q1_graph1,2025-09-14 14:04:15,2025-09-14,257,37,9,14,phone,1,person,1,person
596193,0,550361,22254898,1.0,,,,,,,q1_graph1,2025-09-15 13:54:58,2025-09-15,258,38,9,13,email,1,person,1,person
550361,0,596193,22308110,1.0,,,,,,,q1_graph1,2025-09-16 04:41:50,2025-09-16,259,38,9,4,email,1,person,1,person
492777,0,623295,22352087,1.0,,,,,,,q1_graph1,2025-09-16 16:54:47,2025-09-16,259,38,9,16,email,1,person,1,person
492777,0,493044,22371021,1.0,,,,,,,q1_graph1,2025-09-16 22:10:21,2025-09-16,259,38,9,22,email,1,person,1,person
635665,1,492777,22373265,1.0,0.0,3.0,29.3296,-37.8076,-24.5657,-110.65,q1_graph1,2025-09-16 22:47:45,2025-09-16,259,38,9,22,phone,1,person,1,person
596193,0,550361,22389005,1.0,,,,,,,q1_graph1,2025-09-17 03:10:05,2025-09-17,260,38,9,3,email,1,person,1,person
492777,0,635665,22416097,1.0,,,,,,,q1_graph1,2025-09-17 10:41:37,2025-09-17,260,38,9,10,email,1,person,1,person
596193,0,635665,22416771,1.0,,,,,,,q1_graph1,2025-09-17 10:52:51,2025-09-17,260,38,9,10,email,1,person,1,person
492777,0,623295,22435117,1.0,,,,,,,q1_graph1,2025-09-17 15:58:37,2025-09-17,260,38,9,15,email,1,person,1,person
492777,1,635665,22446486,1.0,3.0,0.0,-24.5657,-110.65,29.3296,-37.8076,q1_graph1,2025-09-17 19:08:06,2025-09-17,260,38,9,19,phone,1,person,1,person
492777,1,623295,22452022,1.0,3.0,3.0,-24.5657,-110.65,-25.4639,-111.249,q1_graph1,2025-09-17 20:40:22,2025-09-17,260,38,9,20,phone,1,person,1,person
623295,1,635665,22455314,1.0,3.0,0.0,-25.4639,-111.249,29.3296,-37.8076,q1_graph1,2025-09-17 21:35:14,2025-09-17,260,38,9,21,phone,1,person,1,person
550361,0,635665,22528909,1.0,,,,,,,q1_graph1,2025-09-18 18:01:49,2025-09-18,261,38,9,18,email,1,person,1,person
492777,0,550361,22555734,1.0,,,,,,,q1_graph1,2025-09-19 01:28:54,2025-09-19,262,38,9,1,email,1,person,1,person
635665,0,492777,22563050,1.0,,,,,,,q1_graph1,2025-09-19 03:30:50,2025-09-19,262,38,9,3,email,1,person,1,person
492777,1,493044,22584294,1.0,3.0,2.0,-24.5657,-110.65,-20.8686,89.4217,q1_graph1,2025-09-19 09:24:54,2025-09-19,262,38,9,9,phone,1,person,1,person
550361,1,493044,22612462,1.0,2.0,2.0,-18.3758,91.025,-20.8686,89.4217,q1_graph1,2025-09-19 17:14:22,2025-09-19,262,38,9,17,phone,1,person,1,person
568093,6,499467,22621147,2.0,3.0,2.0,-25.0,-111.0,-22.0,91.0,q1_graph1,2025-09-19 19:39:07,2025-09-19,262,38,9,19,travels_to,1,person,5,country
596193,0,635665,22636021,1.0,,,,,,,q1_graph1,2025-09-19 23:47:01,2025-09-19,262,38,9,23,email,1,person,1,person
635665,1,596193,22728254,1.0,0.0,2.0,29.3296,-37.8076,-17.1099,90.7971,q1_graph1,2025-09-21 01:24:14,2025-09-21,264,38,9,1,phone,1,person,1,person
492777,1,635665,22755659,1.0,3.0,0.0,-24.5657,-110.65,29.3296,-37.8076,q1_graph1,2025-09-21 09:00:59,2025-09-21,264,38,9,9,phone,1,person,1,person
635665,1,493044,22783893,1.0,0.0,2.0,29.3296,-37.8076,-20.8686,89.4217,q1_graph1,2025-09-21 16:51:33,2025-09-21,264,38,9,16,phone,1,person,1,person
492777,0,493044,22784884,1.0,,,,,,,q1_graph1,2025-09-21 17:08:04,2025-09-21,264,38,9,17,email,1,person,1,person
596193,0,623295,22787809,1.0,,,,,,,q1_graph1,2025-09-21 17:56:49,2025-09-21,264,38,9,17,email,1,person,1,person
492777,1,493044,22855338,1.0,3.0,2.0,-24.5657,-110.65,-20.8686,89.4217,q1_graph1,2025-09-22 12:42:18,2025-09-22,265,39,9,12,phone,1,person,1,person
492777,0,635665,22990665,1.0,,,,,,,q1_graph1,2025-09-24 02:17:45,2025-09-24,267,39,9,2,email,1,person,1,person
492777,0,623295,22991986,1.0,,,,,,,q1_graph1,2025-09-24 02:39:46,2025-09-24,267,39,9,2,email,1,person,1,person
492777,0,596193,22996941,1.0,,,,,,,q1_graph1,2025-09-24 04:02:21,2025-09-24,267,39,9,4,email,1,person,1,person
492777,0,635665,23024759,1.0,,,,,,,q1_graph1,2025-09-24 11:45:59,2025-09-24,267,39,9,11,email,1,person,1,person
635665,1,550361,23043220,1.0,0.0,2.0,29.3296,-37.8076,-18.3758,91.025,q1_graph1,2025-09-24 16:53:40,2025-09-24,267,39,9,16,phone,1,person,1,person
635665,1,493044,23047530,1.0,0.0,2.0,29.3296,-37.8076,-20.8686,89.4217,q1_graph1,2025-09-24 18:05:30,2025-09-24,267,39,9,18,phone,1,person,1,person
492777,1,635665,23129203,1.0,3.0,0.0,-24.5657,-110.65,29.3296,-37.8076,q1_graph1,2025-09-25 16:46:43,2025-09-25,268,39,9,16,phone,1,person,1,person
492777,1,635665,23130930,1.0,3.0,0.0,-24.5657,-110.65,29.3296,-37.8076,q1_graph1,2025-09-25 17:15:30,2025-09-25,268,39,9,17,phone,1,person,1,person
635665,1,596193,23132563,1.0,0.0,2.0,29.3296,-37.8076,-17.1099,90.7971,q1_graph1,2025-09-25 17:42:43,2025-09-25,268,39,9,17,phone,1,person,1,person
492777,0,493044,23145652,1.0,,,,,,,q1_graph1,2025-09-25 21:20:52,2025-09-25,268,39,9,21,email,1,person,1,person
596193,0,623295,23173103,1.0,,,,,,,q1_graph1,2025-09-26 04:58:23,2025-09-26,269,39,9,4,email,1,person,1,person
589639,1,635665,23996653,1.0,0.0,0.0,30.4483,-42.5341,29.3296,-37.8076,q1_graph1,2025-10-05 17:44:13,2025-10-05,278,40,10,17,phone,1,person,1,person
599956,1,490041,23997357,1.0,0.0,0.0,34.2958,-39.026,34.5741,-42.0541,q1_graph1,2025-10-05 17:55:57,2025-10-05,278,40,10,17,phone,1,person,1,person
490041,0,635665,24003753,1.0,,,,,,,q1_graph1,2025-10-05 19:42:33,2025-10-05,278,40,10,19,email,1,person,1,person
589639,1,490041,24010946,1.0,0.0,0.0,30.4483,-42.5341,34.5741,-42.0541,q1_graph1,2025-10-05 21:42:26,2025-10-05,278,40,10,21,phone,1,person,1,person
490041,0,589639,24011786,1.0,,,,,,,q1_graph1,2025-10-05 21:56:26,2025-10-05,278,40,10,21,email,1,person,1,person
635665,0,599956,24012811,1.0,,,,,,,q1_graph1,2025-10-05 22:13:31,2025-10-05,278,40,10,22,email,1,person,1,person
635665,0,599956,24013644,1.0,,,,,,,q1_graph1,2025-10-05 22:27:24,2025-10-05,278,40,10,22,email,1,person,1,person
599956,1,490041,24015494,1.0,0.0,0.0,34.2958,-39.026,34.5741,-42.0541,q1_graph1,2025-10-05 22:58:14,2025-10-05,278,40,10,22,phone,1,person,1,person
599956,1,490041,24021301,1.0,0.0,0.0,34.2958,-39.026,34.5741,-42.0541,q1_graph1,2025-10-06 00:35:01,2025-10-06,279,41,10,0,phone,1,person,1,person
589639,1,599956,24023186,1.0,0.0,0.0,30.4483,-42.5341,34.2958,-39.026,q1_graph1,2025-10-06 01:06:26,2025-10-06,279,41,10,1,phone,1,person,1,person
635665,0,599956,24023510,1.0,,,,,,,q1_graph1,2025-10-06 01:11:50,2025-10-06,279,41,10,1,email,1,person,1,person
635665,0,589639,24028546,1.0,,,,,,,q1_graph1,2025-10-06 02:35:46,2025-10-06,279,41,10,2,email,1,person,1,person
490041,0,589639,24030596,1.0,,,,,,,q1_graph1,2025-10-06 03:09:56,2025-10-06,279,41,10,3,email,1,person,1,person
635665,0,599956,24032432,1.0,,,,,,,q1_graph1,2025-10-06 03:40:32,2025-10-06,279,41,10,3,email,1,person,1,person
635665,0,589639,24035137,1.0,,,,,,,q1_graph1,2025-10-06 04:25:37,2025-10-06,279,41,10,4,email,1,person,1,person
599956,1,589639,24040547,1.0,0.0,0.0,34.2958,-39.026,30.4483,-42.5341,q1_graph1,2025-10-06 05:55:47,2025-10-06,279,41,10,5,phone,1,person,1,person
490041,0,589639,24043702,1.0,,,,,,,q1_graph1,2025-10-06 06:48:22,2025-10-06,279,41,10,6,email,1,person,1,person
599956,1,490041,24050350,1.0,0.0,0.0,34.2958,-39.026,34.5741,-42.0541,q1_graph1,2025-10-06 08:39:10,2025-10-06,279,41,10,8,phone,1,person,1,person
490041,0,635665,24051853,1.0,,,,,,,q1_graph1,2025-10-06 09:04:13,2025-10-06,279,41,10,9,email,1,person,1,person
599956,1,490041,24068779,1.0,0.0,0.0,34.2958,-39.026,34.5741,-42.0541,q1_graph1,2025-10-06 13:46:19,2025-10-06,279,41,10,13,phone,1,person,1,person
635665,1,570411,24123324,1.0,0.0,0.0,29.3296,-37.8076,32.6654,-48.6701,q1_graph1,2025-10-07 04:55:24,2025-10-07,280,41,10,4,phone,1,person,1,person
570411,0,640464,24185807,1.0,,,,,,,q1_graph1,2025-10-07 22:16:47,2025-10-07,280,41,10,22,email,1,person,1,person
570411,0,640464,24293825,1.0,,,,,,,q1_graph1,2025-10-09 04:17:05,2025-10-09,282,41,10,4,email,1,person,1,person
570411,0,640464,24324913,1.0,,,,,,,q1_graph1,2025-10-09 12:55:13,2025-10-09,282,41,10,12,email,1,person,1,person
640464,1,635665,24461997,1.0,0.0,0.0,35.8806,-34.5372,29.3296,-37.8076,q1_graph1,2025-10-11 02:59:57,2025-10-11,284,41,10,2,phone,1,person,1,person
570411,0,635665,24470579,1.0,,,,,,,q1_graph1,2025-10-11 05:22:59,2025-10-11,284,41,10,5,email,1,person,1,person
635665,1,640464,24503371,1.0,0.0,0.0,29.3296,-37.8076,35.8806,-34.5372,q1_graph1,2025-10-11 14:29:31,2025-10-11,284,41,10,14,phone,1,person,1,person
635665,1,640464,24583501,1.0,0.0,0.0,29.3296,-37.8076,35.8806,-34.5372,q1_graph1,2025-10-12 12:45:01,2025-10-12,285,41,10,12,phone,1,person,1,person
568093,6,561157,24608347,2.0,2.0,0.0,-22.0,91.0,33.0,-41.0,q1_graph1,2025-10-12 19:39:07,2025-10-12,285,41,10,19,travels_to,1,person,5,country
635665,6,561157,24608347,1.0,2.0,0.0,-22.0,91.0,33.0,-41.0,q1_graph1,2025-10-12 19:39:07,2025-10-12,285,41,10,19,travels_to,1,person,5,country
640464,1,570411,24659635,1.0,0.0,0.0,35.8806,-34.5372,32.6654,-48.6701,q1_graph1,2025-10-13 09:53:55,2025-10-13,286,42,10,9,phone,1,person,1,person
640464,1,570411,24685141,1.0,0.0,0.0,35.8806,-34.5372,32.6654,-48.6701,q1_graph1,2025-10-13 16:59:01,2025-10-13,286,42,10,16,phone,1,person,1,person
635665,1,640464,24703970,1.0,0.0,0.0,29.3296,-37.8076,35.8806,-34.5372,q1_graph1,2025-10-13 22:12:50,2025-10-13,286,42,10,22,phone,1,person,1,person
640464,1,635665,24726314,1.0,0.0,0.0,35.8806,-34.5372,29.3296,-37.8076,q1_graph1,2025-10-14 04:25:14,2025-10-14,287,42,10,4,phone,1,person,1,person
640464,1,570411,24787278,1.0,0.0,0.0,35.8806,-34.5372,32.6654,-48.6701,q1_graph1,2025-10-14 21:21:18,2025-10-14,287,42,10,21,phone,1,person,1,person
640464,1,635665,24880980,1.0,0.0,0.0,35.8806,-34.5372,29.3296,-37.8076,q1_graph1,2025-10-15 23:23:00,2025-10-15,288,42,10,23,phone,1,person,1,person
640464,1,570411,24900262,1.0,0.0,0.0,35.8806,-34.5372,32.6654,-48.6701,q1_graph1,2025-10-16 04:44:22,2025-10-16,289,42,10,4,phone,1,person,1,person
635665,1,570411,24914745,1.0,0.0,0.0,29.3296,-37.8076,32.6654,-48.6701,q1_graph1,2025-10-16 08:45:45,2025-10-16,289,42,10,8,phone,1,person,1,person
464459,6,561157,24953947,1.0,2.0,0.0,-22.0,91.0,33.0,-41.0,q1_graph1,2025-10-16 19:39:07,2025-10-16,289,42,10,19,travels_to,1,person,5,country
640464,1,635665,25023225,1.0,0.0,0.0,35.8806,-34.5372,29.3296,-37.8076,q1_graph1,2025-10-17 14:53:45,2025-10-17,290,42,10,14,phone,1,person,1,person
570411,0,635665,25084575,1.0,,,,,,,q1_graph1,2025-10-18 07:56:15,2025-10-18,291,42,10,7,email,1,person,1,person
640464,1,570411,25114159,1.0,0.0,0.0,35.8806,-34.5372,32.6654,-48.6701,q1_graph1,2025-10-18 16:09:19,2025-10-18,291,42,10,16,phone,1,person,1,person
635665,1,570411,25132002,1.0,0.0,0.0,29.3296,-37.8076,32.6654,-48.6701,q1_graph1,2025-10-18 21:06:42,2025-10-18,291,42,10,21,phone,1,person,1,person
649553,6,509607,26595547,4.0,5.0,4.0,22.0,156.0,1.0,-165.0,q1_graph1,2025-11-04 19:39:07,2025-11-04,308,45,11,19,travels_to,1,person,5,country
570284,6,509607,26681947,1.0,5.0,4.0,22.0,156.0,1.0,-165.0,q1_graph1,2025-11-05 19:39:07,2025-11-05,309,45,11,19,travels_to,1,person,5,country
643925,6,625756,27545947,2.0,4.0,3.0,1.0,-165.0,-25.0,-111.0,q1_graph1,2025-11-15 19:39:07,2025-11-15,319,46,11,19,travels_to,1,person,5,country
649553,6,625756,27718747,3.0,4.0,3.0,1.0,-165.0,-25.0,-111.0,q1_graph1,2025-11-17 19:39:07,2025-11-17,321,47,11,19,travels_to,1,person,5,country
643925,6,509607,27977947,5.0,5.0,4.0,22.0,156.0,1.0,-165.0,q1_graph1,2025-11-20 19:39:07,2025-11-20,324,47,11,19,travels_to,1,person,5,country
570284,6,616453,29446747,5.0,0.0,5.0,33.0,-41.0,22.0,156.0,q1_graph1,2025-12-07 19:39:07,2025-12-07,341,49,12,19,travels_to,1,person,5,country
649553,6,616453,29533147,5.0,0.0,5.0,33.0,-41.0,22.0,156.0,q1_graph1,2025-12-08 19:39:07,2025-12-08,342,50,12,19,travels_to,1,person,5,country
643925,6,561157,30137947,4.0,3.0,0.0,-25.0,-111.0,33.0,-41.0,q1_graph1,2025-12-15 19:39:07,2025-12-15,349,51,12,19,travels_to,1,person,5,country
643925,6,616453,30137947,3.0,0.0,5.0,33.0,-41.0,22.0,156.0,q1_graph1,2025-12-15 19:39:07,2025-12-15,349,51,12,19,travels_to,1,person,5,country
570284,6,561157,30224347,2.0,3.0,0.0,-25.0,-111.0,33.0,-41.0,q1_graph1,2025-12-16 19:39:07,2025-12-16,350,51,12,19,travels_to,1,person,5,country
649553,6,561157,30224347,2.0,3.0,0.0,-25.0,-111.0,33.0,-41.0,q1_graph1,2025-12-16 19:39:07,2025-12-16,350,51,12,19,travels_to,1,person,5,country
608827,5,630626,31536000,21699.3,,,,,,,q1_graph1,2026-01-01 00:00:00,2026-01-01,1,1,1,0,financial,1,person,4,financial_category
552988,5,608827,31536000,143858.0,,,,,,,q1_graph1,2026-01-01 00:00:00,2026-01-01,1,1,1,0,financial,4,financial_category,1,person
608827,5,567195,31536000,15088.4,,,,,,,q1_graph1,2026-01-01 00:00:00,2026-01-01,1,1,1,0,financial,1,person,4,financial_category
608827,5,527449,31536000,456.71,,,,,,,q1_graph1,2026-01-01 00:00:00,2026-01-01,1,1,1,0,financial,1,person,4,financial_category
608827,5,459381,31536000,2378.6,,,,,,,q1_graph1,2026-01-01 00:00:00,2026-01-01,1,1,1,0,financial,1,person,4,financial_category
608827,5,595298,31536000,5362.15,,,,,,,q1_graph1,2026-01-01 00:00:00,2026-01-01,1,1,1,0,financial,1,person,4,financial_category
608827,5,466907,31536000,1689.16,,,,,,,q1_graph1,2026-01-01 00:00:00,2026-01-01,1,1,1,0,financial,1,person,4,financial_category
608827,5,589943,31536000,8444.03,,,,,,,q1_graph1,2026-01-01 00:00:00,2026-01-01,1,1,1,0,financial,1,person,4,financial_category
608827,5,537281,31536000,2111.52,,,,,,,q1_graph1,2026-01-01 00:00:00,2026-01-01,1,1,1,0,financial,1,person,4,financial_category
608827,5,580426,31536000,385.87,,,,,,,q1_graph1,2026-01-01 00:00:00,2026-01-01,1,1,1,0,financial,1,person,4,financial_category
608827,5,595581,31536000,1006.36,,,,,,,q1_graph1,2026-01-01 00:00:00,2026-01-01,1,1,1,0,financial,1,person,4,financial_category
608827,5,616315,31536000,6192.98,,,,,,,q1_graph1,2026-01-01 00:00:00,2026-01-01,1,1,1,0,financial,1,person,4,financial_category
608827,5,642329,31536000,6393.29,,,,,,,q1_graph1,2026-01-01 00:00:00,2026-01-01,1,1,1,0,financial,1,person,4,financial_category
608827,5,503701,31536000,2935.06,,,,,,,q1_graph1,2026-01-01 00:00:00,2026-01-01,1,1,1,0,financial,1,person,4,financial_category
608827,5,632961,31536000,116.31,,,,,,,q1_graph1,2026-01-01 00:00:00,2026-01-01,1,1,1,0,financial,1,person,4,financial_category
608827,5,473173,31536000,4951.15,,,,,,,q1_graph1,2026-01-01 00:00:00,2026-01-01,1,1,1,0,financial,1,person,4,financial_category
608827,5,620120,31536000,19480.8,,,,,,,q1_graph1,2026-01-01 00:00:00,2026-01-01,1,1,1,0,financial,1,person,4,financial_category
608827,5,575030,31536000,14153.4,,,,,,,q1_graph1,2026-01-01 00:00:00,2026-01-01,1,1,1,0,financial,1,person,4,financial_category
608827,5,621924,31536000,12677.5,,,,,,,q1_graph1,2026-01-01 00:00:00,2026-01-01,1,1,1,0,financial,1,person,4,financial_category
589639,5,630626,31536000,25079.4,,,,,,,q1_graph1,2026-01-01 00:00:00,2026-01-01,1,1,1,0,financial,1,person,4,financial_category
589639,5,536346,31536000,9368.15,,,,,,,q1_graph1,2026-01-01 00:00:00,2026-01-01,1,1,1,0,financial,1,person,4,financial_category
510031,5,589639,31536000,1840.81,,,,,,,q1_graph1,2026-01-01 00:00:00,2026-01-01,1,1,1,0,financial,4,financial_category,1,person
589639,5,520660,31536000,12000.0,,,,,,,q1_graph1,2026-01-01 00:00:00,2026-01-01,1,1,1,0,financial,1,person,4,financial_category
552988,5,589639,31536000,647030.0,,,,,,,q1_graph1,2026-01-01 00:00:00,2026-01-01,1,1,1,0,financial,4,financial_category,1,person
589639,5,567195,31536000,35981.5,,,,,,,q1_graph1,2026-01-01 00:00:00,2026-01-01,1,1,1,0,financial,1,person,4,financial_category
589639,5,527449,31536000,1570.79,,,,,,,q1_graph1,2026-01-01 00:00:00,2026-01-01,1,1,1,0,financial,1,person,4,financial_category
589639,5,459381,31536000,1177.72,,,,,,,q1_graph1,2026-01-01 00:00:00,2026-01-01,1,1,1,0,financial,1,person,4,financial_category
589639,5,595298,31536000,6259.14,,,,,,,q1_graph1,2026-01-01 00:00:00,2026-01-01,1,1,1,0,financial,1,person,4,financial_category
589639,5,466907,31536000,4315.51,,,,,,,q1_graph1,2026-01-01 00:00:00,2026-01-01,1,1,1,0,financial,1,person,4,financial_category
589639,5,589943,31536000,17326.8,,,,,,,q1_graph1,2026-01-01 00:00:00,2026-01-01,1,1,1,0,financial,1,person,4,financial_category
589639,5,577992,31536000,59222.4,,,,,,,q1_graph1,2026-01-01 00:00:00,2026-01-01,1,1,1,0,financial,1,person,4,financial_category
589639,5,595581,31536000,6812.65,,,,,,,q1_graph1,2026-01-01 00:00:00,2026-01-01,1,1,1,0,financial,1,person,4,financial_category
589639,5,616315,31536000,7992.34,,,,,,,q1_graph1,2026-01-01 00:00:00,2026-01-01,1,1,1,0,financial,1,person,4,financial_category
589639,5,642329,31536000,10936.9,,,,,,,q1_graph1,2026-01-01 00:00:00,2026-01-01,1,1,1,0,financial,1,person,4,financial_category
589639,5,503701,31536000,11748.4,,,,,,,q1_graph1,2026-01-01 00:00:00,2026-01-01,1,1,1,0,financial,1,person,4,financial_category
589639,5,571970,31536000,922.08,,,,,,,q1_graph1,2026-01-01 00:00:00,2026-01-01,1,1,1,0,financial,1,person,4,financial_category
589639,5,644226,31536000,4393.27,,,,,,,q1_graph1,2026-01-01 00:00:00,2026-01-01,1,1,1,0,financial,1,person,4,financial_category
589639,5,473173,31536000,657.25,,,,,,,q1_graph1,2026-01-01 00:00:00,2026-01-01,1,1,1,0,financial,1,person,4,financial_category
589639,5,620120,31536000,256705.0,,,,,,,q1_graph1,2026-01-01 00:00:00,2026-01-01,1,1,1,0,financial,1,person,4,financial_category
589639,5,575030,31536000,22255.4,,,,,,,q1_graph1,2026-01-01 00:00:00,2026-01-01,1,1,1,0,financial,1,person,4,financial_category
589639,5,621924,31536000,20611.7,,,,,,,q1_graph1,2026-01-01 00:00:00,2026-01-01,1,1,1,0,financial,1,person,4,financial_category
530528,5,630626,31536000,8433.51,,,,,,,q1_graph1,2026-01-01 00:00:00,2026-01-01,1,1,1,0,financial,1,person,4,financial_category
530528,5,536346,31536000,42.39,,,,,,,q1_graph1,2026-01-01 00:00:00,2026-01-01,1,1,1,0,financial,1,person,4,financial_category
510031,5,530528,31536000,1273.93,,,,,,,q1_graph1,2026-01-01 00:00:00,2026-01-01,1,1,1,0,financial,4,financial_category,1,person
530528,5,520660,31536000,10454.0,,,,,,,q1_graph1,2026-01-01 00:00:00,2026-01-01,1,1,1,0,financial,1,person,4,financial_category
552988,5,530528,31536000,22471.7,,,,,,,q1_graph1,2026-01-01 00:00:00,2026-01-01,1,1,1,0,financial,4,financial_category,1,person
530528,5,567195,31536000,3256.84,,,,,,,q1_graph1,2026-01-01 00:00:00,2026-01-01,1,1,1,0,financial,1,person,4,financial_category
530528,5,527449,31536000,626.25,,,,,,,q1_graph1,2026-01-01 00:00:00,2026-01-01,1,1,1,0,financial,1,person,4,financial_category
530528,5,459381,31536000,709.74,,,,,,,q1_graph1,2026-01-01 00:00:00,2026-01-01,1,1,1,0,financial,1,person,4,financial_category
530528,5,595298,31536000,323.75,,,,,,,q1_graph1,2026-01-01 00:00:00,2026-01-01,1,1,1,0,financial,1,person,4,financial_category
530528,5,466907,31536000,803.27,,,,,,,q1_graph1,2026-01-01 00:00:00,2026-01-01,1,1,1,0,financial,1,person,4,financial_category
530528,5,577992,31536000,5401.11,,,,,,,q1_graph1,2026-01-01 00:00:00,2026-01-01,1,1,1,0,financial,1,person,4,financial_category
530528,5,523927,31536000,566.66,,,,,,,q1_graph1,2026-01-01 00:00:00,2026-01-01,1,1,1,0,financial,1,person,4,financial_category
530528,5,580426,31536000,1055.24,,,,,,,q1_graph1,2026-01-01 00:00:00,2026-01-01,1,1,1,0,financial,1,person,4,financial_category
530528,5,616315,31536000,1263.37,,,,,,,q1_graph1,2026-01-01 00:00:00,2026-01-01,1,1,1,0,financial,1,person,4,financial_category
530528,5,642329,31536000,1860.01,,,,,,,q1_graph1,2026-01-01 00:00:00,2026-01-01,1,1,1,0,financial,1,person,4,financial_category
530528,5,503701,31536000,1056.28,,,,,,,q1_graph1,2026-01-01 00:00:00,2026-01-01,1,1,1,0,financial,1,person,4,financial_category
530528,5,571970,31536000,572.39,,,,,,,q1_graph1,2026-01-01 00:00:00,2026-01-01,1,1,1,0,financial,1,person,4,financial_category
530528,5,644226,31536000,2654.76,,,,,,,q1_graph1,2026-01-01 00:00:00,2026-01-01,1,1,1,0,financial,1,person,4,financial_category
530528,5,632961,31536000,1258.56,,,,,,,q1_graph1,2026-01-01 00:00:00,2026-01-01,1,1,1,0,financial,1,person,4,financial_category
530528,5,473173,31536000,2025.14,,,,,,,q1_graph1,2026-01-01 00:00:00,2026-01-01,1,1,1,0,financial,1,person,4,financial_category
530528,5,620120,31536000,3136.11,,,,,,,q1_graph1,2026-01-01 00:00:00,2026-01-01,1,1,1,0,financial,1,person,4,financial_category
635706,5,630626,31536000,32074.0,,,,,,,q1_graph1,2026-01-01 00:00:00,2026-01-01,1,1,1,0,financial,1,person,4,financial_category
510031,5,635706,31536000,23825.6,,,,,,,q1_graph1,2026-01-01 00:00:00,2026-01-01,1,1,1,0,financial,4,financial_category,1,person
552988,5,635706,31536000,619963.0,,,,,,,q1_graph1,2026-01-01 00:00:00,2026-01-01,1,1,1,0,financial,4,financial_category,1,person
635706,5,567195,31536000,19509.3,,,,,,,q1_graph1,2026-01-01 00:00:00,2026-01-01,1,1,1,0,financial,1,person,4,financial_category
635706,5,527449,31536000,707.75,,,,,,,q1_graph1,2026-01-01 00:00:00,2026-01-01,1,1,1,0,financial,1,person,4,financial_category
635706,5,459381,31536000,2812.2,,,,,,,q1_graph1,2026-01-01 00:00:00,2026-01-01,1,1,1,0,financial,1,person,4,financial_category
635706,5,595298,31536000,1346.38,,,,,,,q1_graph1,2026-01-01 00:00:00,2026-01-01,1,1,1,0,financial,1,person,4,financial_category
635706,5,466907,31536000,1827.44,,,,,,,q1_graph1,2026-01-01 00:00:00,2026-01-01,1,1,1,0,financial,1,person,4,financial_category
635706,5,589943,31536000,8451.08,,,,,,,q1_graph1,2026-01-01 00:00:00,2026-01-01,1,1,1,0,financial,1,person,4,financial_category
635706,5,537281,31536000,179.25,,,,,,,q1_graph1,2026-01-01 00:00:00,2026-01-01,1,1,1,0,financial,1,person,4,financial_category
635706,5,580426,31536000,6537.83,,,,,,,q1_graph1,2026-01-01 00:00:00,2026-01-01,1,1,1,0,financial,1,person,4,financial_category
635706,5,642329,31536000,7422.71,,,,,,,q1_graph1,2026-01-01 00:00:00,2026-01-01,1,1,1,0,financial,1,person,4,financial_category
635706,5,503701,31536000,5502.61,,,,,,,q1_graph1,2026-01-01 00:00:00,2026-01-01,1,1,1,0,financial,1,person,4,financial_category
635706,5,571970,31536000,419.71,,,,,,,q1_graph1,2026-01-01 00:00:00,2026-01-01,1,1,1,0,financial,1,person,4,financial_category
635706,5,473173,31536000,1568.36,,,,,,,q1_graph1,2026-01-01 00:00:00,2026-01-01,1,1,1,0,financial,1,person,4,financial_category
635706,5,620120,31536000,288399.0,,,,,,,q1_graph1,2026-01-01 00:00:00,2026-01-01,1,1,1,0,financial,1,person,4,financial_category
635706,5,575030,31536000,12879.0,,,,,,,q1_graph1,2026-01-01 00:00:00,2026-01-01,1,1,1,0,financial,1,person,4,financial_category
490041,5,630626,31536000,3877.78,,,,,,,q1_graph1,2026-01-01 00:00:00,2026-01-01,1,1,1,0,financial,1,person,4,financial_category
490041,5,536346,31536000,3898.0,,,,,,,q1_graph1,2026-01-01 00:00:00,2026-01-01,1,1,1,0,financial,1,person,4,financial_category
490041,5,520660,31536000,3164.62,,,,,,,q1_graph1,2026-01-01 00:00:00,2026-01-01,1,1,1,0,financial,1,person,4,financial_category
552988,5,490041,31536000,9945.27,,,,,,,q1_graph1,2026-01-01 00:00:00,2026-01-01,1,1,1,0,financial,4,financial_category,1,person
490041,5,567195,31536000,3425.74,,,,,,,q1_graph1,2026-01-01 00:00:00,2026-01-01,1,1,1,0,financial,1,person,4,financial_category
490041,5,527449,31536000,190.9,,,,,,,q1_graph1,2026-01-01 00:00:00,2026-01-01,1,1,1,0,financial,1,person,4,financial_category
490041,5,459381,31536000,944.51,,,,,,,q1_graph1,2026-01-01 00:00:00,2026-01-01,1,1,1,0,financial,1,person,4,financial_category
490041,5,595298,31536000,2351.23,,,,,,,q1_graph1,2026-01-01 00:00:00,2026-01-01,1,1,1,0,financial,1,person,4,financial_category
490041,5,589943,31536000,3472.76,,,,,,,q1_graph1,2026-01-01 00:00:00,2026-01-01,1,1,1,0,financial,1,person,4,financial_category
490041,5,537281,31536000,2016.75,,,,,,,q1_graph1,2026-01-01 00:00:00,2026-01-01,1,1,1,0,financial,1,person,4,financial_category
490041,5,523927,31536000,5981.19,,,,,,,q1_graph1,2026-01-01 00:00:00,2026-01-01,1,1,1,0,financial,1,person,4,financial_category
490041,5,616315,31536000,541.23,,,,,,,q1_graph1,2026-01-01 00:00:00,2026-01-01,1,1,1,0,financial,1,person,4,financial_category
490041,5,642329,31536000,2715.88,,,,,,,q1_graph1,2026-01-01 00:00:00,2026-01-01,1,1,1,0,financial,1,person,4,financial_category
490041,5,503701,31536000,1124.28,,,,,,,q1_graph1,2026-01-01 00:00:00,2026-01-01,1,1,1,0,financial,1,person,4,financial_category
490041,5,571970,31536000,755.36,,,,,,,q1_graph1,2026-01-01 00:00:00,2026-01-01,1,1,1,0,financial,1,person,4,financial_category
490041,5,644226,31536000,1088.3,,,,,,,q1_graph1,2026-01-01 00:00:00,2026-01-01,1,1,1,0,financial,1,person,4,financial_category
490041,5,632961,31536000,1277.89,,,,,,,q1_graph1,2026-01-01 00:00:00,2026-01-01,1,1,1,0,financial,1,person,4,financial_category
490041,5,473173,31536000,546.79,,,,,,,q1_graph1,2026-01-01 00:00:00,2026-01-01,1,1,1,0,financial,1,person,4,financial_category
490041,5,620120,31536000,902.7,,,,,,,q1_graph1,2026-01-01 00:00:00,2026-01-01,1,1,1,0,financial,1,person,4,financial_category
490041,5,575030,31536000,989.2,,,,,,,q1_graph1,2026-01-01 00:00:00,2026-01-01,1,1,1,0,financial,1,person,4,financial_category
490041,5,621924,31536000,309.48,,,,,,,q1_graph1,2026-01-01 00:00:00,2026-01-01,1,1,1,0,financial,1,person,4,financial_category
554431,5,630626,31536000,8432.04,,,,,,,q1_graph1,2026-01-01 00:00:00,2026-01-01,1,1,1,0,financial,1,person,4,financial_category
510031,5,554431,31536000,2533.31,,,,,,,q1_graph1,2026-01-01 00:00:00,2026-01-01,1,1,1,0,financial,4,financial_category,1,person
552988,5,554431,31536000,25798.3,,,,,,,q1_graph1,2026-01-01 00:00:00,2026-01-01,1,1,1,0,financial,4,financial_category,1,person
554431,5,567195,31536000,4869.66,,,,,,,q1_graph1,2026-01-01 00:00:00,2026-01-01,1,1,1,0,financial,1,person,4,financial_category
554431,5,527449,31536000,477.21,,,,,,,q1_graph1,2026-01-01 00:00:00,2026-01-01,1,1,1,0,financial,1,person,4,financial_category
554431,5,459381,31536000,991.31,,,,,,,q1_graph1,2026-01-01 00:00:00,2026-01-01,1,1,1,0,financial,1,person,4,financial_category
554431,5,595298,31536000,1022.79,,,,,,,q1_graph1,2026-01-01 00:00:00,2026-01-01,1,1,1,0,financial,1,person,4,financial_category
554431,5,466907,31536000,1592.45,,,,,,,q1_graph1,2026-01-01 00:00:00,2026-01-01,1,1,1,0,financial,1,person,4,financial_category
554431,5,589943,31536000,2292.69,,,,,,,q1_graph1,2026-01-01 00:00:00,2026-01-01,1,1,1,0,financial,1,person,4,financial_category
554431,5,537281,31536000,575.81,,,,,,,q1_graph1,2026-01-01 00:00:00,2026-01-01,1,1,1,0,financial,1,person,4,financial_category
554431,5,523927,31536000,2100.87,,,,,,,q1_graph1,2026-01-01 00:00:00,2026-01-01,1,1,1,0,financial,1,person,4,financial_category
554431,5,580426,31536000,507.66,,,,,,,q1_graph1,2026-01-01 00:00:00,2026-01-01,1,1,1,0,financial,1,person,4,financial_category
554431,5,595581,31536000,864.5,,,,,,,q1_graph1,2026-01-01 00:00:00,2026-01-01,1,1,1,0,financial,1,person,4,financial_category
554431,5,642329,31536000,3608.19,,,,,,,q1_graph1,2026-01-01 00:00:00,2026-01-01,1,1,1,0,financial,1,person,4,financial_category
554431,5,503701,31536000,11532.2,,,,,,,q1_graph1,2026-01-01 00:00:00,2026-01-01,1,1,1,0,financial,1,person,4,financial_category
554431,5,571970,31536000,109.57,,,,,,,q1_graph1,2026-01-01 00:00:00,2026-01-01,1,1,1,0,financial,1,person,4,financial_category
554431,5,473173,31536000,2609.97,,,,,,,q1_graph1,2026-01-01 00:00:00,2026-01-01,1,1,1,0,financial,1,person,4,financial_category
620120,5,554431,31536000,1916.13,,,,,,,q1_graph1,2026-01-01 00:00:00,2026-01-01,1,1,1,0,financial,4,financial_category,1,person
554431,5,575030,31536000,8023.05,,,,,,,q1_graph1,2026-01-01 00:00:00,2026-01-01,1,1,1,0,financial,1,person,4,financial_category
554431,5,621924,31536000,4588.96,,,,,,,q1_graph1,2026-01-01 00:00:00,2026-01-01,1,1,1,0,financial,1,person,4,financial_category
599956,5,630626,31536000,15128.2,,,,,,,q1_graph1,2026-01-01 00:00:00,2026-01-01,1,1,1,0,financial,1,person,4,financial_category
599956,5,536346,31536000,2378.96,,,,,,,q1_graph1,2026-01-01 00:00:00,2026-01-01,1,1,1,0,financial,1,person,4,financial_category
510031,5,599956,31536000,4527.75,,,,,,,q1_graph1,2026-01-01 00:00:00,2026-01-01,1,1,1,0,financial,4,financial_category,1,person
599956,5,520660,31536000,11521.2,,,,,,,q1_graph1,2026-01-01 00:00:00,2026-01-01,1,1,1,0,financial,1,person,4,financial_category
552988,5,599956,31536000,87411.8,,,,,,,q1_graph1,2026-01-01 00:00:00,2026-01-01,1,1,1,0,financial,4,financial_category,1,person
599956,5,567195,31536000,14199.5,,,,,,,q1_graph1,2026-01-01 00:00:00,2026-01-01,1,1,1,0,financial,1,person,4,financial_category
599956,5,527449,31536000,1287.62,,,,,,,q1_graph1,2026-01-01 00:00:00,2026-01-01,1,1,1,0,financial,1,person,4,financial_category
599956,5,459381,31536000,1200.8,,,,,,,q1_graph1,2026-01-01 00:00:00,2026-01-01,1,1,1,0,financial,1,person,4,financial_category
599956,5,595298,31536000,5424.06,,,,,,,q1_graph1,2026-01-01 00:00:00,2026-01-01,1,1,1,0,financial,1,person,4,financial_category
599956,5,466907,31536000,1734.92,,,,,,,q1_graph1,2026-01-01 00:00:00,2026-01-01,1,1,1,0,financial,1,person,4,financial_category
599956,5,589943,31536000,4308.22,,,,,,,q1_graph1,2026-01-01 00:00:00,2026-01-01,1,1,1,0,financial,1,person,4,financial_category
599956,5,577992,31536000,573.69,,,,,,,q1_graph1,2026-01-01 00:00:00,2026-01-01,1,1,1,0,financial,1,person,4,financial_category
599956,5,537281,31536000,3138.12,,,,,,,q1_graph1,2026-01-01 00:00:00,2026-01-01,1,1,1,0,financial,1,person,4,financial_category
599956,5,523927,31536000,2612.14,,,,,,,q1_graph1,2026-01-01 00:00:00,2026-01-01,1,1,1,0,financial,1,person,4,financial_category
599956,5,642329,31536000,4236.9,,,,,,,q1_graph1,2026-01-01 00:00:00,2026-01-01,1,1,1,0,financial,1,person,4,financial_category
599956,5,503701,31536000,5658.37,,,,,,,q1_graph1,2026-01-01 00:00:00,2026-01-01,1,1,1,0,financial,1,person,4,financial_category
599956,5,644226,31536000,801.56,,,,,,,q1_graph1,2026-01-01 00:00:00,2026-01-01,1,1,1,0,financial,1,person,4,financial_category
599956,5,473173,31536000,3394.47,,,,,,,q1_graph1,2026-01-01 00:00:00,2026-01-01,1,1,1,0,financial,1,person,4,financial_category
599956,5,620120,31536000,6039.55,,,,,,,q1_graph1,2026-01-01 00:00:00,2026-01-01,1,1,1,0,financial,1,person,4,financial_category
599956,5,575030,31536000,33836.2,,,,,,,q1_graph1,2026-01-01 00:00:00,2026-01-01,1,1,1,0,financial,1,person,4,financial_category
599956,5,621924,31536000,4397.31,,,,,,,q1_graph1,2026-01-01 00:00:00,2026-01-01,1,1,1,0,financial,1,person,4,financial_category
566342,5,630626,31536000,2836.39,,,,,,,q1_graph1,2026-01-01 00:00:00,2026-01-01,1,1,1,0,financial,1,person,4,financial_category
552988,5,566342,31536000,11191.5,,,,,,,q1_graph1,2026-01-01 00:00:00,2026-01-01,1,1,1,0,financial,4,financial_category,1,person
566342,5,527449,31536000,239.28,,,,,,,q1_graph1,2026-01-01 00:00:00,2026-01-01,1,1,1,0,financial,1,person,4,financial_category
566342,5,459381,31536000,928.67,,,,,,,q1_graph1,2026-01-01 00:00:00,2026-01-01,1,1,1,0,financial,1,person,4,financial_category
566342,5,595298,31536000,2976.7,,,,,,,q1_graph1,2026-01-01 00:00:00,2026-01-01,1,1,1,0,financial,1,person,4,financial_category
566342,5,466907,31536000,1503.23,,,,,,,q1_graph1,2026-01-01 00:00:00,2026-01-01,1,1,1,0,financial,1,person,4,financial_category
566342,5,589943,31536000,1392.07,,,,,,,q1_graph1,2026-01-01 00:00:00,2026-01-01,1,1,1,0,financial,1,person,4,financial_category
566342,5,577992,31536000,1673.49,,,,,,,q1_graph1,2026-01-01 00:00:00,2026-01-01,1,1,1,0,financial,1,person,4,financial_category
566342,5,537281,31536000,729.47,,,,,,,q1_graph1,2026-01-01 00:00:00,2026-01-01,1,1,1,0,financial,1,person,4,financial_category
566342,5,523927,31536000,695.41,,,,,,,q1_graph1,2026-01-01 00:00:00,2026-01-01,1,1,1,0,financial,1,person,4,financial_category
566342,5,616315,31536000,2325.96,,,,,,,q1_graph1,2026-01-01 00:00:00,2026-01-01,1,1,1,0,financial,1,person,4,financial_category
566342,5,642329,31536000,3830.14,,,,,,,q1_graph1,2026-01-01 00:00:00,2026-01-01,1,1,1,0,financial,1,person,4,financial_category
566342,5,571970,31536000,409.84,,,,,,,q1_graph1,2026-01-01 00:00:00,2026-01-01,1,1,1,0,financial,1,person,4,financial_category
566342,5,632961,31536000,730.67,,,,,,,q1_graph1,2026-01-01 00:00:00,2026-01-01,1,1,1,0,financial,1,person,4,financial_category
566342,5,473173,31536000,350.38,,,,,,,q1_graph1,2026-01-01 00:00:00,2026-01-01,1,1,1,0,financial,1,person,4,financial_category
566342,5,620120,31536000,201.24,,,,,,,q1_graph1,2026-01-01 00:00:00,2026-01-01,1,1,1,0,financial,1,person,4,financial_category
566342,5,575030,31536000,4154.76,,,,,,,q1_graph1,2026-01-01 00:00:00,2026-01-01,1,1,1,0,financial,1,person,4,financial_category
566342,5,621924,31536000,1246.31,,,,,,,q1_graph1,2026-01-01 00:00:00,2026-01-01,1,1,1,0,financial,1,person,4,financial_category
548513,5,630626,31536000,5458.02,,,,,,,q1_graph1,2026-01-01 00:00:00,2026-01-01,1,1,1,0,financial,1,person,4,financial_category
548513,5,536346,31536000,3302.11,,,,,,,q1_graph1,2026-01-01 00:00:00,2026-01-01,1,1,1,0,financial,1,person,4,financial_category
510031,5,548513,31536000,1688.22,,,,,,,q1_graph1,2026-01-01 00:00:00,2026-01-01,1,1,1,0,financial,4,financial_category,1,person
548513,5,520660,31536000,7279.05,,,,,,,q1_graph1,2026-01-01 00:00:00,2026-01-01,1,1,1,0,financial,1,person,4,financial_category
552988,5,548513,31536000,8328.29,,,,,,,q1_graph1,2026-01-01 00:00:00,2026-01-01,1,1,1,0,financial,4,financial_category,1,person
548513,5,567195,31536000,3345.4,,,,,,,q1_graph1,2026-01-01 00:00:00,2026-01-01,1,1,1,0,financial,1,person,4,financial_category
548513,5,527449,31536000,706.38,,,,,,,q1_graph1,2026-01-01 00:00:00,2026-01-01,1,1,1,0,financial,1,person,4,financial_category
548513,5,459381,31536000,2555.54,,,,,,,q1_graph1,2026-01-01 00:00:00,2026-01-01,1,1,1,0,financial,1,person,4,financial_category
548513,5,595298,31536000,6392.63,,,,,,,q1_graph1,2026-01-01 00:00:00,2026-01-01,1,1,1,0,financial,1,person,4,financial_category
548513,5,589943,31536000,1499.5,,,,,,,q1_graph1,2026-01-01 00:00:00,2026-01-01,1,1,1,0,financial,1,person,4,financial_category
548513,5,580426,31536000,479.26,,,,,,,q1_graph1,2026-01-01 00:00:00,2026-01-01,1,1,1,0,financial,1,person,4,financial_category
548513,5,595581,31536000,4817.44,,,,,,,q1_graph1,2026-01-01 00:00:00,2026-01-01,1,1,1,0,financial,1,person,4,financial_category
548513,5,571970,31536000,60.39,,,,,,,q1_graph1,2026-01-01 00:00:00,2026-01-01,1,1,1,0,financial,1,person,4,financial_category
548513,5,644226,31536000,1464.26,,,,,,,q1_graph1,2026-01-01 00:00:00,2026-01-01,1,1,1,0,financial,1,person,4,financial_category
548513,5,473173,31536000,1129.58,,,,,,,q1_graph1,2026-01-01 00:00:00,2026-01-01,1,1,1,0,financial,1,person,4,financial_category
620120,5,548513,31536000,1057.83,,,,,,,q1_graph1,2026-01-01 00:00:00,2026-01-01,1,1,1,0,financial,4,financial_category,1,person
548513,5,621924,31536000,989.89,,,,,,,q1_graph1,2026-01-01 00:00:00,2026-01-01,1,1,1,0,financial,1,person,4,financial_category
599057,5,630626,31536000,11194.7,,,,,,,q1_graph1,2026-01-01 00:00:00,2026-01-01,1,1,1,0,financial,1,person,4,financial_category
599057,5,536346,31536000,937.43,,,,,,,q1_graph1,2026-01-01 00:00:00,2026-01-01,1,1,1,0,financial,1,person,4,financial_category
510031,5,599057,31536000,1282.76,,,,,,,q1_graph1,2026-01-01 00:00:00,2026-01-01,1,1,1,0,financial,4,financial_category,1,person
599057,5,520660,31536000,1584.35,,,,,,,q1_graph1,2026-01-01 00:00:00,2026-01-01,1,1,1,0,financial,1,person,4,financial_category
552988,5,599057,31536000,26766.3,,,,,,,q1_graph1,2026-01-01 00:00:00,2026-01-01,1,1,1,0,financial,4,financial_category,1,person
599057,5,567195,31536000,4545.13,,,,,,,q1_graph1,2026-01-01 00:00:00,2026-01-01,1,1,1,0,financial,1,person,4,financial_category
599057,5,527449,31536000,50.84,,,,,,,q1_graph1,2026-01-01 00:00:00,2026-01-01,1,1,1,0,financial,1,person,4,financial_category
599057,5,459381,31536000,1671.82,,,,,,,q1_graph1,2026-01-01 00:00:00,2026-01-01,1,1,1,0,financial,1,person,4,financial_category
599057,5,595298,31536000,151.14,,,,,,,q1_graph1,2026-01-01 00:00:00,2026-01-01,1,1,1,0,financial,1,person,4,financial_category
599057,5,466907,31536000,607.33,,,,,,,q1_graph1,2026-01-01 00:00:00,2026-01-01,1,1,1,0,financial,1,person,4,financial_category
599057,5,589943,31536000,2235.21,,,,,,,q1_graph1,2026-01-01 00:00:00,2026-01-01,1,1,1,0,financial,1,person,4,financial_category
599057,5,577992,31536000,121.9,,,,,,,q1_graph1,2026-01-01 00:00:00,2026-01-01,1,1,1,0,financial,1,person,4,financial_category
599057,5,523927,31536000,1013.67,,,,,,,q1_graph1,2026-01-01 00:00:00,2026-01-01,1,1,1,0,financial,1,person,4,financial_category
599057,5,595581,31536000,1123.79,,,,,,,q1_graph1,2026-01-01 00:00:00,2026-01-01,1,1,1,0,financial,1,person,4,financial_category
599057,5,616315,31536000,2716.78,,,,,,,q1_graph1,2026-01-01 00:00:00,2026-01-01,1,1,1,0,financial,1,person,4,financial_category
599057,5,503701,31536000,7222.34,,,,,,,q1_graph1,2026-01-01 00:00:00,2026-01-01,1,1,1,0,financial,1,person,4,financial_category
599057,5,644226,31536000,2032.53,,,,,,,q1_graph1,2026-01-01 00:00:00,2026-01-01,1,1,1,0,financial,1,person,4,financial_category
599057,5,632961,31536000,147.47,,,,,,,q1_graph1,2026-01-01 00:00:00,2026-01-01,1,1,1,0,financial,1,person,4,financial_category
599057,5,473173,31536000,5174.1,,,,,,,q1_graph1,2026-01-01 00:00:00,2026-01-01,1,1,1,0,financial,1,person,4,financial_category
620120,5,599057,31536000,2317.44,,,,,,,q1_graph1,2026-01-01 00:00:00,2026-01-01,1,1,1,0,financial,4,financial_category,1,person
599057,5,621924,31536000,3217.81,,,,,,,q1_graph1,2026-01-01 00:00:00,2026-01-01,1,1,1,0,financial,1,person,4,financial_category
552988,5,568093,31536000,10786.0,,,,,,,q1_graph1,2026-01-01 00:00:00,2026-01-01,1,1,1,0,financial,4,financial_category,1,person
568093,5,527449,31536000,423.63,,,,,,,q1_graph1,2026-01-01 00:00:00,2026-01-01,1,1,1,0,financial,1,person,4,financial_category
568093,5,459381,31536000,1351.29,,,,,,,q1_graph1,2026-01-01 00:00:00,2026-01-01,1,1,1,0,financial,1,person,4,financial_category
568093,5,595298,31536000,6929.54,,,,,,,q1_graph1,2026-01-01 00:00:00,2026-01-01,1,1,1,0,financial,1,person,4,financial_category
568093,5,466907,31536000,462.8,,,,,,,q1_graph1,2026-01-01 00:00:00,2026-01-01,1,1,1,0,financial,1,person,4,financial_category
568093,5,589943,31536000,2057.6,,,,,,,q1_graph1,2026-01-01 00:00:00,2026-01-01,1,1,1,0,financial,1,person,4,financial_category
568093,5,577992,31536000,5152.55,,,,,,,q1_graph1,2026-01-01 00:00:00,2026-01-01,1,1,1,0,financial,1,person,4,financial_category
568093,5,580426,31536000,276.35,,,,,,,q1_graph1,2026-01-01 00:00:00,2026-01-01,1,1,1,0,financial,1,person,4,financial_category
568093,5,595581,31536000,3047.35,,,,,,,q1_graph1,2026-01-01 00:00:00,2026-01-01,1,1,1,0,financial,1,person,4,financial_category
568093,5,616315,31536000,4470.49,,,,,,,q1_graph1,2026-01-01 00:00:00,2026-01-01,1,1,1,0,financial,1,person,4,financial_category
568093,5,503701,31536000,1230.07,,,,,,,q1_graph1,2026-01-01 00:00:00,2026-01-01,1,1,1,0,financial,1,person,4,financial_category
568093,5,632961,31536000,55.9,,,,,,,q1_graph1,2026-01-01 00:00:00,2026-01-01,1,1,1,0,financial,1,person,4,financial_category
568093,5,473173,31536000,1626.36,,,,,,,q1_graph1,2026-01-01 00:00:00,2026-01-01,1,1,1,0,financial,1,person,4,financial_category
568093,5,620120,31536000,2087.31,,,,,,,q1_graph1,2026-01-01 00:00:00,2026-01-01,1,1,1,0,financial,1,person,4,financial_category
568093,5,621924,31536000,1770.99,,,,,,,q1_graph1,2026-01-01 00:00:00,2026-01-01,1,1,1,0,financial,1,person,4,financial_category
510031,5,464459,31536000,453.32,,,,,,,q1_graph1,2026-01-01 00:00:00,2026-01-01,1,1,1,0,financial,4,financial_category,1,person
552988,5,464459,31536000,51492.7,,,,,,,q1_graph1,2026-01-01 00:00:00,2026-01-01,1,1,1,0,financial,4,financial_category,1,person
464459,5,567195,31536000,1167.72,,,,,,,q1_graph1,2026-01-01 00:00:00,2026-01-01,1,1,1,0,financial,1,person,4,financial_category
464459,5,527449,31536000,534.04,,,,,,,q1_graph1,2026-01-01 00:00:00,2026-01-01,1,1,1,0,financial,1,person,4,financial_category
464459,5,459381,31536000,1702.6,,,,,,,q1_graph1,2026-01-01 00:00:00,2026-01-01,1,1,1,0,financial,1,person,4,financial_category
464459,5,595298,31536000,2991.42,,,,,,,q1_graph1,2026-01-01 00:00:00,2026-01-01,1,1,1,0,financial,1,person,4,financial_category
464459,5,466907,31536000,1601.52,,,,,,,q1_graph1,2026-01-01 00:00:00,2026-01-01,1,1,1,0,financial,1,person,4,financial_category
464459,5,577992,31536000,3184.21,,,,,,,q1_graph1,2026-01-01 00:00:00,2026-01-01,1,1,1,0,financial,1,person,4,financial_category
464459,5,537281,31536000,1845.19,,,,,,,q1_graph1,2026-01-01 00:00:00,2026-01-01,1,1,1,0,financial,1,person,4,financial_category
464459,5,523927,31536000,1784.67,,,,,,,q1_graph1,2026-01-01 00:00:00,2026-01-01,1,1,1,0,financial,1,person,4,financial_category
464459,5,595581,31536000,4296.71,,,,,,,q1_graph1,2026-01-01 00:00:00,2026-01-01,1,1,1,0,financial,1,person,4,financial_category
464459,5,616315,31536000,3261.55,,,,,,,q1_graph1,2026-01-01 00:00:00,2026-01-01,1,1,1,0,financial,1,person,4,financial_category
464459,5,571970,31536000,763.63,,,,,,,q1_graph1,2026-01-01 00:00:00,2026-01-01,1,1,1,0,financial,1,person,4,financial_category
464459,5,632961,31536000,699.42,,,,,,,q1_graph1,2026-01-01 00:00:00,2026-01-01,1,1,1,0,financial,1,person,4,financial_category
464459,5,473173,31536000,1690.82,,,,,,,q1_graph1,2026-01-01 00:00:00,2026-01-01,1,1,1,0,financial,1,person,4,financial_category
620120,5,464459,31536000,3442.81,,,,,,,q1_graph1,2026-01-01 00:00:00,2026-01-01,1,1,1,0,financial,4,financial_category,1,person
464459,5,575030,31536000,6587.65,,,,,,,q1_graph1,2026-01-01 00:00:00,2026-01-01,1,1,1,0,financial,1,person,4,financial_category
464459,5,621924,31536000,5937.72,,,,,,,q1_graph1,2026-01-01 00:00:00,2026-01-01,1,1,1,0,financial,1,person,4,financial_category
635665,5,640784,31536000,197.19,,,,,,,q1_graph1,2026-01-01 00:00:00,2026-01-01,1,1,1,0,financial,1,person,4,financial_category
510031,5,635665,31536000,1388.78,,,,,,,q1_graph1,2026-01-01 00:00:00,2026-01-01,1,1,1,0,financial,4,financial_category,1,person
552988,5,635665,31536000,30019.9,,,,,,,q1_graph1,2026-01-01 00:00:00,2026-01-01,1,1,1,0,financial,4,financial_category,1,person
635665,5,567195,31536000,2739.08,,,,,,,q1_graph1,2026-01-01 00:00:00,2026-01-01,1,1,1,0,financial,1,person,4,financial_category
635665,5,527449,31536000,39.34,,,,,,,q1_graph1,2026-01-01 00:00:00,2026-01-01,1,1,1,0,financial,1,person,4,financial_category
635665,5,459381,31536000,1448.59,,,,,,,q1_graph1,2026-01-01 00:00:00,2026-01-01,1,1,1,0,financial,1,person,4,financial_category
635665,5,595298,31536000,4378.48,,,,,,,q1_graph1,2026-01-01 00:00:00,2026-01-01,1,1,1,0,financial,1,person,4,financial_category
635665,5,577992,31536000,3826.62,,,,,,,q1_graph1,2026-01-01 00:00:00,2026-01-01,1,1,1,0,financial,1,person,4,financial_category
635665,5,537281,31536000,377.01,,,,,,,q1_graph1,2026-01-01 00:00:00,2026-01-01,1,1,1,0,financial,1,person,4,financial_category
635665,5,580426,31536000,698.17,,,,,,,q1_graph1,2026-01-01 00:00:00,2026-01-01,1,1,1,0,financial,1,person,4,financial_category
635665,5,642329,31536000,1576.24,,,,,,,q1_graph1,2026-01-01 00:00:00,2026-01-01,1,1,1,0,financial,1,person,4,financial_category
635665,5,503701,31536000,5382.42,,,,,,,q1_graph1,2026-01-01 00:00:00,2026-01-01,1,1,1,0,financial,1,person,4,financial_category
635665,5,632961,31536000,896.83,,,,,,,q1_graph1,2026-01-01 00:00:00,2026-01-01,1,1,1,0,financial,1,person,4,financial_category
635665,5,473173,31536000,4052.61,,,,,,,q1_graph1,2026-01-01 00:00:00,2026-01-01,1,1,1,0,financial,1,person,4,financial_category
635665,5,620120,31536000,5472.26,,,,,,,q1_graph1,2026-01-01 00:00:00,2026-01-01,1,1,1,0,financial,1,person,4,financial_category
635665,5,575030,31536000,34041.9,,,,,,,q1_graph1,2026-01-01 00:00:00,2026-01-01,1,1,1,0,financial,1,person,4,financial_category
635665,5,621924,31536000,461.46,,,,,,,q1_graph1,2026-01-01 00:00:00,2026-01-01,1,1,1,0,financial,1,person,4,financial_category
510031,5,474199,31536000,556.31,,,,,,,q1_graph1,2026-01-01 00:00:00,2026-01-01,1,1,1,0,financial,4,financial_category,1,person
552988,5,474199,31536000,7508.97,,,,,,,q1_graph1,2026-01-01 00:00:00,2026-01-01,1,1,1,0,financial,4,financial_category,1,person
474199,5,567195,31536000,195.8,,,,,,,q1_graph1,2026-01-01 00:00:00,2026-01-01,1,1,1,0,financial,1,person,4,financial_category
474199,5,527449,31536000,619.57,,,,,,,q1_graph1,2026-01-01 00:00:00,2026-01-01,1,1,1,0,financial,1,person,4,financial_category
474199,5,459381,31536000,199.86,,,,,,,q1_graph1,2026-01-01 00:00:00,2026-01-01,1,1,1,0,financial,1,person,4,financial_category
474199,5,595298,31536000,900.45,,,,,,,q1_graph1,2026-01-01 00:00:00,2026-01-01,1,1,1,0,financial,1,person,4,financial_category
474199,5,589943,31536000,1383.94,,,,,,,q1_graph1,2026-01-01 00:00:00,2026-01-01,1,1,1,0,financial,1,person,4,financial_category
474199,5,577992,31536000,134.4,,,,,,,q1_graph1,2026-01-01 00:00:00,2026-01-01,1,1,1,0,financial,1,person,4,financial_category
474199,5,537281,31536000,101.17,,,,,,,q1_graph1,2026-01-01 00:00:00,2026-01-01,1,1,1,0,financial,1,person,4,financial_category
474199,5,580426,31536000,739.24,,,,,,,q1_graph1,2026-01-01 00:00:00,2026-01-01,1,1,1,0,financial,1,person,4,financial_category
474199,5,595581,31536000,314.86,,,,,,,q1_graph1,2026-01-01 00:00:00,2026-01-01,1,1,1,0,financial,1,person,4,financial_category
474199,5,642329,31536000,229.05,,,,,,,q1_graph1,2026-01-01 00:00:00,2026-01-01,1,1,1,0,financial,1,person,4,financial_category
474199,5,571970,31536000,134.02,,,,,,,q1_graph1,2026-01-01 00:00:00,2026-01-01,1,1,1,0,financial,1,person,4,financial_category
474199,5,473173,31536000,826.39,,,,,,,q1_graph1,2026-01-01 00:00:00,2026-01-01,1,1,1,0,financial,1,person,4,financial_category
620120,5,474199,31536000,500.51,,,,,,,q1_graph1,2026-01-01 00:00:00,2026-01-01,1,1,1,0,financial,4,financial_category,1,person
474199,5,575030,31536000,3106.61,,,,,,,q1_graph1,2026-01-01 00:00:00,2026-01-01,1,1,1,0,financial,1,person,4,financial_category
510031,5,475130,31536000,1288.3,,,,,,,q1_graph1,2026-01-01 00:00:00,2026-01-01,1,1,1,0,financial,4,financial_category,1,person
552988,5,475130,31536000,10098.5,,,,,,,q1_graph1,2026-01-01 00:00:00,2026-01-01,1,1,1,0,financial,4,financial_category,1,person
475130,5,527449,31536000,296.73,,,,,,,q1_graph1,2026-01-01 00:00:00,2026-01-01,1,1,1,0,financial,1,person,4,financial_category
475130,5,459381,31536000,464.59,,,,,,,q1_graph1,2026-01-01 00:00:00,2026-01-01,1,1,1,0,financial,1,person,4,financial_category
475130,5,595298,31536000,760.17,,,,,,,q1_graph1,2026-01-01 00:00:00,2026-01-01,1,1,1,0,financial,1,person,4,financial_category
475130,5,466907,31536000,750.34,,,,,,,q1_graph1,2026-01-01 00:00:00,2026-01-01,1,1,1,0,financial,1,person,4,financial_category
475130,5,589943,31536000,2085.7,,,,,,,q1_graph1,2026-01-01 00:00:00,2026-01-01,1,1,1,0,financial,1,person,4,financial_category
475130,5,577992,31536000,48.06,,,,,,,q1_graph1,2026-01-01 00:00:00,2026-01-01,1,1,1,0,financial,1,person,4,financial_category
475130,5,537281,31536000,227.9,,,,,,,q1_graph1,2026-01-01 00:00:00,2026-01-01,1,1,1,0,financial,1,person,4,financial_category
475130,5,523927,31536000,873.6,,,,,,,q1_graph1,2026-01-01 00:00:00,2026-01-01,1,1,1,0,financial,1,person,4,financial_category
475130,5,580426,31536000,606.11,,,,,,,q1_graph1,2026-01-01 00:00:00,2026-01-01,1,1,1,0,financial,1,person,4,financial_category
475130,5,595581,31536000,923.51,,,,,,,q1_graph1,2026-01-01 00:00:00,2026-01-01,1,1,1,0,financial,1,person,4,financial_category
475130,5,616315,31536000,691.64,,,,,,,q1_graph1,2026-01-01 00:00:00,2026-01-01,1,1,1,0,financial,1,person,4,financial_category
475130,5,642329,31536000,233.2,,,,,,,q1_graph1,2026-01-01 00:00:00,2026-01-01,1,1,1,0,financial,1,person,4,financial_category
475130,5,503701,31536000,1402.55,,,,,,,q1_graph1,2026-01-01 00:00:00,2026-01-01,1,1,1,0,financial,1,person,4,financial_category
475130,5,571970,31536000,32.31,,,,,,,q1_graph1,2026-01-01 00:00:00,2026-01-01,1,1,1,0,financial,1,person,4,financial_category
475130,5,632961,31536000,136.86,,,,,,,q1_graph1,2026-01-01 00:00:00,2026-01-01,1,1,1,0,financial,1,person,4,financial_category
475130,5,473173,31536000,1083.35,,,,,,,q1_graph1,2026-01-01 00:00:00,2026-01-01,1,1,1,0,financial,1,person,4,financial_category
475130,5,620120,31536000,598.5,,,,,,,q1_graph1,2026-01-01 00:00:00,2026-01-01,1,1,1,0,financial,1,person,4,financial_category
552988,5,596193,31536000,7055.78,,,,,,,q1_graph1,2026-01-01 00:00:00,2026-01-01,1,1,1,0,financial,4,financial_category,1,person
596193,5,527449,31536000,25.88,,,,,,,q1_graph1,2026-01-01 00:00:00,2026-01-01,1,1,1,0,financial,1,person,4,financial_category
596193,5,459381,31536000,498.56,,,,,,,q1_graph1,2026-01-01 00:00:00,2026-01-01,1,1,1,0,financial,1,person,4,financial_category
596193,5,595298,31536000,3494.46,,,,,,,q1_graph1,2026-01-01 00:00:00,2026-01-01,1,1,1,0,financial,1,person,4,financial_category
596193,5,466907,31536000,215.51,,,,,,,q1_graph1,2026-01-01 00:00:00,2026-01-01,1,1,1,0,financial,1,person,4,financial_category
596193,5,577992,31536000,5715.91,,,,,,,q1_graph1,2026-01-01 00:00:00,2026-01-01,1,1,1,0,financial,1,person,4,financial_category
596193,5,523927,31536000,80.41,,,,,,,q1_graph1,2026-01-01 00:00:00,2026-01-01,1,1,1,0,financial,1,person,4,financial_category
596193,5,580426,31536000,114.24,,,,,,,q1_graph1,2026-01-01 00:00:00,2026-01-01,1,1,1,0,financial,1,person,4,financial_category
596193,5,642329,31536000,762.62,,,,,,,q1_graph1,2026-01-01 00:00:00,2026-01-01,1,1,1,0,financial,1,person,4,financial_category
596193,5,503701,31536000,3200.76,,,,,,,q1_graph1,2026-01-01 00:00:00,2026-01-01,1,1,1,0,financial,1,person,4,financial_category
596193,5,571970,31536000,5.5,,,,,,,q1_graph1,2026-01-01 00:00:00,2026-01-01,1,1,1,0,financial,1,person,4,financial_category
596193,5,632961,31536000,505.63,,,,,,,q1_graph1,2026-01-01 00:00:00,2026-01-01,1,1,1,0,financial,1,person,4,financial_category
596193,5,473173,31536000,512.2,,,,,,,q1_graph1,2026-01-01 00:00:00,2026-01-01,1,1,1,0,financial,1,person,4,financial_category
596193,5,620120,31536000,1413.95,,,,,,,q1_graph1,2026-01-01 00:00:00,2026-01-01,1,1,1,0,financial,1,person,4,financial_category
596193,5,575030,31536000,740.74,,,,,,,q1_graph1,2026-01-01 00:00:00,2026-01-01,1,1,1,0,financial,1,person,4,financial_category
596193,5,621924,31536000,5373.2,,,,,,,q1_graph1,2026-01-01 00:00:00,2026-01-01,1,1,1,0,financial,1,person,4,financial_category
552988,5,576641,31536000,2326.88,,,,,,,q1_graph1,2026-01-01 00:00:00,2026-01-01,1,1,1,0,financial,4,financial_category,1,person
576641,5,567195,31536000,101.93,,,,,,,q1_graph1,2026-01-01 00:00:00,2026-01-01,1,1,1,0,financial,1,person,4,financial_category
576641,5,527449,31536000,57.7,,,,,,,q1_graph1,2026-01-01 00:00:00,2026-01-01,1,1,1,0,financial,1,person,4,financial_category
576641,5,459381,31536000,385.35,,,,,,,q1_graph1,2026-01-01 00:00:00,2026-01-01,1,1,1,0,financial,1,person,4,financial_category
576641,5,595298,31536000,1277.17,,,,,,,q1_graph1,2026-01-01 00:00:00,2026-01-01,1,1,1,0,financial,1,person,4,financial_category
576641,5,466907,31536000,607.0,,,,,,,q1_graph1,2026-01-01 00:00:00,2026-01-01,1,1,1,0,financial,1,person,4,financial_category
576641,5,589943,31536000,564.31,,,,,,,q1_graph1,2026-01-01 00:00:00,2026-01-01,1,1,1,0,financial,1,person,4,financial_category
576641,5,537281,31536000,276.28,,,,,,,q1_graph1,2026-01-01 00:00:00,2026-01-01,1,1,1,0,financial,1,person,4,financial_category
576641,5,523927,31536000,496.73,,,,,,,q1_graph1,2026-01-01 00:00:00,2026-01-01,1,1,1,0,financial,1,person,4,financial_category
576641,5,580426,31536000,480.73,,,,,,,q1_graph1,2026-01-01 00:00:00,2026-01-01,1,1,1,0,financial,1,person,4,financial_category
576641,5,595581,31536000,878.76,,,,,,,q1_graph1,2026-01-01 00:00:00,2026-01-01,1,1,1,0,financial,1,person,4,financial_category
576641,5,503701,31536000,1617.76,,,,,,,q1_graph1,2026-01-01 00:00:00,2026-01-01,1,1,1,0,financial,1,person,4,financial_category
576641,5,571970,31536000,62.22,,,,,,,q1_graph1,2026-01-01 00:00:00,2026-01-01,1,1,1,0,financial,1,person,4,financial_category
576641,5,473173,31536000,349.8,,,,,,,q1_graph1,2026-01-01 00:00:00,2026-01-01,1,1,1,0,financial,1,person,4,financial_category
576641,5,620120,31536000,532.92,,,,,,,q1_graph1,2026-01-01 00:00:00,2026-01-01,1,1,1,0,financial,1,person,4,financial_category
576641,5,575030,31536000,367.71,,,,,,,q1_graph1,2026-01-01 00:00:00,2026-01-01,1,1,1,0,financial,1,person,4,financial_category
550361,5,630626,31536000,2681.86,,,,,,,q1_graph1,2026-01-01 00:00:00,2026-01-01,1,1,1,0,financial,1,person,4,financial_category
550361,5,536346,31536000,1078.75,,,,,,,q1_graph1,2026-01-01 00:00:00,2026-01-01,1,1,1,0,financial,1,person,4,financial_category
552988,5,550361,31536000,12586.9,,,,,,,q1_graph1,2026-01-01 00:00:00,2026-01-01,1,1,1,0,financial,4,financial_category,1,person
550361,5,567195,31536000,2912.89,,,,,,,q1_graph1,2026-01-01 00:00:00,2026-01-01,1,1,1,0,financial,1,person,4,financial_category
550361,5,527449,31536000,114.69,,,,,,,q1_graph1,2026-01-01 00:00:00,2026-01-01,1,1,1,0,financial,1,person,4,financial_category
550361,5,459381,31536000,235.5,,,,,,,q1_graph1,2026-01-01 00:00:00,2026-01-01,1,1,1,0,financial,1,person,4,financial_category
550361,5,595298,31536000,1135.49,,,,,,,q1_graph1,2026-01-01 00:00:00,2026-01-01,1,1,1,0,financial,1,person,4,financial_category
550361,5,589943,31536000,2474.91,,,,,,,q1_graph1,2026-01-01 00:00:00,2026-01-01,1,1,1,0,financial,1,person,4,financial_category
550361,5,537281,31536000,489.54,,,,,,,q1_graph1,2026-01-01 00:00:00,2026-01-01,1,1,1,0,financial,1,person,4,financial_category
550361,5,523927,31536000,94.05,,,,,,,q1_graph1,2026-01-01 00:00:00,2026-01-01,1,1,1,0,financial,1,person,4,financial_category
550361,5,580426,31536000,382.99,,,,,,,q1_graph1,2026-01-01 00:00:00,2026-01-01,1,1,1,0,financial,1,person,4,financial_category
550361,5,595581,31536000,820.04,,,,,,,q1_graph1,2026-01-01 00:00:00,2026-01-01,1,1,1,0,financial,1,person,4,financial_category
550361,5,642329,31536000,201.32,,,,,,,q1_graph1,2026-01-01 00:00:00,2026-01-01,1,1,1,0,financial,1,person,4,financial_category
550361,5,503701,31536000,1870.79,,,,,,,q1_graph1,2026-01-01 00:00:00,2026-01-01,1,1,1,0,financial,1,person,4,financial_category
550361,5,571970,31536000,152.14,,,,,,,q1_graph1,2026-01-01 00:00:00,2026-01-01,1,1,1,0,financial,1,person,4,financial_category
550361,5,644226,31536000,1378.84,,,,,,,q1_graph1,2026-01-01 00:00:00,2026-01-01,1,1,1,0,financial,1,person,4,financial_category
550361,5,473173,31536000,333.88,,,,,,,q1_graph1,2026-01-01 00:00:00,2026-01-01,1,1,1,0,financial,1,person,4,financial_category
550361,5,620120,31536000,94.43,,,,,,,q1_graph1,2026-01-01 00:00:00,2026-01-01,1,1,1,0,financial,1,person,4,financial_category
550361,5,575030,31536000,3691.55,,,,,,,q1_graph1,2026-01-01 00:00:00,2026-01-01,1,1,1,0,financial,1,person,4,financial_category
550361,5,621924,31536000,626.0,,,,,,,q1_graph1,2026-01-01 00:00:00,2026-01-01,1,1,1,0,financial,1,person,4,financial_category
463777,5,630626,31536000,583.52,,,,,,,q1_graph1,2026-01-01 00:00:00,2026-01-01,1,1,1,0,financial,1,person,4,financial_category
463777,5,536346,31536000,763.66,,,,,,,q1_graph1,2026-01-01 00:00:00,2026-01-01,1,1,1,0,financial,1,person,4,financial_category
510031,5,463777,31536000,226.36,,,,,,,q1_graph1,2026-01-01 00:00:00,2026-01-01,1,1,1,0,financial,4,financial_category,1,person
463777,5,520660,31536000,1823.5,,,,,,,q1_graph1,2026-01-01 00:00:00,2026-01-01,1,1,1,0,financial,1,person,4,financial_category
552988,5,463777,31536000,7392.6,,,,,,,q1_graph1,2026-01-01 00:00:00,2026-01-01,1,1,1,0,financial,4,financial_category,1,person
463777,5,567195,31536000,851.71,,,,,,,q1_graph1,2026-01-01 00:00:00,2026-01-01,1,1,1,0,financial,1,person,4,financial_category
463777,5,527449,31536000,193.02,,,,,,,q1_graph1,2026-01-01 00:00:00,2026-01-01,1,1,1,0,financial,1,person,4,financial_category
463777,5,459381,31536000,436.8,,,,,,,q1_graph1,2026-01-01 00:00:00,2026-01-01,1,1,1,0,financial,1,person,4,financial_category
463777,5,595298,31536000,1409.48,,,,,,,q1_graph1,2026-01-01 00:00:00,2026-01-01,1,1,1,0,financial,1,person,4,financial_category
463777,5,466907,31536000,208.84,,,,,,,q1_graph1,2026-01-01 00:00:00,2026-01-01,1,1,1,0,financial,1,person,4,financial_category
463777,5,589943,31536000,427.55,,,,,,,q1_graph1,2026-01-01 00:00:00,2026-01-01,1,1,1,0,financial,1,person,4,financial_category
463777,5,577992,31536000,4864.11,,,,,,,q1_graph1,2026-01-01 00:00:00,2026-01-01,1,1,1,0,financial,1,person,4,financial_category
463777,5,537281,31536000,474.25,,,,,,,q1_graph1,2026-01-01 00:00:00,2026-01-01,1,1,1,0,financial,1,person,4,financial_category
463777,5,523927,31536000,1561.97,,,,,,,q1_graph1,2026-01-01 00:00:00,2026-01-01,1,1,1,0,financial,1,person,4,financial_category
463777,5,580426,31536000,316.86,,,,,,,q1_graph1,2026-01-01 00:00:00,2026-01-01,1,1,1,0,financial,1,person,4,financial_category
463777,5,595581,31536000,693.07,,,,,,,q1_graph1,2026-01-01 00:00:00,2026-01-01,1,1,1,0,financial,1,person,4,financial_category
463777,5,616315,31536000,1471.99,,,,,,,q1_graph1,2026-01-01 00:00:00,2026-01-01,1,1,1,0,financial,1,person,4,financial_category
463777,5,503701,31536000,1690.67,,,,,,,q1_graph1,2026-01-01 00:00:00,2026-01-01,1,1,1,0,financial,1,person,4,financial_category
463777,5,644226,31536000,205.66,,,,,,,q1_graph1,2026-01-01 00:00:00,2026-01-01,1,1,1,0,financial,1,person,4,financial_category
463777,5,632961,31536000,73.59,,,,,,,q1_graph1,2026-01-01 00:00:00,2026-01-01,1,1,1,0,financial,1,person,4,financial_category
463777,5,473173,31536000,522.83,,,,,,,q1_graph1,2026-01-01 00:00:00,2026-01-01,1,1,1,0,financial,1,person,4,financial_category
620120,5,463777,31536000,168.12,,,,,,,q1_graph1,2026-01-01 00:00:00,2026-01-01,1,1,1,0,financial,4,financial_category,1,person
463777,5,575030,31536000,2870.09,,,,,,,q1_graph1,2026-01-01 00:00:00,2026-01-01,1,1,1,0,financial,1,person,4,financial_category
463777,5,621924,31536000,4575.82,,,,,,,q1_graph1,2026-01-01 00:00:00,2026-01-01,1,1,1,0,financial,1,person,4,financial_category
654763,5,503218,31536000,566.76,,,,,,,q1_graph1,2026-01-01 00:00:00,2026-01-01,1,1,1,0,financial,1,person,4,financial_category
654763,5,630626,31536000,4412.63,,,,,,,q1_graph1,2026-01-01 00:00:00,2026-01-01,1,1,1,0,financial,1,person,4,financial_category
510031,5,654763,31536000,999.02,,,,,,,q1_graph1,2026-01-01 00:00:00,2026-01-01,1,1,1,0,financial,4,financial_category,1,person
552988,5,654763,31536000,22959.0,,,,,,,q1_graph1,2026-01-01 00:00:00,2026-01-01,1,1,1,0,financial,4,financial_category,1,person
654763,5,567195,31536000,1941.65,,,,,,,q1_graph1,2026-01-01 00:00:00,2026-01-01,1,1,1,0,financial,1,person,4,financial_category
654763,5,527449,31536000,399.58,,,,,,,q1_graph1,2026-01-01 00:00:00,2026-01-01,1,1,1,0,financial,1,person,4,financial_category
654763,5,459381,31536000,613.32,,,,,,,q1_graph1,2026-01-01 00:00:00,2026-01-01,1,1,1,0,financial,1,person,4,financial_category
654763,5,595298,31536000,3795.32,,,,,,,q1_graph1,2026-01-01 00:00:00,2026-01-01,1,1,1,0,financial,1,person,4,financial_category
654763,5,466907,31536000,511.93,,,,,,,q1_graph1,2026-01-01 00:00:00,2026-01-01,1,1,1,0,financial,1,person,4,financial_category
654763,5,589943,31536000,2217.83,,,,,,,q1_graph1,2026-01-01 00:00:00,2026-01-01,1,1,1,0,financial,1,person,4,financial_category
654763,5,537281,31536000,1069.28,,,,,,,q1_graph1,2026-01-01 00:00:00,2026-01-01,1,1,1,0,financial,1,person,4,financial_category
654763,5,580426,31536000,169.61,,,,,,,q1_graph1,2026-01-01 00:00:00,2026-01-01,1,1,1,0,financial,1,person,4,financial_category
654763,5,595581,31536000,1643.03,,,,,,,q1_graph1,2026-01-01 00:00:00,2026-01-01,1,1,1,0,financial,1,person,4,financial_category
654763,5,642329,31536000,50.58,,,,,,,q1_graph1,2026-01-01 00:00:00,2026-01-01,1,1,1,0,financial,1,person,4,financial_category
654763,5,503701,31536000,1933.55,,,,,,,q1_graph1,2026-01-01 00:00:00,2026-01-01,1,1,1,0,financial,1,person,4,financial_category
654763,5,632961,31536000,431.16,,,,,,,q1_graph1,2026-01-01 00:00:00,2026-01-01,1,1,1,0,financial,1,person,4,financial_category
654763,5,473173,31536000,81.33,,,,,,,q1_graph1,2026-01-01 00:00:00,2026-01-01,1,1,1,0,financial,1,person,4,financial_category
654763,5,620120,31536000,319.93,,,,,,,q1_graph1,2026-01-01 00:00:00,2026-01-01,1,1,1,0,financial,1,person,4,financial_category
654763,5,575030,31536000,568.9,,,,,,,q1_graph1,2026-01-01 00:00:00,2026-01-01,1,1,1,0,financial,1,person,4,financial_category
654763,5,621924,31536000,1537.07,,,,,,,q1_graph1,2026-01-01 00:00:00,2026-01-01,1,1,1,0,financial,1,person,4,financial_category
529922,5,630626,31536000,6042.72,,,,,,,q1_graph1,2026-01-01 00:00:00,2026-01-01,1,1,1,0,financial,1,person,4,financial_category
529922,5,536346,31536000,561.9,,,,,,,q1_graph1,2026-01-01 00:00:00,2026-01-01,1,1,1,0,financial,1,person,4,financial_category
529922,5,520660,31536000,1056.71,,,,,,,q1_graph1,2026-01-01 00:00:00,2026-01-01,1,1,1,0,financial,1,person,4,financial_category
552988,5,529922,31536000,47106.5,,,,,,,q1_graph1,2026-01-01 00:00:00,2026-01-01,1,1,1,0,financial,4,financial_category,1,person
529922,5,567195,31536000,889.15,,,,,,,q1_graph1,2026-01-01 00:00:00,2026-01-01,1,1,1,0,financial,1,person,4,financial_category
529922,5,527449,31536000,233.11,,,,,,,q1_graph1,2026-01-01 00:00:00,2026-01-01,1,1,1,0,financial,1,person,4,financial_category
529922,5,459381,31536000,388.16,,,,,,,q1_graph1,2026-01-01 00:00:00,2026-01-01,1,1,1,0,financial,1,person,4,financial_category
529922,5,595298,31536000,2032.07,,,,,,,q1_graph1,2026-01-01 00:00:00,2026-01-01,1,1,1,0,financial,1,person,4,financial_category
529922,5,466907,31536000,512.78,,,,,,,q1_graph1,2026-01-01 00:00:00,2026-01-01,1,1,1,0,financial,1,person,4,financial_category
529922,5,589943,31536000,3011.76,,,,,,,q1_graph1,2026-01-01 00:00:00,2026-01-01,1,1,1,0,financial,1,person,4,financial_category
529922,5,577992,31536000,920.72,,,,,,,q1_graph1,2026-01-01 00:00:00,2026-01-01,1,1,1,0,financial,1,person,4,financial_category
529922,5,523927,31536000,690.54,,,,,,,q1_graph1,2026-01-01 00:00:00,2026-01-01,1,1,1,0,financial,1,person,4,financial_category
529922,5,580426,31536000,481.91,,,,,,,q1_graph1,2026-01-01 00:00:00,2026-01-01,1,1,1,0,financial,1,person,4,financial_category
529922,5,595581,31536000,2047.56,,,,,,,q1_graph1,2026-01-01 00:00:00,2026-01-01,1,1,1,0,financial,1,person,4,financial_category
529922,5,616315,31536000,1647.79,,,,,,,q1_graph1,2026-01-01 00:00:00,2026-01-01,1,1,1,0,financial,1,person,4,financial_category
529922,5,642329,31536000,220.36,,,,,,,q1_graph1,2026-01-01 00:00:00,2026-01-01,1,1,1,0,financial,1,person,4,financial_category
529922,5,503701,31536000,3689.19,,,,,,,q1_graph1,2026-01-01 00:00:00,2026-01-01,1,1,1,0,financial,1,person,4,financial_category
529922,5,571970,31536000,119.01,,,,,,,q1_graph1,2026-01-01 00:00:00,2026-01-01,1,1,1,0,financial,1,person,4,financial_category
529922,5,644226,31536000,1072.89,,,,,,,q1_graph1,2026-01-01 00:00:00,2026-01-01,1,1,1,0,financial,1,person,4,financial_category
529922,5,632961,31536000,390.31,,,,,,,q1_graph1,2026-01-01 00:00:00,2026-01-01,1,1,1,0,financial,1,person,4,financial_category
529922,5,473173,31536000,1715.33,,,,,,,q1_graph1,2026-01-01 00:00:00,2026-01-01,1,1,1,0,financial,1,person,4,financial_category
529922,5,620120,31536000,7263.71,,,,,,,q1_graph1,2026-01-01 00:00:00,2026-01-01,1,1,1,0,financial,1,person,4,financial_category
529922,5,575030,31536000,9216.46,,,,,,,q1_graph1,2026-01-01 00:00:00,2026-01-01,1,1,1,0,financial,1,person,4,financial_category
529922,5,621924,31536000,1790.27,,,,,,,q1_graph1,2026-01-01 00:00:00,2026-01-01,1,1,1,0,financial,1,person,4,financial_category
599063,5,630626,31536000,2267.03,,,,,,,q1_graph1,2026-01-01 00:00:00,2026-01-01,1,1,1,0,financial,1,person,4,financial_category
599063,5,536346,31536000,1307.49,,,,,,,q1_graph1,2026-01-01 00:00:00,2026-01-01,1,1,1,0,financial,1,person,4,financial_category
510031,5,599063,31536000,75.86,,,,,,,q1_graph1,2026-01-01 00:00:00,2026-01-01,1,1,1,0,financial,4,financial_category,1,person
599063,5,520660,31536000,2061.29,,,,,,,q1_graph1,2026-01-01 00:00:00,2026-01-01,1,1,1,0,financial,1,person,4,financial_category
552988,5,599063,31536000,19798.9,,,,,,,q1_graph1,2026-01-01 00:00:00,2026-01-01,1,1,1,0,financial,4,financial_category,1,person
599063,5,567195,31536000,960.36,,,,,,,q1_graph1,2026-01-01 00:00:00,2026-01-01,1,1,1,0,financial,1,person,4,financial_category
599063,5,527449,31536000,54.66,,,,,,,q1_graph1,2026-01-01 00:00:00,2026-01-01,1,1,1,0,financial,1,person,4,financial_category
599063,5,459381,31536000,414.66,,,,,,,q1_graph1,2026-01-01 00:00:00,2026-01-01,1,1,1,0,financial,1,person,4,financial_category
599063,5,595298,31536000,2085.13,,,,,,,q1_graph1,2026-01-01 00:00:00,2026-01-01,1,1,1,0,financial,1,person,4,financial_category
599063,5,606730,31536000,1092.76,,,,,,,q1_graph1,2026-01-01 00:00:00,2026-01-01,1,1,1,0,financial,1,person,4,financial_category
599063,5,589943,31536000,1526.12,,,,,,,q1_graph1,2026-01-01 00:00:00,2026-01-01,1,1,1,0,financial,1,person,4,financial_category
599063,5,577992,31536000,554.65,,,,,,,q1_graph1,2026-01-01 00:00:00,2026-01-01,1,1,1,0,financial,1,person,4,financial_category
599063,5,523927,31536000,1346.45,,,,,,,q1_graph1,2026-01-01 00:00:00,2026-01-01,1,1,1,0,financial,1,person,4,financial_category
599063,5,616315,31536000,1443.58,,,,,,,q1_graph1,2026-01-01 00:00:00,2026-01-01,1,1,1,0,financial,1,person,4,financial_category
599063,5,642329,31536000,581.21,,,,,,,q1_graph1,2026-01-01 00:00:00,2026-01-01,1,1,1,0,financial,1,person,4,financial_category
599063,5,503701,31536000,3459.56,,,,,,,q1_graph1,2026-01-01 00:00:00,2026-01-01,1,1,1,0,financial,1,person,4,financial_category
599063,5,644226,31536000,2836.08,,,,,,,q1_graph1,2026-01-01 00:00:00,2026-01-01,1,1,1,0,financial,1,person,4,financial_category
599063,5,632961,31536000,507.66,,,,,,,q1_graph1,2026-01-01 00:00:00,2026-01-01,1,1,1,0,financial,1,person,4,financial_category
599063,5,473173,31536000,2708.54,,,,,,,q1_graph1,2026-01-01 00:00:00,2026-01-01,1,1,1,0,financial,1,person,4,financial_category
599063,5,620120,31536000,3118.43,,,,,,,q1_graph1,2026-01-01 00:00:00,2026-01-01,1,1,1,0,financial,1,person,4,financial_category
599063,5,621924,31536000,746.42,,,,,,,q1_graph1,2026-01-01 00:00:00,2026-01-01,1,1,1,0,financial,1,person,4,financial_category
622296,5,630626,31536000,5301.05,,,,,,,q1_graph1,2026-01-01 00:00:00,2026-01-01,1,1,1,0,financial,1,person,4,financial_category
622296,5,536346,31536000,942.41,,,,,,,q1_graph1,2026-01-01 00:00:00,2026-01-01,1,1,1,0,financial,1,person,4,financial_category
622296,5,520660,31536000,3331.5,,,,,,,q1_graph1,2026-01-01 00:00:00,2026-01-01,1,1,1,0,financial,1,person,4,financial_category
552988,5,622296,31536000,36123.4,,,,,,,q1_graph1,2026-01-01 00:00:00,2026-01-01,1,1,1,0,financial,4,financial_category,1,person
622296,5,567195,31536000,2796.56,,,,,,,q1_graph1,2026-01-01 00:00:00,2026-01-01,1,1,1,0,financial,1,person,4,financial_category
622296,5,527449,31536000,170.12,,,,,,,q1_graph1,2026-01-01 00:00:00,2026-01-01,1,1,1,0,financial,1,person,4,financial_category
622296,5,459381,31536000,667.4,,,,,,,q1_graph1,2026-01-01 00:00:00,2026-01-01,1,1,1,0,financial,1,person,4,financial_category
622296,5,595298,31536000,567.63,,,,,,,q1_graph1,2026-01-01 00:00:00,2026-01-01,1,1,1,0,financial,1,person,4,financial_category
622296,5,466907,31536000,554.54,,,,,,,q1_graph1,2026-01-01 00:00:00,2026-01-01,1,1,1,0,financial,1,person,4,financial_category
622296,5,589943,31536000,2927.57,,,,,,,q1_graph1,2026-01-01 00:00:00,2026-01-01,1,1,1,0,financial,1,person,4,financial_category
622296,5,577992,31536000,750.85,,,,,,,q1_graph1,2026-01-01 00:00:00,2026-01-01,1,1,1,0,financial,1,person,4,financial_category
622296,5,595581,31536000,2215.35,,,,,,,q1_graph1,2026-01-01 00:00:00,2026-01-01,1,1,1,0,financial,1,person,4,financial_category
622296,5,616315,31536000,1981.13,,,,,,,q1_graph1,2026-01-01 00:00:00,2026-01-01,1,1,1,0,financial,1,person,4,financial_category
622296,5,503701,31536000,2446.33,,,,,,,q1_graph1,2026-01-01 00:00:00,2026-01-01,1,1,1,0,financial,1,person,4,financial_category
622296,5,571970,31536000,164.15,,,,,,,q1_graph1,2026-01-01 00:00:00,2026-01-01,1,1,1,0,financial,1,person,4,financial_category
622296,5,644226,31536000,623.17,,,,,,,q1_graph1,2026-01-01 00:00:00,2026-01-01,1,1,1,0,financial,1,person,4,financial_category
622296,5,632961,31536000,229.1,,,,,,,q1_graph1,2026-01-01 00:00:00,2026-01-01,1,1,1,0,financial,1,person,4,financial_category
622296,5,473173,31536000,347.59,,,,,,,q1_graph1,2026-01-01 00:00:00,2026-01-01,1,1,1,0,financial,1,person,4,financial_category
622296,5,620120,31536000,4579.47,,,,,,,q1_graph1,2026-01-01 00:00:00,2026-01-01,1,1,1,0,financial,1,person,4,financial_category
622296,5,575030,31536000,965.86,,,,,,,q1_graph1,2026-01-01 00:00:00,2026-01-01,1,1,1,0,financial,1,person,4,financial_category
622296,5,621924,31536000,19.92,,,,,,,q1_graph1,2026-01-01 00:00:00,2026-01-01,1,1,1,0,financial,1,person,4,financial_category
512397,5,640784,31536000,1119.13,,,,,,,q1_graph1,2026-01-01 00:00:00,2026-01-01,1,1,1,0,financial,1,person,4,financial_category
512397,5,630626,31536000,6106.78,,,,,,,q1_graph1,2026-01-01 00:00:00,2026-01-01,1,1,1,0,financial,1,person,4,financial_category
512397,5,536346,31536000,881.23,,,,,,,q1_graph1,2026-01-01 00:00:00,2026-01-01,1,1,1,0,financial,1,person,4,financial_category
512397,5,520660,31536000,4200.84,,,,,,,q1_graph1,2026-01-01 00:00:00,2026-01-01,1,1,1,0,financial,1,person,4,financial_category
552988,5,512397,31536000,32518.9,,,,,,,q1_graph1,2026-01-01 00:00:00,2026-01-01,1,1,1,0,financial,4,financial_category,1,person
512397,5,567195,31536000,4880.51,,,,,,,q1_graph1,2026-01-01 00:00:00,2026-01-01,1,1,1,0,financial,1,person,4,financial_category
512397,5,527449,31536000,343.32,,,,,,,q1_graph1,2026-01-01 00:00:00,2026-01-01,1,1,1,0,financial,1,person,4,financial_category
512397,5,459381,31536000,993.54,,,,,,,q1_graph1,2026-01-01 00:00:00,2026-01-01,1,1,1,0,financial,1,person,4,financial_category
512397,5,595298,31536000,2840.81,,,,,,,q1_graph1,2026-01-01 00:00:00,2026-01-01,1,1,1,0,financial,1,person,4,financial_category
512397,5,466907,31536000,711.5,,,,,,,q1_graph1,2026-01-01 00:00:00,2026-01-01,1,1,1,0,financial,1,person,4,financial_category
512397,5,606730,31536000,1254.79,,,,,,,q1_graph1,2026-01-01 00:00:00,2026-01-01,1,1,1,0,financial,1,person,4,financial_category
512397,5,577992,31536000,739.49,,,,,,,q1_graph1,2026-01-01 00:00:00,2026-01-01,1,1,1,0,financial,1,person,4,financial_category
512397,5,537281,31536000,732.21,,,,,,,q1_graph1,2026-01-01 00:00:00,2026-01-01,1,1,1,0,financial,1,person,4,financial_category
512397,5,523927,31536000,3252.44,,,,,,,q1_graph1,2026-01-01 00:00:00,2026-01-01,1,1,1,0,financial,1,person,4,financial_category
512397,5,595581,31536000,6308.05,,,,,,,q1_graph1,2026-01-01 00:00:00,2026-01-01,1,1,1,0,financial,1,person,4,financial_category
512397,5,616315,31536000,321.43,,,,,,,q1_graph1,2026-01-01 00:00:00,2026-01-01,1,1,1,0,financial,1,person,4,financial_category
512397,5,642329,31536000,1180.66,,,,,,,q1_graph1,2026-01-01 00:00:00,2026-01-01,1,1,1,0,financial,1,person,4,financial_category
512397,5,571970,31536000,22.79,,,,,,,q1_graph1,2026-01-01 00:00:00,2026-01-01,1,1,1,0,financial,1,person,4,financial_category
512397,5,644226,31536000,1984.33,,,,,,,q1_graph1,2026-01-01 00:00:00,2026-01-01,1,1,1,0,financial,1,person,4,financial_category
512397,5,632961,31536000,913.17,,,,,,,q1_graph1,2026-01-01 00:00:00,2026-01-01,1,1,1,0,financial,1,person,4,financial_category
512397,5,473173,31536000,4962.24,,,,,,,q1_graph1,2026-01-01 00:00:00,2026-01-01,1,1,1,0,financial,1,person,4,financial_category
512397,5,620120,31536000,4388.86,,,,,,,q1_graph1,2026-01-01 00:00:00,2026-01-01,1,1,1,0,financial,1,person,4,financial_category
512397,5,575030,31536000,11068.6,,,,,,,q1_graph1,2026-01-01 00:00:00,2026-01-01,1,1,1,0,financial,1,person,4,financial_category
512397,5,621924,31536000,2487.82,,,,,,,q1_graph1,2026-01-01 00:00:00,2026-01-01,1,1,1,0,financial,1,person,4,financial_category
493044,5,630626,31536000,5087.5,,,,,,,q1_graph1,2026-01-01 00:00:00,2026-01-01,1,1,1,0,financial,1,person,4,financial_category
493044,5,536346,31536000,1472.52,,,,,,,q1_graph1,2026-01-01 00:00:00,2026-01-01,1,1,1,0,financial,1,person,4,financial_category
493044,5,520660,31536000,822.4,,,,,,,q1_graph1,2026-01-01 00:00:00,2026-01-01,1,1,1,0,financial,1,person,4,financial_category
552988,5,493044,31536000,18919.4,,,,,,,q1_graph1,2026-01-01 00:00:00,2026-01-01,1,1,1,0,financial,4,financial_category,1,person
493044,5,567195,31536000,1684.01,,,,,,,q1_graph1,2026-01-01 00:00:00,2026-01-01,1,1,1,0,financial,1,person,4,financial_category
493044,5,527449,31536000,377.6,,,,,,,q1_graph1,2026-01-01 00:00:00,2026-01-01,1,1,1,0,financial,1,person,4,financial_category
493044,5,459381,31536000,224.81,,,,,,,q1_graph1,2026-01-01 00:00:00,2026-01-01,1,1,1,0,financial,1,person,4,financial_category
493044,5,595298,31536000,1684.21,,,,,,,q1_graph1,2026-01-01 00:00:00,2026-01-01,1,1,1,0,financial,1,person,4,financial_category
493044,5,466907,31536000,658.91,,,,,,,q1_graph1,2026-01-01 00:00:00,2026-01-01,1,1,1,0,financial,1,person,4,financial_category
493044,5,537281,31536000,1094.45,,,,,,,q1_graph1,2026-01-01 00:00:00,2026-01-01,1,1,1,0,financial,1,person,4,financial_category
493044,5,523927,31536000,75.77,,,,,,,q1_graph1,2026-01-01 00:00:00,2026-01-01,1,1,1,0,financial,1,person,4,financial_category
493044,5,580426,31536000,130.79,,,,,,,q1_graph1,2026-01-01 00:00:00,2026-01-01,1,1,1,0,financial,1,person,4,financial_category
493044,5,595581,31536000,1412.76,,,,,,,q1_graph1,2026-01-01 00:00:00,2026-01-01,1,1,1,0,financial,1,person,4,financial_category
493044,5,642329,31536000,125.63,,,,,,,q1_graph1,2026-01-01 00:00:00,2026-01-01,1,1,1,0,financial,1,person,4,financial_category
493044,5,503701,31536000,2554.09,,,,,,,q1_graph1,2026-01-01 00:00:00,2026-01-01,1,1,1,0,financial,1,person,4,financial_category
493044,5,644226,31536000,1702.58,,,,,,,q1_graph1,2026-01-01 00:00:00,2026-01-01,1,1,1,0,financial,1,person,4,financial_category
493044,5,632961,31536000,45.08,,,,,,,q1_graph1,2026-01-01 00:00:00,2026-01-01,1,1,1,0,financial,1,person,4,financial_category
493044,5,473173,31536000,1858.42,,,,,,,q1_graph1,2026-01-01 00:00:00,2026-01-01,1,1,1,0,financial,1,person,4,financial_category
493044,5,620120,31536000,774.25,,,,,,,q1_graph1,2026-01-01 00:00:00,2026-01-01,1,1,1,0,financial,1,person,4,financial_category
493044,5,575030,31536000,7441.46,,,,,,,q1_graph1,2026-01-01 00:00:00,2026-01-01,1,1,1,0,financial,1,person,4,financial_category
493044,5,621924,31536000,1167.94,,,,,,,q1_graph1,2026-01-01 00:00:00,2026-01-01,1,1,1,0,financial,1,person,4,financial_category
552988,5,592414,31536000,49976.2,,,,,,,q1_graph1,2026-01-01 00:00:00,2026-01-01,1,1,1,0,financial,4,financial_category,1,person
592414,5,567195,31536000,5063.82,,,,,,,q1_graph1,2026-01-01 00:00:00,2026-01-01,1,1,1,0,financial,1,person,4,financial_category
592414,5,527449,31536000,576.89,,,,,,,q1_graph1,2026-01-01 00:00:00,2026-01-01,1,1,1,0,financial,1,person,4,financial_category
592414,5,459381,31536000,1265.29,,,,,,,q1_graph1,2026-01-01 00:00:00,2026-01-01,1,1,1,0,financial,1,person,4,financial_category
592414,5,595298,31536000,3137.79,,,,,,,q1_graph1,2026-01-01 00:00:00,2026-01-01,1,1,1,0,financial,1,person,4,financial_category
592414,5,466907,31536000,1107.68,,,,,,,q1_graph1,2026-01-01 00:00:00,2026-01-01,1,1,1,0,financial,1,person,4,financial_category
592414,5,589943,31536000,5302.38,,,,,,,q1_graph1,2026-01-01 00:00:00,2026-01-01,1,1,1,0,financial,1,person,4,financial_category
592414,5,577992,31536000,1441.09,,,,,,,q1_graph1,2026-01-01 00:00:00,2026-01-01,1,1,1,0,financial,1,person,4,financial_category
592414,5,537281,31536000,720.36,,,,,,,q1_graph1,2026-01-01 00:00:00,2026-01-01,1,1,1,0,financial,1,person,4,financial_category
592414,5,523927,31536000,4573.48,,,,,,,q1_graph1,2026-01-01 00:00:00,2026-01-01,1,1,1,0,financial,1,person,4,financial_category
592414,5,580426,31536000,483.1,,,,,,,q1_graph1,2026-01-01 00:00:00,2026-01-01,1,1,1,0,financial,1,person,4,financial_category
592414,5,595581,31536000,2658.66,,,,,,,q1_graph1,2026-01-01 00:00:00,2026-01-01,1,1,1,0,financial,1,person,4,financial_category
592414,5,616315,31536000,3429.01,,,,,,,q1_graph1,2026-01-01 00:00:00,2026-01-01,1,1,1,0,financial,1,person,4,financial_category
592414,5,642329,31536000,1882.53,,,,,,,q1_graph1,2026-01-01 00:00:00,2026-01-01,1,1,1,0,financial,1,person,4,financial_category
592414,5,503701,31536000,2522.31,,,,,,,q1_graph1,2026-01-01 00:00:00,2026-01-01,1,1,1,0,financial,1,person,4,financial_category
592414,5,571970,31536000,243.81,,,,,,,q1_graph1,2026-01-01 00:00:00,2026-01-01,1,1,1,0,financial,1,person,4,financial_category
592414,5,473173,31536000,725.17,,,,,,,q1_graph1,2026-01-01 00:00:00,2026-01-01,1,1,1,0,financial,1,person,4,financial_category
620120,5,592414,31536000,5471.99,,,,,,,q1_graph1,2026-01-01 00:00:00,2026-01-01,1,1,1,0,financial,4,financial_category,1,person
510031,5,575704,31536000,596.72,,,,,,,q1_graph1,2026-01-01 00:00:00,2026-01-01,1,1,1,0,financial,4,financial_category,1,person
552988,5,575704,31536000,31934.9,,,,,,,q1_graph1,2026-01-01 00:00:00,2026-01-01,1,1,1,0,financial,4,financial_category,1,person
575704,5,527449,31536000,749.74,,,,,,,q1_graph1,2026-01-01 00:00:00,2026-01-01,1,1,1,0,financial,1,person,4,financial_category
575704,5,459381,31536000,2391.69,,,,,,,q1_graph1,2026-01-01 00:00:00,2026-01-01,1,1,1,0,financial,1,person,4,financial_category
575704,5,595298,31536000,4273.66,,,,,,,q1_graph1,2026-01-01 00:00:00,2026-01-01,1,1,1,0,financial,1,person,4,financial_category
575704,5,606730,31536000,196.03,,,,,,,q1_graph1,2026-01-01 00:00:00,2026-01-01,1,1,1,0,financial,1,person,4,financial_category
575704,5,589943,31536000,9784.56,,,,,,,q1_graph1,2026-01-01 00:00:00,2026-01-01,1,1,1,0,financial,1,person,4,financial_category
575704,5,537281,31536000,1557.66,,,,,,,q1_graph1,2026-01-01 00:00:00,2026-01-01,1,1,1,0,financial,1,person,4,financial_category
575704,5,523927,31536000,1911.13,,,,,,,q1_graph1,2026-01-01 00:00:00,2026-01-01,1,1,1,0,financial,1,person,4,financial_category
575704,5,580426,31536000,693.04,,,,,,,q1_graph1,2026-01-01 00:00:00,2026-01-01,1,1,1,0,financial,1,person,4,financial_category
575704,5,595581,31536000,4613.15,,,,,,,q1_graph1,2026-01-01 00:00:00,2026-01-01,1,1,1,0,financial,1,person,4,financial_category
575704,5,503701,31536000,2660.68,,,,,,,q1_graph1,2026-01-01 00:00:00,2026-01-01,1,1,1,0,financial,1,person,4,financial_category
575704,5,632961,31536000,849.79,,,,,,,q1_graph1,2026-01-01 00:00:00,2026-01-01,1,1,1,0,financial,1,person,4,financial_category
575704,5,473173,31536000,3479.68,,,,,,,q1_graph1,2026-01-01 00:00:00,2026-01-01,1,1,1,0,financial,1,person,4,financial_category
575704,5,620120,31536000,2255.94,,,,,,,q1_graph1,2026-01-01 00:00:00,2026-01-01,1,1,1,0,financial,1,person,4,financial_category
510031,5,654981,31536000,304.79,,,,,,,q1_graph1,2026-01-01 00:00:00,2026-01-01,1,1,1,0,financial,4,financial_category,1,person
552988,5,654981,31536000,10753.8,,,,,,,q1_graph1,2026-01-01 00:00:00,2026-01-01,1,1,1,0,financial,4,financial_category,1,person
654981,5,567195,31536000,1787.56,,,,,,,q1_graph1,2026-01-01 00:00:00,2026-01-01,1,1,1,0,financial,1,person,4,financial_category
654981,5,527449,31536000,558.05,,,,,,,q1_graph1,2026-01-01 00:00:00,2026-01-01,1,1,1,0,financial,1,person,4,financial_category
654981,5,459381,31536000,1805.45,,,,,,,q1_graph1,2026-01-01 00:00:00,2026-01-01,1,1,1,0,financial,1,person,4,financial_category
654981,5,595298,31536000,1269.47,,,,,,,q1_graph1,2026-01-01 00:00:00,2026-01-01,1,1,1,0,financial,1,person,4,financial_category
654981,5,466907,31536000,655.88,,,,,,,q1_graph1,2026-01-01 00:00:00,2026-01-01,1,1,1,0,financial,1,person,4,financial_category
654981,5,577992,31536000,5306.54,,,,,,,q1_graph1,2026-01-01 00:00:00,2026-01-01,1,1,1,0,financial,1,person,4,financial_category
654981,5,537281,31536000,244.2,,,,,,,q1_graph1,2026-01-01 00:00:00,2026-01-01,1,1,1,0,financial,1,person,4,financial_category
654981,5,523927,31536000,2434.08,,,,,,,q1_graph1,2026-01-01 00:00:00,2026-01-01,1,1,1,0,financial,1,person,4,financial_category
654981,5,580426,31536000,386.83,,,,,,,q1_graph1,2026-01-01 00:00:00,2026-01-01,1,1,1,0,financial,1,person,4,financial_category
654981,5,595581,31536000,986.55,,,,,,,q1_graph1,2026-01-01 00:00:00,2026-01-01,1,1,1,0,financial,1,person,4,financial_category
654981,5,503701,31536000,586.73,,,,,,,q1_graph1,2026-01-01 00:00:00,2026-01-01,1,1,1,0,financial,1,person,4,financial_category
654981,5,571970,31536000,499.85,,,,,,,q1_graph1,2026-01-01 00:00:00,2026-01-01,1,1,1,0,financial,1,person,4,financial_category
654981,5,632961,31536000,620.87,,,,,,,q1_graph1,2026-01-01 00:00:00,2026-01-01,1,1,1,0,financial,1,person,4,financial_category
654981,5,473173,31536000,732.43,,,,,,,q1_graph1,2026-01-01 00:00:00,2026-01-01,1,1,1,0,financial,1,person,4,financial_category
654981,5,620120,31536000,2151.07,,,,,,,q1_graph1,2026-01-01 00:00:00,2026-01-01,1,1,1,0,financial,1,person,4,financial_category
510031,5,575859,31536000,1267.83,,,,,,,q1_graph1,2026-01-01 00:00:00,2026-01-01,1,1,1,0,financial,4,financial_category,1,person
552988,5,575859,31536000,3304.77,,,,,,,q1_graph1,2026-01-01 00:00:00,2026-01-01,1,1,1,0,financial,4,financial_category,1,person
575859,5,567195,31536000,477.89,,,,,,,q1_graph1,2026-01-01 00:00:00,2026-01-01,1,1,1,0,financial,1,person,4,financial_category
575859,5,527449,31536000,132.1,,,,,,,q1_graph1,2026-01-01 00:00:00,2026-01-01,1,1,1,0,financial,1,person,4,financial_category
575859,5,459381,31536000,766.88,,,,,,,q1_graph1,2026-01-01 00:00:00,2026-01-01,1,1,1,0,financial,1,person,4,financial_category
575859,5,595298,31536000,366.2,,,,,,,q1_graph1,2026-01-01 00:00:00,2026-01-01,1,1,1,0,financial,1,person,4,financial_category
575859,5,589943,31536000,1168.58,,,,,,,q1_graph1,2026-01-01 00:00:00,2026-01-01,1,1,1,0,financial,1,person,4,financial_category
575859,5,537281,31536000,2274.47,,,,,,,q1_graph1,2026-01-01 00:00:00,2026-01-01,1,1,1,0,financial,1,person,4,financial_category
575859,5,523927,31536000,976.38,,,,,,,q1_graph1,2026-01-01 00:00:00,2026-01-01,1,1,1,0,financial,1,person,4,financial_category
575859,5,580426,31536000,779.37,,,,,,,q1_graph1,2026-01-01 00:00:00,2026-01-01,1,1,1,0,financial,1,person,4,financial_category
575859,5,595581,31536000,2474.64,,,,,,,q1_graph1,2026-01-01 00:00:00,2026-01-01,1,1,1,0,financial,1,person,4,financial_category
575859,5,503701,31536000,183.4,,,,,,,q1_graph1,2026-01-01 00:00:00,2026-01-01,1,1,1,0,financial,1,person,4,financial_category
575859,5,473173,31536000,440.95,,,,,,,q1_graph1,2026-01-01 00:00:00,2026-01-01,1,1,1,0,financial,1,person,4,financial_category
575859,5,620120,31536000,1543.6,,,,,,,q1_graph1,2026-01-01 00:00:00,2026-01-01,1,1,1,0,financial,1,person,4,financial_category
575859,5,575030,31536000,9070.65,,,,,,,q1_graph1,2026-01-01 00:00:00,2026-01-01,1,1,1,0,financial,1,person,4,financial_category
575859,5,621924,31536000,1296.75,,,,,,,q1_graph1,2026-01-01 00:00:00,2026-01-01,1,1,1,0,financial,1,person,4,financial_category
510031,5,640464,31536000,1163.1,,,,,,,q1_graph1,2026-01-01 00:00:00,2026-01-01,1,1,1,0,financial,4,financial_category,1,person
552988,5,640464,31536000,6292.61,,,,,,,q1_graph1,2026-01-01 00:00:00,2026-01-01,1,1,1,0,financial,4,financial_category,1,person
640464,5,567195,31536000,3406.61,,,,,,,q1_graph1,2026-01-01 00:00:00,2026-01-01,1,1,1,0,financial,1,person,4,financial_category
640464,5,527449,31536000,493.08,,,,,,,q1_graph1,2026-01-01 00:00:00,2026-01-01,1,1,1,0,financial,1,person,4,financial_category
640464,5,459381,31536000,2318.11,,,,,,,q1_graph1,2026-01-01 00:00:00,2026-01-01,1,1,1,0,financial,1,person,4,financial_category
640464,5,595298,31536000,5720.56,,,,,,,q1_graph1,2026-01-01 00:00:00,2026-01-01,1,1,1,0,financial,1,person,4,financial_category
640464,5,466907,31536000,1136.42,,,,,,,q1_graph1,2026-01-01 00:00:00,2026-01-01,1,1,1,0,financial,1,person,4,financial_category
640464,5,589943,31536000,162.29,,,,,,,q1_graph1,2026-01-01 00:00:00,2026-01-01,1,1,1,0,financial,1,person,4,financial_category
640464,5,577992,31536000,7905.27,,,,,,,q1_graph1,2026-01-01 00:00:00,2026-01-01,1,1,1,0,financial,1,person,4,financial_category
640464,5,537281,31536000,20.21,,,,,,,q1_graph1,2026-01-01 00:00:00,2026-01-01,1,1,1,0,financial,1,person,4,financial_category
640464,5,523927,31536000,899.28,,,,,,,q1_graph1,2026-01-01 00:00:00,2026-01-01,1,1,1,0,financial,1,person,4,financial_category
640464,5,580426,31536000,129.52,,,,,,,q1_graph1,2026-01-01 00:00:00,2026-01-01,1,1,1,0,financial,1,person,4,financial_category
640464,5,595581,31536000,1315.33,,,,,,,q1_graph1,2026-01-01 00:00:00,2026-01-01,1,1,1,0,financial,1,person,4,financial_category
640464,5,616315,31536000,4161.23,,,,,,,q1_graph1,2026-01-01 00:00:00,2026-01-01,1,1,1,0,financial,1,person,4,financial_category
640464,5,571970,31536000,426.58,,,,,,,q1_graph1,2026-01-01 00:00:00,2026-01-01,1,1,1,0,financial,1,person,4,financial_category
640464,5,632961,31536000,422.5,,,,,,,q1_graph1,2026-01-01 00:00:00,2026-01-01,1,1,1,0,financial,1,person,4,financial_category
640464,5,473173,31536000,1259.0,,,,,,,q1_graph1,2026-01-01 00:00:00,2026-01-01,1,1,1,0,financial,1,person,4,financial_category
620120,5,640464,31536000,1089.87,,,,,,,q1_graph1,2026-01-01 00:00:00,2026-01-01,1,1,1,0,financial,4,financial_category,1,person
640464,5,621924,31536000,3780.69,,,,,,,q1_graph1,2026-01-01 00:00:00,2026-01-01,1,1,1,0,financial,1,person,4,financial_category
505722,5,503218,31536000,4118.47,,,,,,,q1_graph1,2026-01-01 00:00:00,2026-01-01,1,1,1,0,financial,1,person,4,financial_category
505722,5,630626,31536000,34840.3,,,,,,,q1_graph1,2026-01-01 00:00:00,2026-01-01,1,1,1,0,financial,1,person,4,financial_category
510031,5,505722,31536000,7190.11,,,,,,,q1_graph1,2026-01-01 00:00:00,2026-01-01,1,1,1,0,financial,4,financial_category,1,person
552988,5,505722,31536000,900735.0,,,,,,,q1_graph1,2026-01-01 00:00:00,2026-01-01,1,1,1,0,financial,4,financial_category,1,person
505722,5,567195,31536000,62750.4,,,,,,,q1_graph1,2026-01-01 00:00:00,2026-01-01,1,1,1,0,financial,1,person,4,financial_category
505722,5,527449,31536000,238.75,,,,,,,q1_graph1,2026-01-01 00:00:00,2026-01-01,1,1,1,0,financial,1,person,4,financial_category
505722,5,459381,31536000,1721.87,,,,,,,q1_graph1,2026-01-01 00:00:00,2026-01-01,1,1,1,0,financial,1,person,4,financial_category
505722,5,595298,31536000,6060.91,,,,,,,q1_graph1,2026-01-01 00:00:00,2026-01-01,1,1,1,0,financial,1,person,4,financial_category
505722,5,466907,31536000,4593.29,,,,,,,q1_graph1,2026-01-01 00:00:00,2026-01-01,1,1,1,0,financial,1,person,4,financial_category
505722,5,589943,31536000,20056.8,,,,,,,q1_graph1,2026-01-01 00:00:00,2026-01-01,1,1,1,0,financial,1,person,4,financial_category
505722,5,537281,31536000,1137.66,,,,,,,q1_graph1,2026-01-01 00:00:00,2026-01-01,1,1,1,0,financial,1,person,4,financial_category
505722,5,580426,31536000,3425.98,,,,,,,q1_graph1,2026-01-01 00:00:00,2026-01-01,1,1,1,0,financial,1,person,4,financial_category
505722,5,595581,31536000,11587.2,,,,,,,q1_graph1,2026-01-01 00:00:00,2026-01-01,1,1,1,0,financial,1,person,4,financial_category
505722,5,616315,31536000,14641.3,,,,,,,q1_graph1,2026-01-01 00:00:00,2026-01-01,1,1,1,0,financial,1,person,4,financial_category
505722,5,642329,31536000,11493.8,,,,,,,q1_graph1,2026-01-01 00:00:00,2026-01-01,1,1,1,0,financial,1,person,4,financial_category
505722,5,503701,31536000,12163.6,,,,,,,q1_graph1,2026-01-01 00:00:00,2026-01-01,1,1,1,0,financial,1,person,4,financial_category
505722,5,473173,31536000,8086.96,,,,,,,q1_graph1,2026-01-01 00:00:00,2026-01-01,1,1,1,0,financial,1,person,4,financial_category
505722,5,620120,31536000,9231.82,,,,,,,q1_graph1,2026-01-01 00:00:00,2026-01-01,1,1,1,0,financial,1,person,4,financial_category
505722,5,621924,31536000,9236.96,,,,,,,q1_graph1,2026-01-01 00:00:00,2026-01-01,1,1,1,0,financial,1,person,4,financial_category
517273,5,630626,31536000,18476.7,,,,,,,q1_graph1,2026-01-01 00:00:00,2026-01-01,1,1,1,0,financial,1,person,4,financial_category
510031,5,517273,31536000,3161.42,,,,,,,q1_graph1,2026-01-01 00:00:00,2026-01-01,1,1,1,0,financial,4,financial_category,1,person
552988,5,517273,31536000,121149.0,,,,,,,q1_graph1,2026-01-01 00:00:00,2026-01-01,1,1,1,0,financial,4,financial_category,1,person
517273,5,527449,31536000,461.18,,,,,,,q1_graph1,2026-01-01 00:00:00,2026-01-01,1,1,1,0,financial,1,person,4,financial_category
517273,5,459381,31536000,1589.03,,,,,,,q1_graph1,2026-01-01 00:00:00,2026-01-01,1,1,1,0,financial,1,person,4,financial_category
517273,5,595298,31536000,18128.6,,,,,,,q1_graph1,2026-01-01 00:00:00,2026-01-01,1,1,1,0,financial,1,person,4,financial_category
517273,5,466907,31536000,3709.53,,,,,,,q1_graph1,2026-01-01 00:00:00,2026-01-01,1,1,1,0,financial,1,person,4,financial_category
517273,5,589943,31536000,6858.84,,,,,,,q1_graph1,2026-01-01 00:00:00,2026-01-01,1,1,1,0,financial,1,person,4,financial_category
517273,5,577992,31536000,8669.64,,,,,,,q1_graph1,2026-01-01 00:00:00,2026-01-01,1,1,1,0,financial,1,person,4,financial_category
517273,5,523927,31536000,1775.55,,,,,,,q1_graph1,2026-01-01 00:00:00,2026-01-01,1,1,1,0,financial,1,person,4,financial_category
517273,5,580426,31536000,286.56,,,,,,,q1_graph1,2026-01-01 00:00:00,2026-01-01,1,1,1,0,financial,1,person,4,financial_category
517273,5,595581,31536000,8511.84,,,,,,,q1_graph1,2026-01-01 00:00:00,2026-01-01,1,1,1,0,financial,1,person,4,financial_category
517273,5,616315,31536000,5037.65,,,,,,,q1_graph1,2026-01-01 00:00:00,2026-01-01,1,1,1,0,financial,1,person,4,financial_category
517273,5,642329,31536000,3021.52,,,,,,,q1_graph1,2026-01-01 00:00:00,2026-01-01,1,1,1,0,financial,1,person,4,financial_category
517273,5,503701,31536000,5355.92,,,,,,,q1_graph1,2026-01-01 00:00:00,2026-01-01,1,1,1,0,financial,1,person,4,financial_category
517273,5,571970,31536000,436.23,,,,,,,q1_graph1,2026-01-01 00:00:00,2026-01-01,1,1,1,0,financial,1,person,4,financial_category
517273,5,632961,31536000,2229.71,,,,,,,q1_graph1,2026-01-01 00:00:00,2026-01-01,1,1,1,0,financial,1,person,4,financial_category
517273,5,473173,31536000,1112.61,,,,,,,q1_graph1,2026-01-01 00:00:00,2026-01-01,1,1,1,0,financial,1,person,4,financial_category
517273,5,620120,31536000,20241.9,,,,,,,q1_graph1,2026-01-01 00:00:00,2026-01-01,1,1,1,0,financial,1,person,4,financial_category
517273,5,575030,31536000,14630.5,,,,,,,q1_graph1,2026-01-01 00:00:00,2026-01-01,1,1,1,0,financial,1,person,4,financial_category
517273,5,621924,31536000,1370.28,,,,,,,q1_graph1,2026-01-01 00:00:00,2026-01-01,1,1,1,0,financial,1,person,4,financial_category
492286,5,630626,31536000,12542.5,,,,,,,q1_graph1,2026-01-01 00:00:00,2026-01-01,1,1,1,0,financial,1,person,4,financial_category
552988,5,492286,31536000,69256.8,,,,,,,q1_graph1,2026-01-01 00:00:00,2026-01-01,1,1,1,0,financial,4,financial_category,1,person
492286,5,567195,31536000,14538.3,,,,,,,q1_graph1,2026-01-01 00:00:00,2026-01-01,1,1,1,0,financial,1,person,4,financial_category
492286,5,527449,31536000,883.83,,,,,,,q1_graph1,2026-01-01 00:00:00,2026-01-01,1,1,1,0,financial,1,person,4,financial_category
492286,5,459381,31536000,1166.8,,,,,,,q1_graph1,2026-01-01 00:00:00,2026-01-01,1,1,1,0,financial,1,person,4,financial_category
492286,5,595298,31536000,2904.37,,,,,,,q1_graph1,2026-01-01 00:00:00,2026-01-01,1,1,1,0,financial,1,person,4,financial_category
492286,5,466907,31536000,1376.82,,,,,,,q1_graph1,2026-01-01 00:00:00,2026-01-01,1,1,1,0,financial,1,person,4,financial_category
492286,5,537281,31536000,598.14,,,,,,,q1_graph1,2026-01-01 00:00:00,2026-01-01,1,1,1,0,financial,1,person,4,financial_category
492286,5,523927,31536000,5422.26,,,,,,,q1_graph1,2026-01-01 00:00:00,2026-01-01,1,1,1,0,financial,1,person,4,financial_category
492286,5,595581,31536000,5061.07,,,,,,,q1_graph1,2026-01-01 00:00:00,2026-01-01,1,1,1,0,financial,1,person,4,financial_category
492286,5,616315,31536000,7666.8,,,,,,,q1_graph1,2026-01-01 00:00:00,2026-01-01,1,1,1,0,financial,1,person,4,financial_category
492286,5,642329,31536000,905.48,,,,,,,q1_graph1,2026-01-01 00:00:00,2026-01-01,1,1,1,0,financial,1,person,4,financial_category
492286,5,503701,31536000,4242.92,,,,,,,q1_graph1,2026-01-01 00:00:00,2026-01-01,1,1,1,0,financial,1,person,4,financial_category
492286,5,571970,31536000,260.88,,,,,,,q1_graph1,2026-01-01 00:00:00,2026-01-01,1,1,1,0,financial,1,person,4,financial_category
492286,5,632961,31536000,1609.83,,,,,,,q1_graph1,2026-01-01 00:00:00,2026-01-01,1,1,1,0,financial,1,person,4,financial_category
492286,5,473173,31536000,794.47,,,,,,,q1_graph1,2026-01-01 00:00:00,2026-01-01,1,1,1,0,financial,1,person,4,financial_category
492286,5,620120,31536000,15251.0,,,,,,,q1_graph1,2026-01-01 00:00:00,2026-01-01,1,1,1,0,financial,1,person,4,financial_category
492286,5,575030,31536000,39657.7,,,,,,,q1_graph1,2026-01-01 00:00:00,2026-01-01,1,1,1,0,financial,1,person,4,financial_category
492286,5,621924,31536000,72.49,,,,,,,q1_graph1,2026-01-01 00:00:00,2026-01-01,1,1,1,0,financial,1,person,4,financial_category
636961,5,503218,31536000,1323.6,,,,,,,q1_graph1,2026-01-01 00:00:00,2026-01-01,1,1,1,0,financial,1,person,4,financial_category
636961,5,630626,31536000,3939.83,,,,,,,q1_graph1,2026-01-01 00:00:00,2026-01-01,1,1,1,0,financial,1,person,4,financial_category
552988,5,636961,31536000,5807.39,,,,,,,q1_graph1,2026-01-01 00:00:00,2026-01-01,1,1,1,0,financial,4,financial_category,1,person
636961,5,567195,31536000,2846.66,,,,,,,q1_graph1,2026-01-01 00:00:00,2026-01-01,1,1,1,0,financial,1,person,4,financial_category
636961,5,527449,31536000,884.99,,,,,,,q1_graph1,2026-01-01 00:00:00,2026-01-01,1,1,1,0,financial,1,person,4,financial_category
636961,5,459381,31536000,2423.74,,,,,,,q1_graph1,2026-01-01 00:00:00,2026-01-01,1,1,1,0,financial,1,person,4,financial_category
636961,5,595298,31536000,375.3,,,,,,,q1_graph1,2026-01-01 00:00:00,2026-01-01,1,1,1,0,financial,1,person,4,financial_category
636961,5,466907,31536000,587.83,,,,,,,q1_graph1,2026-01-01 00:00:00,2026-01-01,1,1,1,0,financial,1,person,4,financial_category
636961,5,589943,31536000,0.46,,,,,,,q1_graph1,2026-01-01 00:00:00,2026-01-01,1,1,1,0,financial,1,person,4,financial_category
636961,5,577992,31536000,450.03,,,,,,,q1_graph1,2026-01-01 00:00:00,2026-01-01,1,1,1,0,financial,1,person,4,financial_category
636961,5,537281,31536000,274.65,,,,,,,q1_graph1,2026-01-01 00:00:00,2026-01-01,1,1,1,0,financial,1,person,4,financial_category
636961,5,523927,31536000,3215.16,,,,,,,q1_graph1,2026-01-01 00:00:00,2026-01-01,1,1,1,0,financial,1,person,4,financial_category
636961,5,580426,31536000,76.17,,,,,,,q1_graph1,2026-01-01 00:00:00,2026-01-01,1,1,1,0,financial,1,person,4,financial_category
636961,5,595581,31536000,917.55,,,,,,,q1_graph1,2026-01-01 00:00:00,2026-01-01,1,1,1,0,financial,1,person,4,financial_category
636961,5,642329,31536000,5236.45,,,,,,,q1_graph1,2026-01-01 00:00:00,2026-01-01,1,1,1,0,financial,1,person,4,financial_category
636961,5,503701,31536000,2976.51,,,,,,,q1_graph1,2026-01-01 00:00:00,2026-01-01,1,1,1,0,financial,1,person,4,financial_category
636961,5,571970,31536000,559.3,,,,,,,q1_graph1,2026-01-01 00:00:00,2026-01-01,1,1,1,0,financial,1,person,4,financial_category
636961,5,473173,31536000,410.44,,,,,,,q1_graph1,2026-01-01 00:00:00,2026-01-01,1,1,1,0,financial,1,person,4,financial_category
620120,5,636961,31536000,3209.39,,,,,,,q1_graph1,2026-01-01 00:00:00,2026-01-01,1,1,1,0,financial,4,financial_category,1,person
636961,5,621924,31536000,2524.68,,,,,,,q1_graph1,2026-01-01 00:00:00,2026-01-01,1,1,1,0,financial,1,person,4,financial_category
570411,5,630626,31536000,15868.4,,,,,,,q1_graph1,2026-01-01 00:00:00,2026-01-01,1,1,1,0,financial,1,person,4,financial_category
570411,5,536346,31536000,5580.8,,,,,,,q1_graph1,2026-01-01 00:00:00,2026-01-01,1,1,1,0,financial,1,person,4,financial_category
510031,5,570411,31536000,209.3,,,,,,,q1_graph1,2026-01-01 00:00:00,2026-01-01,1,1,1,0,financial,4,financial_category,1,person
570411,5,520660,31536000,5688.59,,,,,,,q1_graph1,2026-01-01 00:00:00,2026-01-01,1,1,1,0,financial,1,person,4,financial_category
552988,5,570411,31536000,76722.1,,,,,,,q1_graph1,2026-01-01 00:00:00,2026-01-01,1,1,1,0,financial,4,financial_category,1,person
570411,5,567195,31536000,17179.0,,,,,,,q1_graph1,2026-01-01 00:00:00,2026-01-01,1,1,1,0,financial,1,person,4,financial_category
570411,5,527449,31536000,574.26,,,,,,,q1_graph1,2026-01-01 00:00:00,2026-01-01,1,1,1,0,financial,1,person,4,financial_category
570411,5,459381,31536000,1991.54,,,,,,,q1_graph1,2026-01-01 00:00:00,2026-01-01,1,1,1,0,financial,1,person,4,financial_category
570411,5,595298,31536000,2665.72,,,,,,,q1_graph1,2026-01-01 00:00:00,2026-01-01,1,1,1,0,financial,1,person,4,financial_category
570411,5,466907,31536000,690.53,,,,,,,q1_graph1,2026-01-01 00:00:00,2026-01-01,1,1,1,0,financial,1,person,4,financial_category
570411,5,577992,31536000,1689.51,,,,,,,q1_graph1,2026-01-01 00:00:00,2026-01-01,1,1,1,0,financial,1,person,4,financial_category
570411,5,580426,31536000,1317.79,,,,,,,q1_graph1,2026-01-01 00:00:00,2026-01-01,1,1,1,0,financial,1,person,4,financial_category
570411,5,595581,31536000,3426.73,,,,,,,q1_graph1,2026-01-01 00:00:00,2026-01-01,1,1,1,0,financial,1,person,4,financial_category
570411,5,503701,31536000,2200.13,,,,,,,q1_graph1,2026-01-01 00:00:00,2026-01-01,1,1,1,0,financial,1,person,4,financial_category
570411,5,571970,31536000,578.66,,,,,,,q1_graph1,2026-01-01 00:00:00,2026-01-01,1,1,1,0,financial,1,person,4,financial_category
570411,5,644226,31536000,4046.65,,,,,,,q1_graph1,2026-01-01 00:00:00,2026-01-01,1,1,1,0,financial,1,person,4,financial_category
570411,5,473173,31536000,985.43,,,,,,,q1_graph1,2026-01-01 00:00:00,2026-01-01,1,1,1,0,financial,1,person,4,financial_category
570411,5,620120,31536000,12330.7,,,,,,,q1_graph1,2026-01-01 00:00:00,2026-01-01,1,1,1,0,financial,1,person,4,financial_category
570411,5,575030,31536000,5599.51,,,,,,,q1_graph1,2026-01-01 00:00:00,2026-01-01,1,1,1,0,financial,1,person,4,financial_category
570411,5,621924,31536000,2276.97,,,,,,,q1_graph1,2026-01-01 00:00:00,2026-01-01,1,1,1,0,financial,1,person,4,financial_category
510031,5,623295,31536000,467.09,,,,,,,q1_graph1,2026-01-01 00:00:00,2026-01-01,1,1,1,0,financial,4,financial_category,1,person
552988,5,623295,31536000,11546.5,,,,,,,q1_graph1,2026-01-01 00:00:00,2026-01-01,1,1,1,0,financial,4,financial_category,1,person
623295,5,567195,31536000,699.55,,,,,,,q1_graph1,2026-01-01 00:00:00,2026-01-01,1,1,1,0,financial,1,person,4,financial_category
623295,5,527449,31536000,182.71,,,,,,,q1_graph1,2026-01-01 00:00:00,2026-01-01,1,1,1,0,financial,1,person,4,financial_category
623295,5,459381,31536000,216.96,,,,,,,q1_graph1,2026-01-01 00:00:00,2026-01-01,1,1,1,0,financial,1,person,4,financial_category
623295,5,595298,31536000,785.52,,,,,,,q1_graph1,2026-01-01 00:00:00,2026-01-01,1,1,1,0,financial,1,person,4,financial_category
623295,5,466907,31536000,656.77,,,,,,,q1_graph1,2026-01-01 00:00:00,2026-01-01,1,1,1,0,financial,1,person,4,financial_category
623295,5,589943,31536000,1949.02,,,,,,,q1_graph1,2026-01-01 00:00:00,2026-01-01,1,1,1,0,financial,1,person,4,financial_category
623295,5,577992,31536000,325.56,,,,,,,q1_graph1,2026-01-01 00:00:00,2026-01-01,1,1,1,0,financial,1,person,4,financial_category
623295,5,537281,31536000,691.26,,,,,,,q1_graph1,2026-01-01 00:00:00,2026-01-01,1,1,1,0,financial,1,person,4,financial_category
623295,5,523927,31536000,1906.6,,,,,,,q1_graph1,2026-01-01 00:00:00,2026-01-01,1,1,1,0,financial,1,person,4,financial_category
623295,5,595581,31536000,802.67,,,,,,,q1_graph1,2026-01-01 00:00:00,2026-01-01,1,1,1,0,financial,1,person,4,financial_category
623295,5,503701,31536000,1189.79,,,,,,,q1_graph1,2026-01-01 00:00:00,2026-01-01,1,1,1,0,financial,1,person,4,financial_category
623295,5,473173,31536000,1553.68,,,,,,,q1_graph1,2026-01-01 00:00:00,2026-01-01,1,1,1,0,financial,1,person,4,financial_category
623295,5,620120,31536000,1131.2,,,,,,,q1_graph1,2026-01-01 00:00:00,2026-01-01,1,1,1,0,financial,1,person,4,financial_category
623295,5,621924,31536000,1099.51,,,,,,,q1_graph1,2026-01-01 00:00:00,2026-01-01,1,1,1,0,financial,1,person,4,financial_category
492777,5,630626,31536000,2838.79,,,,,,,q1_graph1,2026-01-01 00:00:00,2026-01-01,1,1,1,0,financial,1,person,4,financial_category
552988,5,492777,31536000,9732.82,,,,,,,q1_graph1,2026-01-01 00:00:00,2026-01-01,1,1,1,0,financial,4,financial_category,1,person
492777,5,567195,31536000,1073.08,,,,,,,q1_graph1,2026-01-01 00:00:00,2026-01-01,1,1,1,0,financial,1,person,4,financial_category
492777,5,527449,31536000,124.26,,,,,,,q1_graph1,2026-01-01 00:00:00,2026-01-01,1,1,1,0,financial,1,person,4,financial_category
492777,5,459381,31536000,360.75,,,,,,,q1_graph1,2026-01-01 00:00:00,2026-01-01,1,1,1,0,financial,1,person,4,financial_category
492777,5,595298,31536000,611.56,,,,,,,q1_graph1,2026-01-01 00:00:00,2026-01-01,1,1,1,0,financial,1,person,4,financial_category
492777,5,466907,31536000,128.47,,,,,,,q1_graph1,2026-01-01 00:00:00,2026-01-01,1,1,1,0,financial,1,person,4,financial_category
492777,5,589943,31536000,1598.66,,,,,,,q1_graph1,2026-01-01 00:00:00,2026-01-01,1,1,1,0,financial,1,person,4,financial_category
492777,5,580426,31536000,185.63,,,,,,,q1_graph1,2026-01-01 00:00:00,2026-01-01,1,1,1,0,financial,1,person,4,financial_category
492777,5,616315,31536000,535.22,,,,,,,q1_graph1,2026-01-01 00:00:00,2026-01-01,1,1,1,0,financial,1,person,4,financial_category
492777,5,642329,31536000,815.28,,,,,,,q1_graph1,2026-01-01 00:00:00,2026-01-01,1,1,1,0,financial,1,person,4,financial_category
492777,5,503701,31536000,1619.79,,,,,,,q1_graph1,2026-01-01 00:00:00,2026-01-01,1,1,1,0,financial,1,person,4,financial_category
492777,5,571970,31536000,146.65,,,,,,,q1_graph1,2026-01-01 00:00:00,2026-01-01,1,1,1,0,financial,1,person,4,financial_category
492777,5,632961,31536000,147.32,,,,,,,q1_graph1,2026-01-01 00:00:00,2026-01-01,1,1,1,0,financial,1,person,4,financial_category
492777,5,473173,31536000,1461.98,,,,,,,q1_graph1,2026-01-01 00:00:00,2026-01-01,1,1,1,0,financial,1,person,4,financial_category
620120,5,492777,31536000,947.58,,,,,,,q1_graph1,2026-01-01 00:00:00,2026-01-01,1,1,1,0,financial,4,financial_category,1,person
492777,5,575030,31536000,6491.57,,,,,,,q1_graph1,2026-01-01 00:00:00,2026-01-01,1,1,1,0,financial,1,person,4,financial_category
492777,5,621924,31536000,1518.45,,,,,,,q1_graph1,2026-01-01 00:00:00,2026-01-01,1,1,1,0,financial,1,person,4,financial_category
629717,5,630626,31536000,4249.15,,,,,,,q1_graph1,2026-01-01 00:00:00,2026-01-01,1,1,1,0,financial,1,person,4,financial_category
510031,5,629717,31536000,1091.21,,,,,,,q1_graph1,2026-01-01 00:00:00,2026-01-01,1,1,1,0,financial,4,financial_category,1,person
552988,5,629717,31536000,21204.9,,,,,,,q1_graph1,2026-01-01 00:00:00,2026-01-01,1,1,1,0,financial,4,financial_category,1,person
629717,5,567195,31536000,2015.43,,,,,,,q1_graph1,2026-01-01 00:00:00,2026-01-01,1,1,1,0,financial,1,person,4,financial_category
629717,5,527449,31536000,73.2,,,,,,,q1_graph1,2026-01-01 00:00:00,2026-01-01,1,1,1,0,financial,1,person,4,financial_category
629717,5,459381,31536000,889.2,,,,,,,q1_graph1,2026-01-01 00:00:00,2026-01-01,1,1,1,0,financial,1,person,4,financial_category
629717,5,595298,31536000,2575.65,,,,,,,q1_graph1,2026-01-01 00:00:00,2026-01-01,1,1,1,0,financial,1,person,4,financial_category
629717,5,466907,31536000,312.96,,,,,,,q1_graph1,2026-01-01 00:00:00,2026-01-01,1,1,1,0,financial,1,person,4,financial_category
629717,5,589943,31536000,2726.24,,,,,,,q1_graph1,2026-01-01 00:00:00,2026-01-01,1,1,1,0,financial,1,person,4,financial_category
629717,5,577992,31536000,1563.82,,,,,,,q1_graph1,2026-01-01 00:00:00,2026-01-01,1,1,1,0,financial,1,person,4,financial_category
629717,5,523927,31536000,654.51,,,,,,,q1_graph1,2026-01-01 00:00:00,2026-01-01,1,1,1,0,financial,1,person,4,financial_category
629717,5,580426,31536000,245.42,,,,,,,q1_graph1,2026-01-01 00:00:00,2026-01-01,1,1,1,0,financial,1,person,4,financial_category
629717,5,616315,31536000,2484.21,,,,,,,q1_graph1,2026-01-01 00:00:00,2026-01-01,1,1,1,0,financial,1,person,4,financial_category
629717,5,642329,31536000,192.93,,,,,,,q1_graph1,2026-01-01 00:00:00,2026-01-01,1,1,1,0,financial,1,person,4,financial_category
629717,5,503701,31536000,1856.92,,,,,,,q1_graph1,2026-01-01 00:00:00,2026-01-01,1,1,1,0,financial,1,person,4,financial_category
629717,5,632961,31536000,281.98,,,,,,,q1_graph1,2026-01-01 00:00:00,2026-01-01,1,1,1,0,financial,1,person,4,financial_category
629717,5,473173,31536000,478.91,,,,,,,q1_graph1,2026-01-01 00:00:00,2026-01-01,1,1,1,0,financial,1,person,4,financial_category
629717,5,620120,31536000,843.46,,,,,,,q1_graph1,2026-01-01 00:00:00,2026-01-01,1,1,1,0,financial,1,person,4,financial_category
629717,5,575030,31536000,4168.46,,,,,,,q1_graph1,2026-01-01 00:00:00,2026-01-01,1,1,1,0,financial,1,person,4,financial_category
629717,5,621924,31536000,296.54,,,,,,,q1_graph1,2026-01-01 00:00:00,2026-01-01,1,1,1,0,financial,1,person,4,financial_category
502591,5,630626,31536000,4144.78,,,,,,,q1_graph1,2026-01-01 00:00:00,2026-01-01,1,1,1,0,financial,1,person,4,financial_category
502591,5,536346,31536000,1101.4,,,,,,,q1_graph1,2026-01-01 00:00:00,2026-01-01,1,1,1,0,financial,1,person,4,financial_category
510031,5,502591,31536000,525.02,,,,,,,q1_graph1,2026-01-01 00:00:00,2026-01-01,1,1,1,0,financial,4,financial_category,1,person
502591,5,520660,31536000,4874.08,,,,,,,q1_graph1,2026-01-01 00:00:00,2026-01-01,1,1,1,0,financial,1,person,4,financial_category
552988,5,502591,31536000,54333.1,,,,,,,q1_graph1,2026-01-01 00:00:00,2026-01-01,1,1,1,0,financial,4,financial_category,1,person
502591,5,567195,31536000,536.87,,,,,,,q1_graph1,2026-01-01 00:00:00,2026-01-01,1,1,1,0,financial,1,person,4,financial_category
502591,5,527449,31536000,768.82,,,,,,,q1_graph1,2026-01-01 00:00:00,2026-01-01,1,1,1,0,financial,1,person,4,financial_category
502591,5,459381,31536000,382.45,,,,,,,q1_graph1,2026-01-01 00:00:00,2026-01-01,1,1,1,0,financial,1,person,4,financial_category
502591,5,595298,31536000,4093.29,,,,,,,q1_graph1,2026-01-01 00:00:00,2026-01-01,1,1,1,0,financial,1,person,4,financial_category
502591,5,466907,31536000,631.99,,,,,,,q1_graph1,2026-01-01 00:00:00,2026-01-01,1,1,1,0,financial,1,person,4,financial_category
502591,5,577992,31536000,1369.2,,,,,,,q1_graph1,2026-01-01 00:00:00,2026-01-01,1,1,1,0,financial,1,person,4,financial_category
502591,5,537281,31536000,1399.54,,,,,,,q1_graph1,2026-01-01 00:00:00,2026-01-01,1,1,1,0,financial,1,person,4,financial_category
502591,5,523927,31536000,266.52,,,,,,,q1_graph1,2026-01-01 00:00:00,2026-01-01,1,1,1,0,financial,1,person,4,financial_category
502591,5,595581,31536000,2099.77,,,,,,,q1_graph1,2026-01-01 00:00:00,2026-01-01,1,1,1,0,financial,1,person,4,financial_category
502591,5,616315,31536000,2810.98,,,,,,,q1_graph1,2026-01-01 00:00:00,2026-01-01,1,1,1,0,financial,1,person,4,financial_category
502591,5,503701,31536000,5503.51,,,,,,,q1_graph1,2026-01-01 00:00:00,2026-01-01,1,1,1,0,financial,1,person,4,financial_category
502591,5,571970,31536000,218.21,,,,,,,q1_graph1,2026-01-01 00:00:00,2026-01-01,1,1,1,0,financial,1,person,4,financial_category
502591,5,644226,31536000,814.8,,,,,,,q1_graph1,2026-01-01 00:00:00,2026-01-01,1,1,1,0,financial,1,person,4,financial_category
502591,5,632961,31536000,488.63,,,,,,,q1_graph1,2026-01-01 00:00:00,2026-01-01,1,1,1,0,financial,1,person,4,financial_category
502591,5,473173,31536000,669.18,,,,,,,q1_graph1,2026-01-01 00:00:00,2026-01-01,1,1,1,0,financial,1,person,4,financial_category
502591,5,620120,31536000,9247.45,,,,,,,q1_graph1,2026-01-01 00:00:00,2026-01-01,1,1,1,0,financial,1,person,4,financial_category
502591,5,621924,31536000,2572.76,,,,,,,q1_graph1,2026-01-01 00:00:00,2026-01-01,1,1,1,0,financial,1,person,4,financial_category
569820,5,640784,31536000,273.24,,,,,,,q1_graph1,2026-01-01 00:00:00,2026-01-01,1,1,1,0,financial,1,person,4,financial_category
569820,5,630626,31536000,8464.39,,,,,,,q1_graph1,2026-01-01 00:00:00,2026-01-01,1,1,1,0,financial,1,person,4,financial_category
510031,5,569820,31536000,1702.37,,,,,,,q1_graph1,2026-01-01 00:00:00,2026-01-01,1,1,1,0,financial,4,financial_category,1,person
552988,5,569820,31536000,202871.0,,,,,,,q1_graph1,2026-01-01 00:00:00,2026-01-01,1,1,1,0,financial,4,financial_category,1,person
569820,5,567195,31536000,2942.39,,,,,,,q1_graph1,2026-01-01 00:00:00,2026-01-01,1,1,1,0,financial,1,person,4,financial_category
569820,5,527449,31536000,87.4,,,,,,,q1_graph1,2026-01-01 00:00:00,2026-01-01,1,1,1,0,financial,1,person,4,financial_category
569820,5,459381,31536000,629.72,,,,,,,q1_graph1,2026-01-01 00:00:00,2026-01-01,1,1,1,0,financial,1,person,4,financial_category
569820,5,595298,31536000,3574.6,,,,,,,q1_graph1,2026-01-01 00:00:00,2026-01-01,1,1,1,0,financial,1,person,4,financial_category
569820,5,466907,31536000,808.95,,,,,,,q1_graph1,2026-01-01 00:00:00,2026-01-01,1,1,1,0,financial,1,person,4,financial_category
569820,5,606730,31536000,534.52,,,,,,,q1_graph1,2026-01-01 00:00:00,2026-01-01,1,1,1,0,financial,1,person,4,financial_category
569820,5,589943,31536000,5383.92,,,,,,,q1_graph1,2026-01-01 00:00:00,2026-01-01,1,1,1,0,financial,1,person,4,financial_category
569820,5,537281,31536000,647.27,,,,,,,q1_graph1,2026-01-01 00:00:00,2026-01-01,1,1,1,0,financial,1,person,4,financial_category
569820,5,523927,31536000,3093.55,,,,,,,q1_graph1,2026-01-01 00:00:00,2026-01-01,1,1,1,0,financial,1,person,4,financial_category
569820,5,580426,31536000,2682.75,,,,,,,q1_graph1,2026-01-01 00:00:00,2026-01-01,1,1,1,0,financial,1,person,4,financial_category
569820,5,595581,31536000,2875.99,,,,,,,q1_graph1,2026-01-01 00:00:00,2026-01-01,1,1,1,0,financial,1,person,4,financial_category
569820,5,642329,31536000,1345.06,,,,,,,q1_graph1,2026-01-01 00:00:00,2026-01-01,1,1,1,0,financial,1,person,4,financial_category
569820,5,503701,31536000,3718.44,,,,,,,q1_graph1,2026-01-01 00:00:00,2026-01-01,1,1,1,0,financial,1,person,4,financial_category
569820,5,571970,31536000,604.29,,,,,,,q1_graph1,2026-01-01 00:00:00,2026-01-01,1,1,1,0,financial,1,person,4,financial_category
569820,5,632961,31536000,1512.55,,,,,,,q1_graph1,2026-01-01 00:00:00,2026-01-01,1,1,1,0,financial,1,person,4,financial_category
569820,5,473173,31536000,97.31,,,,,,,q1_graph1,2026-01-01 00:00:00,2026-01-01,1,1,1,0,financial,1,person,4,financial_category
569820,5,620120,31536000,73919.0,,,,,,,q1_graph1,2026-01-01 00:00:00,2026-01-01,1,1,1,0,financial,1,person,4,financial_category
569820,5,575030,31536000,7133.86,,,,,,,q1_graph1,2026-01-01 00:00:00,2026-01-01,1,1,1,0,financial,1,person,4,financial_category
569820,5,621924,31536000,6704.79,,,,,,,q1_graph1,2026-01-01 00:00:00,2026-01-01,1,1,1,0,financial,1,person,4,financial_category
591682,5,640784,31536000,1502.74,,,,,,,q1_graph1,2026-01-01 00:00:00,2026-01-01,1,1,1,0,financial,1,person,4,financial_category
591682,5,630626,31536000,5662.73,,,,,,,q1_graph1,2026-01-01 00:00:00,2026-01-01,1,1,1,0,financial,1,person,4,financial_category
591682,5,536346,31536000,678.13,,,,,,,q1_graph1,2026-01-01 00:00:00,2026-01-01,1,1,1,0,financial,1,person,4,financial_category
591682,5,520660,31536000,986.71,,,,,,,q1_graph1,2026-01-01 00:00:00,2026-01-01,1,1,1,0,financial,1,person,4,financial_category
552988,5,591682,31536000,25608.4,,,,,,,q1_graph1,2026-01-01 00:00:00,2026-01-01,1,1,1,0,financial,4,financial_category,1,person
591682,5,527449,31536000,218.03,,,,,,,q1_graph1,2026-01-01 00:00:00,2026-01-01,1,1,1,0,financial,1,person,4,financial_category
591682,5,459381,31536000,622.49,,,,,,,q1_graph1,2026-01-01 00:00:00,2026-01-01,1,1,1,0,financial,1,person,4,financial_category
591682,5,595298,31536000,3245.92,,,,,,,q1_graph1,2026-01-01 00:00:00,2026-01-01,1,1,1,0,financial,1,person,4,financial_category
591682,5,466907,31536000,946.77,,,,,,,q1_graph1,2026-01-01 00:00:00,2026-01-01,1,1,1,0,financial,1,person,4,financial_category
591682,5,589943,31536000,1180.7,,,,,,,q1_graph1,2026-01-01 00:00:00,2026-01-01,1,1,1,0,financial,1,person,4,financial_category
591682,5,537281,31536000,712.92,,,,,,,q1_graph1,2026-01-01 00:00:00,2026-01-01,1,1,1,0,financial,1,person,4,financial_category
591682,5,523927,31536000,2053.41,,,,,,,q1_graph1,2026-01-01 00:00:00,2026-01-01,1,1,1,0,financial,1,person,4,financial_category
591682,5,580426,31536000,220.8,,,,,,,q1_graph1,2026-01-01 00:00:00,2026-01-01,1,1,1,0,financial,1,person,4,financial_category
591682,5,595581,31536000,2019.74,,,,,,,q1_graph1,2026-01-01 00:00:00,2026-01-01,1,1,1,0,financial,1,person,4,financial_category
591682,5,616315,31536000,943.81,,,,,,,q1_graph1,2026-01-01 00:00:00,2026-01-01,1,1,1,0,financial,1,person,4,financial_category
591682,5,642329,31536000,599.59,,,,,,,q1_graph1,2026-01-01 00:00:00,2026-01-01,1,1,1,0,financial,1,person,4,financial_category
591682,5,644226,31536000,1694.31,,,,,,,q1_graph1,2026-01-01 00:00:00,2026-01-01,1,1,1,0,financial,1,person,4,financial_category
591682,5,632961,31536000,806.75,,,,,,,q1_graph1,2026-01-01 00:00:00,2026-01-01,1,1,1,0,financial,1,person,4,financial_category
591682,5,473173,31536000,2644.97,,,,,,,q1_graph1,2026-01-01 00:00:00,2026-01-01,1,1,1,0,financial,1,person,4,financial_category
591682,5,620120,31536000,6090.91,,,,,,,q1_graph1,2026-01-01 00:00:00,2026-01-01,1,1,1,0,financial,1,person,4,financial_category
591682,5,575030,31536000,4091.49,,,,,,,q1_graph1,2026-01-01 00:00:00,2026-01-01,1,1,1,0,financial,1,person,4,financial_category
591682,5,621924,31536000,137.73,,,,,,,q1_graph1,2026-01-01 00:00:00,2026-01-01,1,1,1,0,financial,1,person,4,financial_category
632150,5,630626,31536000,4811.33,,,,,,,q1_graph1,2026-01-01 00:00:00,2026-01-01,1,1,1,0,financial,1,person,4,financial_category
510031,5,632150,31536000,489.09,,,,,,,q1_graph1,2026-01-01 00:00:00,2026-01-01,1,1,1,0,financial,4,financial_category,1,person
552988,5,632150,31536000,28528.2,,,,,,,q1_graph1,2026-01-01 00:00:00,2026-01-01,1,1,1,0,financial,4,financial_category,1,person
632150,5,527449,31536000,303.25,,,,,,,q1_graph1,2026-01-01 00:00:00,2026-01-01,1,1,1,0,financial,1,person,4,financial_category
632150,5,459381,31536000,790.06,,,,,,,q1_graph1,2026-01-01 00:00:00,2026-01-01,1,1,1,0,financial,1,person,4,financial_category
632150,5,595298,31536000,1224.3,,,,,,,q1_graph1,2026-01-01 00:00:00,2026-01-01,1,1,1,0,financial,1,person,4,financial_category
632150,5,466907,31536000,658.42,,,,,,,q1_graph1,2026-01-01 00:00:00,2026-01-01,1,1,1,0,financial,1,person,4,financial_category
632150,5,589943,31536000,2231.39,,,,,,,q1_graph1,2026-01-01 00:00:00,2026-01-01,1,1,1,0,financial,1,person,4,financial_category
632150,5,523927,31536000,1608.67,,,,,,,q1_graph1,2026-01-01 00:00:00,2026-01-01,1,1,1,0,financial,1,person,4,financial_category
632150,5,580426,31536000,915.47,,,,,,,q1_graph1,2026-01-01 00:00:00,2026-01-01,1,1,1,0,financial,1,person,4,financial_category
632150,5,595581,31536000,1996.2,,,,,,,q1_graph1,2026-01-01 00:00:00,2026-01-01,1,1,1,0,financial,1,person,4,financial_category
632150,5,616315,31536000,1118.52,,,,,,,q1_graph1,2026-01-01 00:00:00,2026-01-01,1,1,1,0,financial,1,person,4,financial_category
632150,5,503701,31536000,822.59,,,,,,,q1_graph1,2026-01-01 00:00:00,2026-01-01,1,1,1,0,financial,1,person,4,financial_category
632150,5,473173,31536000,1302.15,,,,,,,q1_graph1,2026-01-01 00:00:00,2026-01-01,1,1,1,0,financial,1,person,4,financial_category
632150,5,620120,31536000,3720.79,,,,,,,q1_graph1,2026-01-01 00:00:00,2026-01-01,1,1,1,0,financial,1,person,4,financial_category
632150,5,621924,31536000,803.32,,,,,,,q1_graph1,2026-01-01 00:00:00,2026-01-01,1,1,1,0,financial,1,person,4,financial_category
616050,5,630626,31536000,6218.94,,,,,,,q1_graph1,2026-01-01 00:00:00,2026-01-01,1,1,1,0,financial,1,person,4,financial_category
616050,5,536346,31536000,540.85,,,,,,,q1_graph1,2026-01-01 00:00:00,2026-01-01,1,1,1,0,financial,1,person,4,financial_category
510031,5,616050,31536000,637.05,,,,,,,q1_graph1,2026-01-01 00:00:00,2026-01-01,1,1,1,0,financial,4,financial_category,1,person
552988,5,616050,31536000,43606.4,,,,,,,q1_graph1,2026-01-01 00:00:00,2026-01-01,1,1,1,0,financial,4,financial_category,1,person
616050,5,567195,31536000,9865.87,,,,,,,q1_graph1,2026-01-01 00:00:00,2026-01-01,1,1,1,0,financial,1,person,4,financial_category
616050,5,527449,31536000,142.08,,,,,,,q1_graph1,2026-01-01 00:00:00,2026-01-01,1,1,1,0,financial,1,person,4,financial_category
616050,5,459381,31536000,510.26,,,,,,,q1_graph1,2026-01-01 00:00:00,2026-01-01,1,1,1,0,financial,1,person,4,financial_category
616050,5,595298,31536000,3407.94,,,,,,,q1_graph1,2026-01-01 00:00:00,2026-01-01,1,1,1,0,financial,1,person,4,financial_category
616050,5,466907,31536000,824.91,,,,,,,q1_graph1,2026-01-01 00:00:00,2026-01-01,1,1,1,0,financial,1,person,4,financial_category
616050,5,589943,31536000,2521.46,,,,,,,q1_graph1,2026-01-01 00:00:00,2026-01-01,1,1,1,0,financial,1,person,4,financial_category
616050,5,523927,31536000,1136.81,,,,,,,q1_graph1,2026-01-01 00:00:00,2026-01-01,1,1,1,0,financial,1,person,4,financial_category
616050,5,595581,31536000,4913.07,,,,,,,q1_graph1,2026-01-01 00:00:00,2026-01-01,1,1,1,0,financial,1,person,4,financial_category
616050,5,503701,31536000,2707.57,,,,,,,q1_graph1,2026-01-01 00:00:00,2026-01-01,1,1,1,0,financial,1,person,4,financial_category
616050,5,644226,31536000,1036.27,,,,,,,q1_graph1,2026-01-01 00:00:00,2026-01-01,1,1,1,0,financial,1,person,4,financial_category
616050,5,632961,31536000,360.95,,,,,,,q1_graph1,2026-01-01 00:00:00,2026-01-01,1,1,1,0,financial,1,person,4,financial_category
616050,5,473173,31536000,821.76,,,,,,,q1_graph1,2026-01-01 00:00:00,2026-01-01,1,1,1,0,financial,1,person,4,financial_category
616050,5,620120,31536000,8076.13,,,,,,,q1_graph1,2026-01-01 00:00:00,2026-01-01,1,1,1,0,financial,1,person,4,financial_category
616050,5,575030,31536000,7832.08,,,,,,,q1_graph1,2026-01-01 00:00:00,2026-01-01,1,1,1,0,financial,1,person,4,financial_category
616050,5,621924,31536000,1670.72,,,,,,,q1_graph1,2026-01-01 00:00:00,2026-01-01,1,1,1,0,financial,1,person,4,financial_category
533140,5,630626,31536000,3150.22,,,,,,,q1_graph1,2026-01-01 00:00:00,2026-01-01,1,1,1,0,financial,1,person,4,financial_category
510031,5,533140,31536000,235.04,,,,,,,q1_graph1,2026-01-01 00:00:00,2026-01-01,1,1,1,0,financial,4,financial_category,1,person
552988,5,533140,31536000,14701.4,,,,,,,q1_graph1,2026-01-01 00:00:00,2026-01-01,1,1,1,0,financial,4,financial_category,1,person
533140,5,567195,31536000,534.56,,,,,,,q1_graph1,2026-01-01 00:00:00,2026-01-01,1,1,1,0,financial,1,person,4,financial_category
533140,5,527449,31536000,96.46,,,,,,,q1_graph1,2026-01-01 00:00:00,2026-01-01,1,1,1,0,financial,1,person,4,financial_category
533140,5,459381,31536000,279.66,,,,,,,q1_graph1,2026-01-01 00:00:00,2026-01-01,1,1,1,0,financial,1,person,4,financial_category
533140,5,595298,31536000,1314.31,,,,,,,q1_graph1,2026-01-01 00:00:00,2026-01-01,1,1,1,0,financial,1,person,4,financial_category
533140,5,466907,31536000,507.01,,,,,,,q1_graph1,2026-01-01 00:00:00,2026-01-01,1,1,1,0,financial,1,person,4,financial_category
533140,5,577992,31536000,530.6,,,,,,,q1_graph1,2026-01-01 00:00:00,2026-01-01,1,1,1,0,financial,1,person,4,financial_category
533140,5,537281,31536000,497.08,,,,,,,q1_graph1,2026-01-01 00:00:00,2026-01-01,1,1,1,0,financial,1,person,4,financial_category
533140,5,616315,31536000,239.94,,,,,,,q1_graph1,2026-01-01 00:00:00,2026-01-01,1,1,1,0,financial,1,person,4,financial_category
533140,5,642329,31536000,1131.24,,,,,,,q1_graph1,2026-01-01 00:00:00,2026-01-01,1,1,1,0,financial,1,person,4,financial_category
533140,5,503701,31536000,1741.49,,,,,,,q1_graph1,2026-01-01 00:00:00,2026-01-01,1,1,1,0,financial,1,person,4,financial_category
533140,5,571970,31536000,85.16,,,,,,,q1_graph1,2026-01-01 00:00:00,2026-01-01,1,1,1,0,financial,1,person,4,financial_category
533140,5,632961,31536000,290.73,,,,,,,q1_graph1,2026-01-01 00:00:00,2026-01-01,1,1,1,0,financial,1,person,4,financial_category
533140,5,473173,31536000,1516.94,,,,,,,q1_graph1,2026-01-01 00:00:00,2026-01-01,1,1,1,0,financial,1,person,4,financial_category
533140,5,620120,31536000,333.78,,,,,,,q1_graph1,2026-01-01 00:00:00,2026-01-01,1,1,1,0,financial,1,person,4,financial_category
563211,4,564798,-732727926,0.0188679,,,,,,,q1_graph2,2001-10-13 08:27:54,2001-10-13,286,41,10,8,author_of,1,person,3,document
563211,4,627390,-496596726,0.2,,,,,,,q1_graph2,2009-04-07 08:27:54,2009-04-07,97,15,4,8,author_of,1,person,3,document
563211,4,561114,-277745526,0.25,,,,,,,q1_graph2,2016-03-14 08:27:54,2016-03-14,74,11,3,8,author_of,1,person,3,document
541017,4,601492,-64423926,0.142857,,,,,,,q1_graph2,2022-12-17 08:27:54,2022-12-17,351,50,12,8,author_of,1,person,3,document
572413,1,629627,1296000,1.0,4.0,4.0,-2.24962,-165.651,-1.16067,-162.983,q1_graph2,2025-01-16 00:00:00,2025-01-16,16,3,1,0,phone,1,person,1,person
572413,1,505965,1302571,1.0,4.0,4.0,-2.24962,-165.651,-3.88606,-166.186,q1_graph2,2025-01-16 01:49:31,2025-01-16,16,3,1,1,phone,1,person,1,person
505965,0,629627,1308663,1.0,,,,,,,q1_graph2,2025-01-16 03:31:03,2025-01-16,16,3,1,3,email,1,person,1,person
572413,1,505965,1316274,1.0,4.0,4.0,-2.24962,-165.651,-3.88606,-166.186,q1_graph2,2025-01-16 05:37:54,2025-01-16,16,3,1,5,phone,1,person,1,person
629627,1,515794,1316615,1.0,4.0,4.0,-1.16067,-162.983,6.71518,-165.251,q1_graph2,2025-01-16 05:43:35,2025-01-16,16,3,1,5,phone,1,person,1,person
505965,0,515794,1325061,1.0,,,,,,,q1_graph2,2025-01-16 08:04:21,2025-01-16,16,3,1,8,email,1,person,1,person
572413,1,629627,1336641,1.0,4.0,4.0,-2.24962,-165.651,-1.16067,-162.983,q1_graph2,2025-01-16 11:17:21,2025-01-16,16,3,1,11,phone,1,person,1,person
572413,1,515794,1355121,1.0,4.0,4.0,-2.24962,-165.651,6.71518,-165.251,q1_graph2,2025-01-16 16:25:21,2025-01-16,16,3,1,16,phone,1,person,1,person
515794,1,505965,1360796,1.0,4.0,4.0,6.71518,-165.251,-3.88606,-166.186,q1_graph2,2025-01-16 17:59:56,2025-01-16,16,3,1,17,phone,1,person,1,person
515794,1,505965,1368519,1.0,4.0,4.0,6.71518,-165.251,-3.88606,-166.186,q1_graph2,2025-01-16 20:08:39,2025-01-16,16,3,1,20,phone,1,person,1,person
572413,1,505965,1368710,1.0,4.0,4.0,-2.24962,-165.651,-3.88606,-166.186,q1_graph2,2025-01-16 20:11:50,2025-01-16,16,3,1,20,phone,1,person,1,person
505965,0,515794,1372640,1.0,,,,,,,q1_graph2,2025-01-16 21:17:20,2025-01-16,16,3,1,21,email,1,person,1,person
572413,1,515794,1380370,1.0,4.0,4.0,-2.24962,-165.651,6.71518,-165.251,q1_graph2,2025-01-16 23:26:10,2025-01-16,16,3,1,23,phone,1,person,1,person
505965,0,515794,1431512,1.0,,,,,,,q1_graph2,2025-01-17 13:38:32,2025-01-17,17,3,1,13,email,1,person,1,person
629627,1,515794,1466354,1.0,4.0,4.0,-1.16067,-162.983,6.71518,-165.251,q1_graph2,2025-01-17 23:19:14,2025-01-17,17,3,1,23,phone,1,person,1,person
572413,1,505965,1475513,1.0,4.0,4.0,-2.24962,-165.651,-3.88606,-166.186,q1_graph2,2025-01-18 01:51:53,2025-01-18,18,3,1,1,phone,1,person,1,person
515794,1,505965,1477390,1.0,4.0,4.0,6.71518,-165.251,-3.88606,-166.186,q1_graph2,2025-01-18 02:23:10,2025-01-18,18,3,1,2,phone,1,person,1,person
572413,1,629627,1503450,1.0,4.0,4.0,-2.24962,-165.651,-1.16067,-162.983,q1_graph2,2025-01-18 09:37:30,2025-01-18,18,3,1,9,phone,1,person,1,person
515794,1,629627,1518265,1.0,4.0,4.0,6.71518,-165.251,-1.16067,-162.983,q1_graph2,2025-01-18 13:44:25,2025-01-18,18,3,1,13,phone,1,person,1,person
515794,1,505965,1532336,1.0,4.0,4.0,6.71518,-165.251,-3.88606,-166.186,q1_graph2,2025-01-18 17:38:56,2025-01-18,18,3,1,17,phone,1,person,1,person
505965,0,629627,1538449,1.0,,,,,,,q1_graph2,2025-01-18 19:20:49,2025-01-18,18,3,1,19,email,1,person,1,person
515794,0,629627,1578355,1.0,,,,,,,q1_graph2,2025-01-19 06:25:55,2025-01-19,19,3,1,6,email,1,person,1,person
515794,0,505965,1589475,1.0,,,,,,,q1_graph2,2025-01-19 09:31:15,2025-01-19,19,3,1,9,email,1,person,1,person
515794,1,629627,1609697,1.0,4.0,4.0,6.71518,-165.251,-1.16067,-162.983,q1_graph2,2025-01-19 15:08:17,2025-01-19,19,3,1,15,phone,1,person,1,person
515794,0,505965,1630374,1.0,,,,,,,q1_graph2,2025-01-19 20:52:54,2025-01-19,19,3,1,20,email,1,person,1,person
515794,0,629627,1637146,1.0,,,,,,,q1_graph2,2025-01-19 22:45:46,2025-01-19,19,3,1,22,email,1,person,1,person
515794,0,629627,1651736,1.0,,,,,,,q1_graph2,2025-01-20 02:48:56,2025-01-20,20,4,1,2,email,1,person,1,person
572413,1,515794,1669897,1.0,4.0,4.0,-2.24962,-165.651,6.71518,-165.251,q1_graph2,2025-01-20 07:51:37,2025-01-20,20,4,1,7,phone,1,person,1,person
515794,0,629627,1679456,1.0,,,,,,,q1_graph2,2025-01-20 10:30:56,2025-01-20,20,4,1,10,email,1,person,1,person
572413,1,505965,1692111,1.0,4.0,4.0,-2.24962,-165.651,-3.88606,-166.186,q1_graph2,2025-01-20 14:01:51,2025-01-20,20,4,1,14,phone,1,person,1,person
505965,0,515794,1692798,1.0,,,,,,,q1_graph2,2025-01-20 14:13:18,2025-01-20,20,4,1,14,email,1,person,1,person
572413,1,629627,1695281,1.0,4.0,4.0,-2.24962,-165.651,-1.16067,-162.983,q1_graph2,2025-01-20 14:54:41,2025-01-20,20,4,1,14,phone,1,person,1,person
505965,0,515794,1720161,1.0,,,,,,,q1_graph2,2025-01-20 21:49:21,2025-01-20,20,4,1,21,email,1,person,1,person
572413,1,515794,1732391,1.0,4.0,4.0,-2.24962,-165.651,6.71518,-165.251,q1_graph2,2025-01-21 01:13:11,2025-01-21,21,4,1,1,phone,1,person,1,person
515794,0,505965,1732586,1.0,,,,,,,q1_graph2,2025-01-21 01:16:26,2025-01-21,21,4,1,1,email,1,person,1,person
515794,1,629627,1733739,1.0,4.0,4.0,6.71518,-165.251,-1.16067,-162.983,q1_graph2,2025-01-21 01:35:39,2025-01-21,21,4,1,1,phone,1,person,1,person
572413,1,505965,1736351,1.0,4.0,4.0,-2.24962,-165.651,-3.88606,-166.186,q1_graph2,2025-01-21 02:19:11,2025-01-21,21,4,1,2,phone,1,person,1,person
505965,0,629627,1758690,1.0,,,,,,,q1_graph2,2025-01-21 08:31:30,2025-01-21,21,4,1,8,email,1,person,1,person
629627,1,505965,1779937,1.0,4.0,4.0,-1.16067,-162.983,-3.88606,-166.186,q1_graph2,2025-01-21 14:25:37,2025-01-21,21,4,1,14,phone,1,person,1,person
515794,0,505965,1791802,1.0,,,,,,,q1_graph2,2025-01-21 17:43:22,2025-01-21,21,4,1,17,email,1,person,1,person
505965,0,629627,1797636,1.0,,,,,,,q1_graph2,2025-01-21 19:20:36,2025-01-21,21,4,1,19,email,1,person,1,person
629627,1,515794,1804143,1.0,4.0,4.0,-1.16067,-162.983,6.71518,-165.251,q1_graph2,2025-01-21 21:09:03,2025-01-21,21,4,1,21,phone,1,person,1,person
515794,1,629627,1810012,1.0,4.0,4.0,6.71518,-165.251,-1.16067,-162.983,q1_graph2,2025-01-21 22:46:52,2025-01-21,21,4,1,22,phone,1,person,1,person
505965,0,629627,1817071,1.0,,,,,,,q1_graph2,2025-01-22 00:44:31,2025-01-22,22,4,1,0,email,1,person,1,person
572413,1,629627,1821154,1.0,4.0,4.0,-2.24962,-165.651,-1.16067,-162.983,q1_graph2,2025-01-22 01:52:34,2025-01-22,22,4,1,1,phone,1,person,1,person
572413,1,629627,1830463,1.0,4.0,4.0,-2.24962,-165.651,-1.16067,-162.983,q1_graph2,2025-01-22 04:27:43,2025-01-22,22,4,1,4,phone,1,person,1,person
572413,1,505965,1844074,1.0,4.0,4.0,-2.24962,-165.651,-3.88606,-166.186,q1_graph2,2025-01-22 08:14:34,2025-01-22,22,4,1,8,phone,1,person,1,person
572413,1,505965,1873199,1.0,4.0,4.0,-2.24962,-165.651,-3.88606,-166.186,q1_graph2,2025-01-22 16:19:59,2025-01-22,22,4,1,16,phone,1,person,1,person
541017,0,563211,1982342,1.0,,,,,,,q1_graph2,2025-01-23 22:39:02,2025-01-23,23,4,1,22,email,1,person,1,person
585212,1,563211,2213247,1.0,4.0,1.0,5.62833,-161.113,-27.3353,-18.2227,q1_graph2,2025-01-26 14:47:27,2025-01-26,26,4,1,14,phone,1,person,1,person
541017,1,629627,2381635,1.0,1.0,4.0,-29.4524,-13.6491,-1.16067,-162.983,q1_graph2,2025-01-28 13:33:55,2025-01-28,28,5,1,13,phone,1,person,1,person
585212,1,541017,2457218,1.0,4.0,1.0,5.62833,-161.113,-29.4524,-13.6491,q1_graph2,2025-01-29 10:33:38,2025-01-29,29,5,1,10,phone,1,person,1,person
585212,1,599441,2507087,1.0,4.0,4.0,5.62833,-161.113,2.74785,-162.275,q1_graph2,2025-01-30 00:24:47,2025-01-30,30,5,1,0,phone,1,person,1,person
541017,1,563211,2585350,1.0,1.0,1.0,-29.4524,-13.6491,-27.3353,-18.2227,q1_graph2,2025-01-30 22:09:10,2025-01-30,30,5,1,22,phone,1,person,1,person
599441,0,527597,2746226,1.0,,,,,,,q1_graph2,2025-02-01 18:50:26,2025-02-01,32,5,2,18,email,1,person,1,person
582851,1,541017,2875591,1.0,1.0,1.0,-26.6688,-7.31949,-29.4524,-13.6491,q1_graph2,2025-02-03 06:46:31,2025-02-03,34,6,2,6,phone,1,person,1,person
629627,0,585212,2950741,1.0,,,,,,,q1_graph2,2025-02-04 03:39:01,2025-02-04,35,6,2,3,email,1,person,1,person
599441,0,534034,3023537,1.0,,,,,,,q1_graph2,2025-02-04 23:52:17,2025-02-04,35,6,2,23,email,1,person,1,person
527597,0,563211,3050236,1.0,,,,,,,q1_graph2,2025-02-05 07:17:16,2025-02-05,36,6,2,7,email,1,person,1,person
582851,1,527597,3110367,1.0,1.0,1.0,-26.6688,-7.31949,-27.555,-13.373,q1_graph2,2025-02-05 23:59:27,2025-02-05,36,6,2,23,phone,1,person,1,person
599441,0,629627,3153653,1.0,,,,,,,q1_graph2,2025-02-06 12:00:53,2025-02-06,37,6,2,12,email,1,person,1,person
582851,1,585212,3225713,1.0,1.0,4.0,-26.6688,-7.31949,5.62833,-161.113,q1_graph2,2025-02-07 08:01:53,2025-02-07,38,6,2,8,phone,1,person,1,person
629627,0,582851,3409195,1.0,,,,,,,q1_graph2,2025-02-09 10:59:55,2025-02-09,40,6,2,10,email,1,person,1,person
582851,1,563211,3422276,1.0,1.0,1.0,-26.6688,-7.31949,-27.3353,-18.2227,q1_graph2,2025-02-09 14:37:56,2025-02-09,40,6,2,14,phone,1,person,1,person
541017,1,563211,3502862,1.0,1.0,1.0,-29.4524,-13.6491,-27.3353,-18.2227,q1_graph2,2025-02-10 13:01:02,2025-02-10,41,7,2,13,phone,1,person,1,person
629627,0,599441,3581012,1.0,,,,,,,q1_graph2,2025-02-11 10:43:32,2025-02-11,42,7,2,10,email,1,person,1,person
563211,0,585212,4177530,1.0,,,,,,,q1_graph2,2025-02-18 08:25:30,2025-02-18,49,8,2,8,email,1,person,1,person
534034,0,629627,4287760,1.0,,,,,,,q1_graph2,2025-02-19 15:02:40,2025-02-19,50,8,2,15,email,1,person,1,person
541017,0,527597,4424230,1.0,,,,,,,q1_graph2,2025-02-21 04:57:10,2025-02-21,52,8,2,4,email,1,person,1,person
629627,0,585212,4440724,1.0,,,,,,,q1_graph2,2025-02-21 09:32:04,2025-02-21,52,8,2,9,email,1,person,1,person
629627,0,527597,4555568,1.0,,,,,,,q1_graph2,2025-02-22 17:26:08,2025-02-22,53,8,2,17,email,1,person,1,person
527597,0,534034,4752011,1.0,,,,,,,q1_graph2,2025-02-25 00:00:11,2025-02-25,56,9,2,0,email,1,person,1,person
629627,0,599441,4819651,1.0,,,,,,,q1_graph2,2025-02-25 18:47:31,2025-02-25,56,9,2,18,email,1,person,1,person
644830,0,585212,4940501,1.0,,,,,,,q1_graph2,2025-02-27 04:21:41,2025-02-27,58,9,2,4,email,1,person,1,person
527597,1,585212,4954955,1.0,1.0,4.0,-27.555,-13.373,5.62833,-161.113,q1_graph2,2025-02-27 08:22:35,2025-02-27,58,9,2,8,phone,1,person,1,person
644830,0,488928,4992132,1.0,,,,,,,q1_graph2,2025-02-27 18:42:12,2025-02-27,58,9,2,18,email,1,person,1,person
527597,1,585212,5005411,1.0,1.0,4.0,-27.555,-13.373,5.62833,-161.113,q1_graph2,2025-02-27 22:23:31,2025-02-27,58,9,2,22,phone,1,person,1,person
527597,0,599441,5032573,1.0,,,,,,,q1_graph2,2025-02-28 05:56:13,2025-02-28,59,9,2,5,email,1,person,1,person
534034,0,629627,5150002,1.0,,,,,,,q1_graph2,2025-03-01 14:33:22,2025-03-01,60,9,3,14,email,1,person,1,person
541017,0,599441,5179013,1.0,,,,,,,q1_graph2,2025-03-01 22:36:53,2025-03-01,60,9,3,22,email,1,person,1,person
527597,0,629627,5254924,1.0,,,,,,,q1_graph2,2025-03-02 19:42:04,2025-03-02,61,9,3,19,email,1,person,1,person
541017,1,629627,5393531,1.0,1.0,4.0,-29.4524,-13.6491,-1.16067,-162.983,q1_graph2,2025-03-04 10:12:11,2025-03-04,63,10,3,10,phone,1,person,1,person
527597,0,585212,5573115,1.0,,,,,,,q1_graph2,2025-03-06 12:05:15,2025-03-06,65,10,3,12,email,1,person,1,person
585212,0,644830,5573577,1.0,,,,,,,q1_graph2,2025-03-06 12:12:57,2025-03-06,65,10,3,12,email,1,person,1,person
488928,0,585212,5720004,1.0,,,,,,,q1_graph2,2025-03-08 04:53:24,2025-03-08,67,10,3,4,email,1,person,1,person
527597,1,534034,5742927,1.0,1.0,4.0,-27.555,-13.373,0.486228,-168.472,q1_graph2,2025-03-08 11:15:27,2025-03-08,67,10,3,11,phone,1,person,1,person
599441,0,585212,5814474,1.0,,,,,,,q1_graph2,2025-03-09 07:07:54,2025-03-09,68,10,3,7,email,1,person,1,person
585212,0,644830,5870257,1.0,,,,,,,q1_graph2,2025-03-09 22:37:37,2025-03-09,68,10,3,22,email,1,person,1,person
585212,0,488928,5876469,1.0,,,,,,,q1_graph2,2025-03-10 00:21:09,2025-03-10,69,11,3,0,email,1,person,1,person
534034,0,585212,5906427,1.0,,,,,,,q1_graph2,2025-03-10 08:40:27,2025-03-10,69,11,3,8,email,1,person,1,person
644830,0,488928,5932656,1.0,,,,,,,q1_graph2,2025-03-10 15:57:36,2025-03-10,69,11,3,15,email,1,person,1,person
585212,1,629627,5992930,1.0,4.0,4.0,5.62833,-161.113,-1.16067,-162.983,q1_graph2,2025-03-11 08:42:10,2025-03-11,70,11,3,8,phone,1,person,1,person
488928,0,585212,6002958,1.0,,,,,,,q1_graph2,2025-03-11 11:29:18,2025-03-11,70,11,3,11,email,1,person,1,person
527597,1,599441,6010507,1.0,1.0,4.0,-27.555,-13.373,2.74785,-162.275,q1_graph2,2025-03-11 13:35:07,2025-03-11,70,11,3,13,phone,1,person,1,person
644830,0,585212,6015112,1.0,,,,,,,q1_graph2,2025-03-11 14:51:52,2025-03-11,70,11,3,14,email,1,person,1,person
585212,0,488928,6226591,1.0,,,,,,,q1_graph2,2025-03-14 01:36:31,2025-03-14,73,11,3,1,email,1,person,1,person
585212,0,488928,6272425,1.0,,,,,,,q1_graph2,2025-03-14 14:20:25,2025-03-14,73,11,3,14,email,1,person,1,person
582851,1,629627,6341437,1.0,1.0,4.0,-26.6688,-7.31949,-1.16067,-162.983,q1_graph2,2025-03-15 09:30:37,2025-03-15,74,11,3,9,phone,1,person,1,person
488928,0,585212,6359006,1.0,,,,,,,q1_graph2,2025-03-15 14:23:26,2025-03-15,74,11,3,14,email,1,person,1,person
527597,1,563211,6384799,1.0,1.0,1.0,-27.555,-13.373,-27.3353,-18.2227,q1_graph2,2025-03-15 21:33:19,2025-03-15,74,11,3,21,phone,1,person,1,person
585212,1,629627,6426720,1.0,4.0,4.0,5.62833,-161.113,-1.16067,-162.983,q1_graph2,2025-03-16 09:12:00,2025-03-16,75,11,3,9,phone,1,person,1,person
541017,0,585212,6443424,1.0,,,,,,,q1_graph2,2025-03-16 13:50:24,2025-03-16,75,11,3,13,email,1,person,1,person
629627,0,534034,6598227,1.0,,,,,,,q1_graph2,2025-03-18 08:50:27,2025-03-18,77,12,3,8,email,1,person,1,person
585212,1,563211,6616656,1.0,4.0,1.0,5.62833,-161.113,-27.3353,-18.2227,q1_graph2,2025-03-18 13:57:36,2025-03-18,77,12,3,13,phone,1,person,1,person
488928,0,585212,6703224,1.0,,,,,,,q1_graph2,2025-03-19 14:00:24,2025-03-19,78,12,3,14,email,1,person,1,person
585212,0,644830,6733654,1.0,,,,,,,q1_graph2,2025-03-19 22:27:34,2025-03-19,78,12,3,22,email,1,person,1,person
527597,1,585212,6751549,1.0,1.0,4.0,-27.555,-13.373,5.62833,-161.113,q1_graph2,2025-03-20 03:25:49,2025-03-20,79,12,3,3,phone,1,person,1,person
585212,1,599441,6784532,1.0,4.0,4.0,5.62833,-161.113,2.74785,-162.275,q1_graph2,2025-03-20 12:35:32,2025-03-20,79,12,3,12,phone,1,person,1,person
644830,0,585212,6821216,1.0,,,,,,,q1_graph2,2025-03-20 22:46:56,2025-03-20,79,12,3,22,email,1,person,1,person
541017,0,585212,6864201,1.0,,,,,,,q1_graph2,2025-03-21 10:43:21,2025-03-21,80,12,3,10,email,1,person,1,person
599441,0,582851,6878154,1.0,,,,,,,q1_graph2,2025-03-21 14:35:54,2025-03-21,80,12,3,14,email,1,person,1,person
585212,0,488928,6941544,1.0,,,,,,,q1_graph2,2025-03-22 08:12:24,2025-03-22,81,12,3,8,email,1,person,1,person
527597,1,582851,6944750,1.0,1.0,1.0,-27.555,-13.373,-26.6688,-7.31949,q1_graph2,2025-03-22 09:05:50,2025-03-22,81,12,3,9,phone,1,person,1,person
644830,0,488928,7096778,1.0,,,,,,,q1_graph2,2025-03-24 03:19:38,2025-03-24,83,13,3,3,email,1,person,1,person
585212,1,563211,7097908,1.0,4.0,1.0,5.62833,-161.113,-27.3353,-18.2227,q1_graph2,2025-03-24 03:38:28,2025-03-24,83,13,3,3,phone,1,person,1,person
488928,0,585212,7127283,1.0,,,,,,,q1_graph2,2025-03-24 11:48:03,2025-03-24,83,13,3,11,email,1,person,1,person
582851,1,563211,7191426,1.0,1.0,1.0,-26.6688,-7.31949,-27.3353,-18.2227,q1_graph2,2025-03-25 05:37:06,2025-03-25,84,13,3,5,phone,1,person,1,person
644830,0,488928,7243181,1.0,,,,,,,q1_graph2,2025-03-25 19:59:41,2025-03-25,84,13,3,19,email,1,person,1,person
527597,1,582851,7261450,1.0,1.0,1.0,-27.555,-13.373,-26.6688,-7.31949,q1_graph2,2025-03-26 01:04:10,2025-03-26,85,13,3,1,phone,1,person,1,person
541017,0,527597,7359754,1.0,,,,,,,q1_graph2,2025-03-27 04:22:34,2025-03-27,86,13,3,4,email,1,person,1,person
527597,1,582851,7388590,1.0,1.0,1.0,-27.555,-13.373,-26.6688,-7.31949,q1_graph2,2025-03-27 12:23:10,2025-03-27,86,13,3,12,phone,1,person,1,person
585212,0,644830,7489945,1.0,,,,,,,q1_graph2,2025-03-28 16:32:25,2025-03-28,87,13,3,16,email,1,person,1,person
527597,1,585212,7574087,1.0,1.0,4.0,-27.555,-13.373,5.62833,-161.113,q1_graph2,2025-03-29 15:54:47,2025-03-29,88,13,3,15,phone,1,person,1,person
541017,0,629627,7693360,1.0,,,,,,,q1_graph2,2025-03-31 01:02:40,2025-03-31,90,14,3,1,email,1,person,1,person
585212,0,488928,7808131,1.0,,,,,,,q1_graph2,2025-04-01 08:55:31,2025-04-01,91,14,4,8,email,1,person,1,person
541017,1,563211,7818079,1.0,1.0,1.0,-29.4524,-13.6491,-27.3353,-18.2227,q1_graph2,2025-04-01 11:41:19,2025-04-01,91,14,4,11,phone,1,person,1,person
563211,0,527597,7969021,1.0,,,,,,,q1_graph2,2025-04-03 05:37:01,2025-04-03,93,14,4,5,email,1,person,1,person
599441,0,585212,8043145,1.0,,,,,,,q1_graph2,2025-04-04 02:12:25,2025-04-04,94,14,4,2,email,1,person,1,person
563211,0,534034,8102282,1.0,,,,,,,q1_graph2,2025-04-04 18:38:02,2025-04-04,94,14,4,18,email,1,person,1,person
644830,0,488928,8127107,1.0,,,,,,,q1_graph2,2025-04-05 01:31:47,2025-04-05,95,14,4,1,email,1,person,1,person
585212,1,534034,8142014,1.0,4.0,4.0,5.62833,-161.113,0.486228,-168.472,q1_graph2,2025-04-05 05:40:14,2025-04-05,95,14,4,5,phone,1,person,1,person
541017,1,582851,8167759,1.0,1.0,1.0,-29.4524,-13.6491,-26.6688,-7.31949,q1_graph2,2025-04-05 12:49:19,2025-04-05,95,14,4,12,phone,1,person,1,person
629627,0,527597,8168946,1.0,,,,,,,q1_graph2,2025-04-05 13:09:06,2025-04-05,95,14,4,13,email,1,person,1,person
541017,0,527597,8294685,1.0,,,,,,,q1_graph2,2025-04-07 00:04:45,2025-04-07,97,15,4,0,email,1,person,1,person
629627,0,563211,8357396,1.0,,,,,,,q1_graph2,2025-04-07 17:29:56,2025-04-07,97,15,4,17,email,1,person,1,person
582851,1,563211,8376183,1.0,1.0,1.0,-26.6688,-7.31949,-27.3353,-18.2227,q1_graph2,2025-04-07 22:43:03,2025-04-07,97,15,4,22,phone,1,person,1,person
541017,0,629627,8433984,1.0,,,,,,,q1_graph2,2025-04-08 14:46:24,2025-04-08,98,15,4,14,email,1,person,1,person
585212,0,644830,8441674,1.0,,,,,,,q1_graph2,2025-04-08 16:54:34,2025-04-08,98,15,4,16,email,1,person,1,person
527597,1,582851,8458432,1.0,1.0,1.0,-27.555,-13.373,-26.6688,-7.31949,q1_graph2,2025-04-08 21:33:52,2025-04-08,98,15,4,21,phone,1,person,1,person
534034,0,527597,8544418,1.0,,,,,,,q1_graph2,2025-04-09 21:26:58,2025-04-09,99,15,4,21,email,1,person,1,person
541017,1,599441,8615406,1.0,1.0,4.0,-29.4524,-13.6491,2.74785,-162.275,q1_graph2,2025-04-10 17:10:06,2025-04-10,100,15,4,17,phone,1,person,1,person
541017,0,585212,8653188,1.0,,,,,,,q1_graph2,2025-04-11 03:39:48,2025-04-11,101,15,4,3,email,1,person,1,person
563211,0,629627,8711294,1.0,,,,,,,q1_graph2,2025-04-11 19:48:14,2025-04-11,101,15,4,19,email,1,person,1,person
585212,1,534034,8850337,1.0,4.0,4.0,5.62833,-161.113,0.486228,-168.472,q1_graph2,2025-04-13 10:25:37,2025-04-13,103,15,4,10,phone,1,person,1,person
585212,0,644830,8855927,1.0,,,,,,,q1_graph2,2025-04-13 11:58:47,2025-04-13,103,15,4,11,email,1,person,1,person
585212,1,629627,8905092,1.0,4.0,4.0,5.62833,-161.113,-1.16067,-162.983,q1_graph2,2025-04-14 01:38:12,2025-04-14,104,16,4,1,phone,1,person,1,person
585212,0,644830,9240893,1.0,,,,,,,q1_graph2,2025-04-17 22:54:53,2025-04-17,107,16,4,22,email,1,person,1,person
644830,0,488928,9286158,1.0,,,,,,,q1_graph2,2025-04-18 11:29:18,2025-04-18,108,16,4,11,email,1,person,1,person
629627,0,582851,9386339,1.0,,,,,,,q1_graph2,2025-04-19 15:18:59,2025-04-19,109,16,4,15,email,1,person,1,person
527597,0,534034,9397663,1.0,,,,,,,q1_graph2,2025-04-19 18:27:43,2025-04-19,109,16,4,18,email,1,person,1,person
563211,0,527597,9409176,1.0,,,,,,,q1_graph2,2025-04-19 21:39:36,2025-04-19,109,16,4,21,email,1,person,1,person
527597,0,585212,9503440,1.0,,,,,,,q1_graph2,2025-04-20 23:50:40,2025-04-20,110,16,4,23,email,1,person,1,person
629627,0,599441,9689806,1.0,,,,,,,q1_graph2,2025-04-23 03:36:46,2025-04-23,113,17,4,3,email,1,person,1,person
599441,0,541017,9862807,1.0,,,,,,,q1_graph2,2025-04-25 03:40:07,2025-04-25,115,17,4,3,email,1,person,1,person
527597,0,541017,9879345,1.0,,,,,,,q1_graph2,2025-04-25 08:15:45,2025-04-25,115,17,4,8,email,1,person,1,person
541017,1,582851,9921458,1.0,1.0,1.0,-29.4524,-13.6491,-26.6688,-7.31949,q1_graph2,2025-04-25 19:57:38,2025-04-25,115,17,4,19,phone,1,person,1,person
629627,0,534034,9960277,1.0,,,,,,,q1_graph2,2025-04-26 06:44:37,2025-04-26,116,17,4,6,email,1,person,1,person
582851,1,541017,10089293,1.0,1.0,1.0,-26.6688,-7.31949,-29.4524,-13.6491,q1_graph2,2025-04-27 18:34:53,2025-04-27,117,17,4,18,phone,1,person,1,person
585212,0,644830,10304971,1.0,,,,,,,q1_graph2,2025-04-30 06:29:31,2025-04-30,120,18,4,6,email,1,person,1,person
582851,1,585212,10332671,1.0,1.0,4.0,-26.6688,-7.31949,5.62833,-161.113,q1_graph2,2025-04-30 14:11:11,2025-04-30,120,18,4,14,phone,1,person,1,person
644830,0,488928,10363238,1.0,,,,,,,q1_graph2,2025-04-30 22:40:38,2025-04-30,120,18,4,22,email,1,person,1,person
602912,0,534449,10436141,1.0,,,,,,,q1_graph2,2025-05-01 18:55:41,2025-05-01,121,18,5,18,email,1,person,1,person
515794,0,505965,10449234,1.0,,,,,,,q1_graph2,2025-05-01 22:33:54,2025-05-01,121,18,5,22,email,1,person,1,person
629627,1,534449,10475109,1.0,4.0,2.0,-1.16067,-162.983,-24.0127,90.9734,q1_graph2,2025-05-02 05:45:09,2025-05-02,122,18,5,5,phone,1,person,1,person
477138,0,515794,10491217,1.0,,,,,,,q1_graph2,2025-05-02 10:13:37,2025-05-02,122,18,5,10,email,1,person,1,person
544615,0,629627,10545616,1.0,,,,,,,q1_graph2,2025-05-03 01:20:16,2025-05-03,123,18,5,1,email,1,person,1,person
515794,1,477138,10564216,1.0,4.0,3.0,6.71518,-165.251,-24.7171,-111.474,q1_graph2,2025-05-03 06:30:16,2025-05-03,123,18,5,6,phone,1,person,1,person
527597,0,582851,10574943,1.0,,,,,,,q1_graph2,2025-05-03 09:29:03,2025-05-03,123,18,5,9,email,1,person,1,person
505965,1,639051,10582812,1.0,4.0,3.0,-3.88606,-166.186,-25.422,-111.678,q1_graph2,2025-05-03 11:40:12,2025-05-03,123,18,5,11,phone,1,person,1,person
477138,0,544615,10584513,1.0,,,,,,,q1_graph2,2025-05-03 12:08:33,2025-05-03,123,18,5,12,email,1,person,1,person
534449,0,505965,10591475,1.0,,,,,,,q1_graph2,2025-05-03 14:04:35,2025-05-03,123,18,5,14,email,1,person,1,person
544615,0,639051,10626591,1.0,,,,,,,q1_graph2,2025-05-03 23:49:51,2025-05-03,123,18,5,23,email,1,person,1,person
572413,0,602912,10643744,1.0,,,,,,,q1_graph2,2025-05-04 04:35:44,2025-05-04,124,18,5,4,email,1,person,1,person
515794,0,534449,10682653,1.0,,,,,,,q1_graph2,2025-05-04 15:24:13,2025-05-04,124,18,5,15,email,1,person,1,person
602912,0,515794,10708046,1.0,,,,,,,q1_graph2,2025-05-04 22:27:26,2025-05-04,124,18,5,22,email,1,person,1,person
599441,0,534034,10719247,1.0,,,,,,,q1_graph2,2025-05-05 01:34:07,2025-05-05,125,19,5,1,email,1,person,1,person
602912,0,639051,10738685,1.0,,,,,,,q1_graph2,2025-05-05 06:58:05,2025-05-05,125,19,5,6,email,1,person,1,person
582851,1,527597,10744257,1.0,1.0,1.0,-26.6688,-7.31949,-27.555,-13.373,q1_graph2,2025-05-05 08:30:57,2025-05-05,125,19,5,8,phone,1,person,1,person
582851,1,541017,10754288,1.0,1.0,1.0,-26.6688,-7.31949,-29.4524,-13.6491,q1_graph2,2025-05-05 11:18:08,2025-05-05,125,19,5,11,phone,1,person,1,person
582851,1,585212,10779478,1.0,1.0,4.0,-26.6688,-7.31949,5.62833,-161.113,q1_graph2,2025-05-05 18:17:58,2025-05-05,125,19,5,18,phone,1,person,1,person
544615,0,477138,10787213,1.0,,,,,,,q1_graph2,2025-05-05 20:26:53,2025-05-05,125,19,5,20,email,1,person,1,person
572413,0,477138,10788656,1.0,,,,,,,q1_graph2,2025-05-05 20:50:56,2025-05-05,125,19,5,20,email,1,person,1,person
572413,0,629627,10827522,1.0,,,,,,,q1_graph2,2025-05-06 07:38:42,2025-05-06,126,19,5,7,email,1,person,1,person
644830,0,488928,10857107,1.0,,,,,,,q1_graph2,2025-05-06 15:51:47,2025-05-06,126,19,5,15,email,1,person,1,person
602912,0,477138,10874051,1.0,,,,,,,q1_graph2,2025-05-06 20:34:11,2025-05-06,126,19,5,20,email,1,person,1,person
541017,0,582851,10900665,1.0,,,,,,,q1_graph2,2025-05-07 03:57:45,2025-05-07,127,19,5,3,email,1,person,1,person
602912,1,544615,10901482,1.0,1.0,2.0,-28.3801,-9.46184,-20.6565,91.7841,q1_graph2,2025-05-07 04:11:22,2025-05-07,127,19,5,4,phone,1,person,1,person
602912,0,629627,10927260,1.0,,,,,,,q1_graph2,2025-05-07 11:21:00,2025-05-07,127,19,5,11,email,1,person,1,person
629627,1,477138,10934479,1.0,4.0,3.0,-1.16067,-162.983,-24.7171,-111.474,q1_graph2,2025-05-07 13:21:19,2025-05-07,127,19,5,13,phone,1,person,1,person
515794,0,602912,10952497,1.0,,,,,,,q1_graph2,2025-05-07 18:21:37,2025-05-07,127,19,5,18,email,1,person,1,person
644830,0,488928,10963849,1.0,,,,,,,q1_graph2,2025-05-07 21:30:49,2025-05-07,127,19,5,21,email,1,person,1,person
629627,1,515794,10965136,1.0,4.0,4.0,-1.16067,-162.983,6.71518,-165.251,q1_graph2,2025-05-07 21:52:16,2025-05-07,127,19,5,21,phone,1,person,1,person
644830,0,488928,10976634,1.0,,,,,,,q1_graph2,2025-05-08 01:03:54,2025-05-08,128,19,5,1,email,1,person,1,person
477138,0,629627,11065871,1.0,,,,,,,q1_graph2,2025-05-09 01:51:11,2025-05-09,129,19,5,1,email,1,person,1,person
541017,1,599441,11074863,1.0,1.0,4.0,-29.4524,-13.6491,2.74785,-162.275,q1_graph2,2025-05-09 04:21:03,2025-05-09,129,19,5,4,phone,1,person,1,person
534034,0,582851,11100226,1.0,,,,,,,q1_graph2,2025-05-09 11:23:46,2025-05-09,129,19,5,11,email,1,person,1,person
505965,1,515794,11211138,1.0,4.0,4.0,-3.88606,-166.186,6.71518,-165.251,q1_graph2,2025-05-10 18:12:18,2025-05-10,130,19,5,18,phone,1,person,1,person
477138,0,639051,11259863,1.0,,,,,,,q1_graph2,2025-05-11 07:44:23,2025-05-11,131,19,5,7,email,1,person,1,person
629627,0,563211,11287622,1.0,,,,,,,q1_graph2,2025-05-11 15:27:02,2025-05-11,131,19,5,15,email,1,person,1,person
527597,0,541017,11293594,1.0,,,,,,,q1_graph2,2025-05-11 17:06:34,2025-05-11,131,19,5,17,email,1,person,1,person
602912,1,534449,11319504,1.0,1.0,2.0,-28.3801,-9.46184,-24.0127,90.9734,q1_graph2,2025-05-12 00:18:24,2025-05-12,132,20,5,0,phone,1,person,1,person
505965,1,602912,11345084,1.0,4.0,1.0,-3.88606,-166.186,-28.3801,-9.46184,q1_graph2,2025-05-12 07:24:44,2025-05-12,132,20,5,7,phone,1,person,1,person
544615,0,639051,11361079,1.0,,,,,,,q1_graph2,2025-05-12 11:51:19,2025-05-12,132,20,5,11,email,1,person,1,person
505965,1,544615,11376309,1.0,4.0,2.0,-3.88606,-166.186,-20.6565,91.7841,q1_graph2,2025-05-12 16:05:09,2025-05-12,132,20,5,16,phone,1,person,1,person
544615,0,639051,11398887,1.0,,,,,,,q1_graph2,2025-05-12 22:21:27,2025-05-12,132,20,5,22,email,1,person,1,person
477138,0,534449,11457565,1.0,,,,,,,q1_graph2,2025-05-13 14:39:25,2025-05-13,133,20,5,14,email,1,person,1,person
644830,0,585212,11489905,1.0,,,,,,,q1_graph2,2025-05-13 23:38:25,2025-05-13,133,20,5,23,email,1,person,1,person
602912,0,515794,11521391,1.0,,,,,,,q1_graph2,2025-05-14 08:23:11,2025-05-14,134,20,5,8,email,1,person,1,person
477138,0,544615,11577935,1.0,,,,,,,q1_graph2,2025-05-15 00:05:35,2025-05-15,135,20,5,0,email,1,person,1,person
602912,0,515794,11595165,1.0,,,,,,,q1_graph2,2025-05-15 04:52:45,2025-05-15,135,20,5,4,email,1,person,1,person
505965,1,534449,11595270,1.0,4.0,2.0,-3.88606,-166.186,-24.0127,90.9734,q1_graph2,2025-05-15 04:54:30,2025-05-15,135,20,5,4,phone,1,person,1,person
602912,0,629627,11618838,1.0,,,,,,,q1_graph2,2025-05-15 11:27:18,2025-05-15,135,20,5,11,email,1,person,1,person
629627,1,639051,11628219,1.0,4.0,3.0,-1.16067,-162.983,-25.422,-111.678,q1_graph2,2025-05-15 14:03:39,2025-05-15,135,20,5,14,phone,1,person,1,person
572413,0,639051,11691816,1.0,,,,,,,q1_graph2,2025-05-16 07:43:36,2025-05-16,136,20,5,7,email,1,person,1,person
515794,1,602912,11699884,1.0,4.0,1.0,6.71518,-165.251,-28.3801,-9.46184,q1_graph2,2025-05-16 09:58:04,2025-05-16,136,20,5,9,phone,1,person,1,person
602912,0,477138,11710502,1.0,,,,,,,q1_graph2,2025-05-16 12:55:02,2025-05-16,136,20,5,12,email,1,person,1,person
515794,1,544615,11803196,1.0,4.0,2.0,6.71518,-165.251,-20.6565,91.7841,q1_graph2,2025-05-17 14:39:56,2025-05-17,137,20,5,14,phone,1,person,1,person
602912,0,534449,11817324,1.0,,,,,,,q1_graph2,2025-05-17 18:35:24,2025-05-17,137,20,5,18,email,1,person,1,person
629627,1,602912,11962409,1.0,4.0,1.0,-1.16067,-162.983,-28.3801,-9.46184,q1_graph2,2025-05-19 10:53:29,2025-05-19,139,21,5,10,phone,1,person,1,person
505965,1,534449,11964814,1.0,4.0,2.0,-3.88606,-166.186,-24.0127,90.9734,q1_graph2,2025-05-19 11:33:34,2025-05-19,139,21,5,11,phone,1,person,1,person
505965,1,515794,11971387,1.0,4.0,4.0,-3.88606,-166.186,6.71518,-165.251,q1_graph2,2025-05-19 13:23:07,2025-05-19,139,21,5,13,phone,1,person,1,person
629627,1,505965,11985154,1.0,4.0,4.0,-1.16067,-162.983,-3.88606,-166.186,q1_graph2,2025-05-19 17:12:34,2025-05-19,139,21,5,17,phone,1,person,1,person
572413,0,505965,12014363,1.0,,,,,,,q1_graph2,2025-05-20 01:19:23,2025-05-20,140,21,5,1,email,1,person,1,person
572413,0,544615,12062090,1.0,,,,,,,q1_graph2,2025-05-20 14:34:50,2025-05-20,140,21,5,14,email,1,person,1,person
515794,1,505965,12076559,1.0,4.0,4.0,6.71518,-165.251,-3.88606,-166.186,q1_graph2,2025-05-20 18:35:59,2025-05-20,140,21,5,18,phone,1,person,1,person
602912,0,639051,12091739,1.0,,,,,,,q1_graph2,2025-05-20 22:48:59,2025-05-20,140,21,5,22,email,1,person,1,person
572413,0,515794,12141521,1.0,,,,,,,q1_graph2,2025-05-21 12:38:41,2025-05-21,141,21,5,12,email,1,person,1,person
515794,0,602912,12160102,1.0,,,,,,,q1_graph2,2025-05-21 17:48:22,2025-05-21,141,21,5,17,email,1,person,1,person
505965,1,602912,12173431,1.0,4.0,1.0,-3.88606,-166.186,-28.3801,-9.46184,q1_graph2,2025-05-21 21:30:31,2025-05-21,141,21,5,21,phone,1,person,1,person
602912,0,629627,12228391,1.0,,,,,,,q1_graph2,2025-05-22 12:46:31,2025-05-22,142,21,5,12,email,1,person,1,person
477138,0,505965,12269767,1.0,,,,,,,q1_graph2,2025-05-23 00:16:07,2025-05-23,143,21,5,0,email,1,person,1,person
515794,1,505965,12289830,1.0,4.0,4.0,6.71518,-165.251,-3.88606,-166.186,q1_graph2,2025-05-23 05:50:30,2025-05-23,143,21,5,5,phone,1,person,1,person
629627,0,505965,12338685,1.0,,,,,,,q1_graph2,2025-05-23 19:24:45,2025-05-23,143,21,5,19,email,1,person,1,person
477138,0,515794,12405920,1.0,,,,,,,q1_graph2,2025-05-24 14:05:20,2025-05-24,144,21,5,14,email,1,person,1,person
629627,1,544615,12408293,1.0,4.0,2.0,-1.16067,-162.983,-20.6565,91.7841,q1_graph2,2025-05-24 14:44:53,2025-05-24,144,21,5,14,phone,1,person,1,person
572413,0,602912,12410059,1.0,,,,,,,q1_graph2,2025-05-24 15:14:19,2025-05-24,144,21,5,15,email,1,person,1,person
572413,0,505965,12414409,1.0,,,,,,,q1_graph2,2025-05-24 16:26:49,2025-05-24,144,21,5,16,email,1,person,1,person
629627,1,544615,12440413,1.0,4.0,2.0,-1.16067,-162.983,-20.6565,91.7841,q1_graph2,2025-05-24 23:40:13,2025-05-24,144,21,5,23,phone,1,person,1,person
534449,0,629627,12455753,1.0,,,,,,,q1_graph2,2025-05-25 03:55:53,2025-05-25,145,21,5,3,email,1,person,1,person
544615,0,534449,12484354,1.0,,,,,,,q1_graph2,2025-05-25 11:52:34,2025-05-25,145,21,5,11,email,1,person,1,person
505965,1,602912,12523901,1.0,4.0,1.0,-3.88606,-166.186,-28.3801,-9.46184,q1_graph2,2025-05-25 22:51:41,2025-05-25,145,21,5,22,phone,1,person,1,person
505965,1,629627,12540115,1.0,4.0,4.0,-3.88606,-166.186,-1.16067,-162.983,q1_graph2,2025-05-26 03:21:55,2025-05-26,146,22,5,3,phone,1,person,1,person
505965,1,477138,12550059,1.0,4.0,3.0,-3.88606,-166.186,-24.7171,-111.474,q1_graph2,2025-05-26 06:07:39,2025-05-26,146,22,5,6,phone,1,person,1,person
544615,0,602912,12565287,1.0,,,,,,,q1_graph2,2025-05-26 10:21:27,2025-05-26,146,22,5,10,email,1,person,1,person
585212,0,644830,12572672,1.0,,,,,,,q1_graph2,2025-05-26 12:24:32,2025-05-26,146,22,5,12,email,1,person,1,person
515794,0,629627,12598153,1.0,,,,,,,q1_graph2,2025-05-26 19:29:13,2025-05-26,146,22,5,19,email,1,person,1,person
572413,0,515794,12602602,1.0,,,,,,,q1_graph2,2025-05-26 20:43:22,2025-05-26,146,22,5,20,email,1,person,1,person
515794,0,544615,12623593,1.0,,,,,,,q1_graph2,2025-05-27 02:33:13,2025-05-27,147,22,5,2,email,1,person,1,person
515794,0,629627,12653558,1.0,,,,,,,q1_graph2,2025-05-27 10:52:38,2025-05-27,147,22,5,10,email,1,person,1,person
572413,0,602912,12694819,1.0,,,,,,,q1_graph2,2025-05-27 22:20:19,2025-05-27,147,22,5,22,email,1,person,1,person
515794,0,602912,12712662,1.0,,,,,,,q1_graph2,2025-05-28 03:17:42,2025-05-28,148,22,5,3,email,1,person,1,person
544615,0,639051,12756923,1.0,,,,,,,q1_graph2,2025-05-28 15:35:23,2025-05-28,148,22,5,15,email,1,person,1,person
572413,0,544615,12763657,1.0,,,,,,,q1_graph2,2025-05-28 17:27:37,2025-05-28,148,22,5,17,email,1,person,1,person
602912,0,534449,12827754,1.0,,,,,,,q1_graph2,2025-05-29 11:15:54,2025-05-29,149,22,5,11,email,1,person,1,person
644830,2,487668,13302589,958.0,,,,,,,q1_graph2,2025-06-03 23:09:49,2025-06-03,154,23,6,23,sell,1,person,2,product_category
585212,3,487668,13302589,958.0,,,,,,,q1_graph2,2025-06-03 23:09:49,2025-06-03,154,23,6,23,buy,1,person,2,product_category
644830,2,487668,14314933,213.0,,,,,,,q1_graph2,2025-06-15 16:22:13,2025-06-15,166,24,6,16,sell,1,person,2,product_category
585212,3,487668,14314933,213.0,,,,,,,q1_graph2,2025-06-15 16:22:13,2025-06-15,166,24,6,16,buy,1,person,2,product_category
585212,0,644830,14709092,1.0,,,,,,,q1_graph2,2025-06-20 05:51:32,2025-06-20,171,25,6,5,email,1,person,1,person
585212,0,644830,15791166,1.0,,,,,,,q1_graph2,2025-07-02 18:26:06,2025-07-02,183,27,7,18,email,1,person,1,person
644830,2,487668,15936004,276.0,,,,,,,q1_graph2,2025-07-04 10:40:04,2025-07-04,185,27,7,10,sell,1,person,2,product_category
585212,3,487668,15936004,276.0,,,,,,,q1_graph2,2025-07-04 10:40:04,2025-07-04,185,27,7,10,buy,1,person,2,product_category
644830,2,487668,16227037,245.0,,,,,,,q1_graph2,2025-07-07 19:30:37,2025-07-07,188,28,7,19,sell,1,person,2,product_category
585212,3,487668,16227037,245.0,,,,,,,q1_graph2,2025-07-07 19:30:37,2025-07-07,188,28,7,19,buy,1,person,2,product_category
585212,0,644830,16266273,1.0,,,,,,,q1_graph2,2025-07-08 06:24:33,2025-07-08,189,28,7,6,email,1,person,1,person
644830,2,487668,17764060,213.0,,,,,,,q1_graph2,2025-07-25 14:27:40,2025-07-25,206,30,7,14,sell,1,person,2,product_category
585212,3,487668,17764060,213.0,,,,,,,q1_graph2,2025-07-25 14:27:40,2025-07-25,206,30,7,14,buy,1,person,2,product_category
644830,2,487668,18425192,581.0,,,,,,,q1_graph2,2025-08-02 06:06:32,2025-08-02,214,31,8,6,sell,1,person,2,product_category
585212,3,487668,18425192,581.0,,,,,,,q1_graph2,2025-08-02 06:06:32,2025-08-02,214,31,8,6,buy,1,person,2,product_category
585212,0,644830,18661695,1.0,,,,,,,q1_graph2,2025-08-04 23:48:15,2025-08-04,216,32,8,23,email,1,person,1,person
585212,0,644830,18662380,1.0,,,,,,,q1_graph2,2025-08-04 23:59:40,2025-08-04,216,32,8,23,email,1,person,1,person
644830,2,487668,20170502,209.0,,,,,,,q1_graph2,2025-08-22 10:55:02,2025-08-22,234,34,8,10,sell,1,person,2,product_category
585212,3,487668,20170502,209.0,,,,,,,q1_graph2,2025-08-22 10:55:02,2025-08-22,234,34,8,10,buy,1,person,2,product_category
477138,1,639051,20842531,1.0,3.0,3.0,-24.7171,-111.474,-25.422,-111.678,q1_graph2,2025-08-30 05:35:31,2025-08-30,242,35,8,5,phone,1,person,1,person
477138,1,639051,20906802,1.0,3.0,3.0,-24.7171,-111.474,-25.422,-111.678,q1_graph2,2025-08-30 23:26:42,2025-08-30,242,35,8,23,phone,1,person,1,person
639051,0,629627,21116196,1.0,,,,,,,q1_graph2,2025-09-02 09:36:36,2025-09-02,245,36,9,9,email,1,person,1,person
629627,0,477138,21201625,1.0,,,,,,,q1_graph2,2025-09-03 09:20:25,2025-09-03,246,36,9,9,email,1,person,1,person
477138,1,629627,21334033,1.0,3.0,4.0,-24.7171,-111.474,-1.16067,-162.983,q1_graph2,2025-09-04 22:07:13,2025-09-04,247,36,9,22,phone,1,person,1,person
629627,0,477138,21338033,1.0,,,,,,,q1_graph2,2025-09-04 23:13:53,2025-09-04,247,36,9,23,email,1,person,1,person
639051,0,477138,21545376,1.0,,,,,,,q1_graph2,2025-09-07 08:49:36,2025-09-07,250,36,9,8,email,1,person,1,person
639051,0,602912,21573712,1.0,,,,,,,q1_graph2,2025-09-07 16:41:52,2025-09-07,250,36,9,16,email,1,person,1,person
639051,0,477138,21585601,1.0,,,,,,,q1_graph2,2025-09-07 20:00:01,2025-09-07,250,36,9,20,email,1,person,1,person
602912,1,629627,21606175,1.0,1.0,4.0,-28.3801,-9.46184,-1.16067,-162.983,q1_graph2,2025-09-08 01:42:55,2025-09-08,251,37,9,1,phone,1,person,1,person
629627,1,602912,21618588,1.0,4.0,1.0,-1.16067,-162.983,-28.3801,-9.46184,q1_graph2,2025-09-08 05:09:48,2025-09-08,251,37,9,5,phone,1,person,1,person
639051,1,629627,21644066,1.0,3.0,4.0,-25.422,-111.678,-1.16067,-162.983,q1_graph2,2025-09-08 12:14:26,2025-09-08,251,37,9,12,phone,1,person,1,person
477138,1,602912,21656472,1.0,3.0,1.0,-24.7171,-111.474,-28.3801,-9.46184,q1_graph2,2025-09-08 15:41:12,2025-09-08,251,37,9,15,phone,1,person,1,person
639051,0,477138,21679563,1.0,,,,,,,q1_graph2,2025-09-08 22:06:03,2025-09-08,251,37,9,22,email,1,person,1,person
639051,0,629627,21703598,1.0,,,,,,,q1_graph2,2025-09-09 04:46:38,2025-09-09,252,37,9,4,email,1,person,1,person
639051,0,602912,21707171,1.0,,,,,,,q1_graph2,2025-09-09 05:46:11,2025-09-09,252,37,9,5,email,1,person,1,person
477138,1,602912,21718939,1.0,3.0,1.0,-24.7171,-111.474,-28.3801,-9.46184,q1_graph2,2025-09-09 09:02:19,2025-09-09,252,37,9,9,phone,1,person,1,person
639051,0,477138,21760367,1.0,,,,,,,q1_graph2,2025-09-09 20:32:47,2025-09-09,252,37,9,20,email,1,person,1,person
639051,0,629627,21807202,1.0,,,,,,,q1_graph2,2025-09-10 09:33:22,2025-09-10,253,37,9,9,email,1,person,1,person
602912,0,477138,21819818,1.0,,,,,,,q1_graph2,2025-09-10 13:03:38,2025-09-10,253,37,9,13,email,1,person,1,person
629627,1,602912,21898652,1.0,4.0,1.0,-1.16067,-162.983,-28.3801,-9.46184,q1_graph2,2025-09-11 10:57:32,2025-09-11,254,37,9,10,phone,1,person,1,person
629627,0,602912,21912550,1.0,,,,,,,q1_graph2,2025-09-11 14:49:10,2025-09-11,254,37,9,14,email,1,person,1,person
629627,1,639051,21938489,1.0,4.0,3.0,-1.16067,-162.983,-25.422,-111.678,q1_graph2,2025-09-11 22:01:29,2025-09-11,254,37,9,22,phone,1,person,1,person
629627,1,602912,21955909,1.0,4.0,1.0,-1.16067,-162.983,-28.3801,-9.46184,q1_graph2,2025-09-12 02:51:49,2025-09-12,255,37,9,2,phone,1,person,1,person
639051,1,602912,21981600,1.0,3.0,1.0,-25.422,-111.678,-28.3801,-9.46184,q1_graph2,2025-09-12 10:00:00,2025-09-12,255,37,9,10,phone,1,person,1,person
629627,1,477138,22142162,1.0,4.0,3.0,-1.16067,-162.983,-24.7171,-111.474,q1_graph2,2025-09-14 06:36:02,2025-09-14,257,37,9,6,phone,1,person,1,person
602912,1,639051,22207707,1.0,1.0,3.0,-28.3801,-9.46184,-25.422,-111.678,q1_graph2,2025-09-15 00:48:27,2025-09-15,258,38,9,0,phone,1,person,1,person
477138,1,639051,22211417,1.0,3.0,3.0,-24.7171,-111.474,-25.422,-111.678,q1_graph2,2025-09-15 01:50:17,2025-09-15,258,38,9,1,phone,1,person,1,person
602912,1,629627,22247115,1.0,1.0,4.0,-28.3801,-9.46184,-1.16067,-162.983,q1_graph2,2025-09-15 11:45:15,2025-09-15,258,38,9,11,phone,1,person,1,person
639051,1,602912,22248020,1.0,3.0,1.0,-25.422,-111.678,-28.3801,-9.46184,q1_graph2,2025-09-15 12:00:20,2025-09-15,258,38,9,12,phone,1,person,1,person
629627,6,657173,22264074,3.0,3.0,1.0,-25.0,-111.0,-29.0,-13.0,q1_graph2,2025-09-15 16:27:54,2025-09-15,258,38,9,16,travels_to,1,person,5,country
639051,1,629627,22334784,1.0,3.0,4.0,-25.422,-111.678,-1.16067,-162.983,q1_graph2,2025-09-16 12:06:24,2025-09-16,259,38,9,12,phone,1,person,1,person
629627,6,625756,22350474,7.0,4.0,3.0,1.0,-165.0,-25.0,-111.0,q1_graph2,2025-09-16 16:27:54,2025-09-16,259,38,9,16,travels_to,1,person,5,country
477138,0,639051,22399630,1.0,,,,,,,q1_graph2,2025-09-17 06:07:10,2025-09-17,260,38,9,6,email,1,person,1,person
629627,0,602912,22420882,1.0,,,,,,,q1_graph2,2025-09-17 12:01:22,2025-09-17,260,38,9,12,email,1,person,1,person
639051,0,477138,22422133,1.0,,,,,,,q1_graph2,2025-09-17 12:22:13,2025-09-17,260,38,9,12,email,1,person,1,person
639051,0,477138,22451808,1.0,,,,,,,q1_graph2,2025-09-17 20:36:48,2025-09-17,260,38,9,20,email,1,person,1,person
639051,0,629627,22462831,1.0,,,,,,,q1_graph2,2025-09-17 23:40:31,2025-09-17,260,38,9,23,email,1,person,1,person
602912,1,639051,22475347,1.0,1.0,3.0,-28.3801,-9.46184,-25.422,-111.678,q1_graph2,2025-09-18 03:09:07,2025-09-18,261,38,9,3,phone,1,person,1,person
534034,6,657173,22523274,1.0,3.0,1.0,-25.0,-111.0,-29.0,-13.0,q1_graph2,2025-09-18 16:27:54,2025-09-18,261,38,9,16,travels_to,1,person,5,country
477138,0,602912,22530022,1.0,,,,,,,q1_graph2,2025-09-18 18:20:22,2025-09-18,261,38,9,18,email,1,person,1,person
602912,0,477138,22531593,1.0,,,,,,,q1_graph2,2025-09-18 18:46:33,2025-09-18,261,38,9,18,email,1,person,1,person
477138,1,629627,22536510,1.0,3.0,4.0,-24.7171,-111.474,-1.16067,-162.983,q1_graph2,2025-09-18 20:08:30,2025-09-18,261,38,9,20,phone,1,person,1,person
602912,0,477138,22554406,1.0,,,,,,,q1_graph2,2025-09-19 01:06:46,2025-09-19,262,38,9,1,email,1,person,1,person
629627,0,639051,22576342,1.0,,,,,,,q1_graph2,2025-09-19 07:12:22,2025-09-19,262,38,9,7,email,1,person,1,person
629627,0,639051,22663848,1.0,,,,,,,q1_graph2,2025-09-20 07:30:48,2025-09-20,263,38,9,7,email,1,person,1,person
639051,1,477138,22665558,1.0,3.0,3.0,-25.422,-111.678,-24.7171,-111.474,q1_graph2,2025-09-20 07:59:18,2025-09-20,263,38,9,7,phone,1,person,1,person
602912,0,629627,22666112,1.0,,,,,,,q1_graph2,2025-09-20 08:08:32,2025-09-20,263,38,9,8,email,1,person,1,person
602912,0,477138,22757505,1.0,,,,,,,q1_graph2,2025-09-21 09:31:45,2025-09-21,264,38,9,9,email,1,person,1,person
477138,0,602912,22804809,1.0,,,,,,,q1_graph2,2025-09-21 22:40:09,2025-09-21,264,38,9,22,email,1,person,1,person
602912,0,639051,22824279,1.0,,,,,,,q1_graph2,2025-09-22 04:04:39,2025-09-22,265,39,9,4,email,1,person,1,person
602912,1,639051,22830587,1.0,1.0,3.0,-28.3801,-9.46184,-25.422,-111.678,q1_graph2,2025-09-22 05:49:47,2025-09-22,265,39,9,5,phone,1,person,1,person
602912,0,477138,22884475,1.0,,,,,,,q1_graph2,2025-09-22 20:47:55,2025-09-22,265,39,9,20,email,1,person,1,person
629627,0,639051,22934478,1.0,,,,,,,q1_graph2,2025-09-23 10:41:18,2025-09-23,266,39,9,10,email,1,person,1,person
629627,0,639051,22943918,1.0,,,,,,,q1_graph2,2025-09-23 13:18:38,2025-09-23,266,39,9,13,email,1,person,1,person
477138,1,602912,22975397,1.0,3.0,1.0,-24.7171,-111.474,-28.3801,-9.46184,q1_graph2,2025-09-23 22:03:17,2025-09-23,266,39,9,22,phone,1,person,1,person
629627,1,602912,22997872,1.0,4.0,1.0,-1.16067,-162.983,-28.3801,-9.46184,q1_graph2,2025-09-24 04:17:52,2025-09-24,267,39,9,4,phone,1,person,1,person
629627,0,477138,23012151,1.0,,,,,,,q1_graph2,2025-09-24 08:15:51,2025-09-24,267,39,9,8,email,1,person,1,person
602912,0,629627,23034767,1.0,,,,,,,q1_graph2,2025-09-24 14:32:47,2025-09-24,267,39,9,14,email,1,person,1,person
629627,0,639051,23096951,1.0,,,,,,,q1_graph2,2025-09-25 07:49:11,2025-09-25,268,39,9,7,email,1,person,1,person
639051,0,477138,23115416,1.0,,,,,,,q1_graph2,2025-09-25 12:56:56,2025-09-25,268,39,9,12,email,1,person,1,person
477138,0,602912,23174900,1.0,,,,,,,q1_graph2,2025-09-26 05:28:20,2025-09-26,269,39,9,5,email,1,person,1,person
639051,0,477138,23185940,1.0,,,,,,,q1_graph2,2025-09-26 08:32:20,2025-09-26,269,39,9,8,email,1,person,1,person
534034,6,625756,23214474,5.0,4.0,3.0,1.0,-165.0,-25.0,-111.0,q1_graph2,2025-09-26 16:27:54,2025-09-26,269,39,9,16,travels_to,1,person,5,country
639051,0,602912,23246868,1.0,,,,,,,q1_graph2,2025-09-27 01:27:48,2025-09-27,270,39,9,1,email,1,person,1,person
477138,0,629627,23248867,1.0,,,,,,,q1_graph2,2025-09-27 02:01:07,2025-09-27,270,39,9,2,email,1,person,1,person
477138,0,629627,23282119,1.0,,,,,,,q1_graph2,2025-09-27 11:15:19,2025-09-27,270,39,9,11,email,1,person,1,person
639051,1,629627,23282608,1.0,3.0,4.0,-25.422,-111.678,-1.16067,-162.983,q1_graph2,2025-09-27 11:23:28,2025-09-27,270,39,9,11,phone,1,person,1,person
477138,1,639051,23301338,1.0,3.0,3.0,-24.7171,-111.474,-25.422,-111.678,q1_graph2,2025-09-27 16:35:38,2025-09-27,270,39,9,16,phone,1,person,1,person
639051,1,477138,23309100,1.0,3.0,3.0,-25.422,-111.678,-24.7171,-111.474,q1_graph2,2025-09-27 18:45:00,2025-09-27,270,39,9,18,phone,1,person,1,person
639051,1,629627,23328537,1.0,3.0,4.0,-25.422,-111.678,-1.16067,-162.983,q1_graph2,2025-09-28 00:08:57,2025-09-28,271,39,9,0,phone,1,person,1,person
477138,1,629627,23329146,1.0,3.0,4.0,-24.7171,-111.474,-1.16067,-162.983,q1_graph2,2025-09-28 00:19:06,2025-09-28,271,39,9,0,phone,1,person,1,person
477138,1,602912,23336361,1.0,3.0,1.0,-24.7171,-111.474,-28.3801,-9.46184,q1_graph2,2025-09-28 02:19:21,2025-09-28,271,39,9,2,phone,1,person,1,person
639051,1,477138,23345203,1.0,3.0,3.0,-25.422,-111.678,-24.7171,-111.474,q1_graph2,2025-09-28 04:46:43,2025-09-28,271,39,9,4,phone,1,person,1,person
639051,0,629627,23357281,1.0,,,,,,,q1_graph2,2025-09-28 08:08:01,2025-09-28,271,39,9,8,email,1,person,1,person
599441,6,657173,23387274,3.0,3.0,1.0,-25.0,-111.0,-29.0,-13.0,q1_graph2,2025-09-28 16:27:54,2025-09-28,271,39,9,16,travels_to,1,person,5,country
477138,1,639051,23387824,1.0,3.0,3.0,-24.7171,-111.474,-25.422,-111.678,q1_graph2,2025-09-28 16:37:04,2025-09-28,271,39,9,16,phone,1,person,1,person
639051,0,629627,23439733,1.0,,,,,,,q1_graph2,2025-09-29 07:02:13,2025-09-29,272,40,9,7,email,1,person,1,person
477138,1,639051,23493997,1.0,3.0,3.0,-24.7171,-111.474,-25.422,-111.678,q1_graph2,2025-09-29 22:06:37,2025-09-29,272,40,9,22,phone,1,person,1,person
602912,0,629627,23510059,1.0,,,,,,,q1_graph2,2025-09-30 02:34:19,2025-09-30,273,40,9,2,email,1,person,1,person
629627,1,639051,23555844,1.0,4.0,3.0,-1.16067,-162.983,-25.422,-111.678,q1_graph2,2025-09-30 15:17:24,2025-09-30,273,40,9,15,phone,1,person,1,person
602912,0,629627,23591447,1.0,,,,,,,q1_graph2,2025-10-01 01:10:47,2025-10-01,274,40,10,1,email,1,person,1,person
629627,0,639051,23613478,1.0,,,,,,,q1_graph2,2025-10-01 07:17:58,2025-10-01,274,40,10,7,email,1,person,1,person
629627,0,639051,23636603,1.0,,,,,,,q1_graph2,2025-10-01 13:43:23,2025-10-01,274,40,10,13,email,1,person,1,person
585212,6,625756,23646474,5.0,4.0,3.0,1.0,-165.0,-25.0,-111.0,q1_graph2,2025-10-01 16:27:54,2025-10-01,274,40,10,16,travels_to,1,person,5,country
639051,0,629627,23700163,1.0,,,,,,,q1_graph2,2025-10-02 07:22:43,2025-10-02,275,40,10,7,email,1,person,1,person
639051,0,477138,23764735,1.0,,,,,,,q1_graph2,2025-10-03 01:18:55,2025-10-03,276,40,10,1,email,1,person,1,person
629627,1,477138,23795795,1.0,4.0,3.0,-1.16067,-162.983,-24.7171,-111.474,q1_graph2,2025-10-03 09:56:35,2025-10-03,276,40,10,9,phone,1,person,1,person
639051,1,629627,23822681,1.0,3.0,4.0,-25.422,-111.678,-1.16067,-162.983,q1_graph2,2025-10-03 17:24:41,2025-10-03,276,40,10,17,phone,1,person,1,person
629627,1,602912,23842037,1.0,4.0,1.0,-1.16067,-162.983,-28.3801,-9.46184,q1_graph2,2025-10-03 22:47:17,2025-10-03,276,40,10,22,phone,1,person,1,person
629627,1,477138,23881840,1.0,4.0,3.0,-1.16067,-162.983,-24.7171,-111.474,q1_graph2,2025-10-04 09:50:40,2025-10-04,277,40,10,9,phone,1,person,1,person
629627,0,639051,23885449,1.0,,,,,,,q1_graph2,2025-10-04 10:50:49,2025-10-04,277,40,10,10,email,1,person,1,person
599441,6,625756,23905674,2.0,4.0,3.0,1.0,-165.0,-25.0,-111.0,q1_graph2,2025-10-04 16:27:54,2025-10-04,277,40,10,16,travels_to,1,person,5,country
639051,0,477138,24039351,1.0,,,,,,,q1_graph2,2025-10-06 05:35:51,2025-10-06,279,41,10,5,email,1,person,1,person
477138,1,629627,24088607,1.0,3.0,4.0,-24.7171,-111.474,-1.16067,-162.983,q1_graph2,2025-10-06 19:16:47,2025-10-06,279,41,10,19,phone,1,person,1,person
477138,1,629627,24287043,1.0,3.0,4.0,-24.7171,-111.474,-1.16067,-162.983,q1_graph2,2025-10-09 02:24:03,2025-10-09,282,41,10,2,phone,1,person,1,person
629627,0,477138,24303471,1.0,,,,,,,q1_graph2,2025-10-09 06:57:51,2025-10-09,282,41,10,6,email,1,person,1,person
477138,1,639051,24308317,1.0,3.0,3.0,-24.7171,-111.474,-25.422,-111.678,q1_graph2,2025-10-09 08:18:37,2025-10-09,282,41,10,8,phone,1,person,1,person
629627,0,639051,24390893,1.0,,,,,,,q1_graph2,2025-10-10 07:14:53,2025-10-10,283,41,10,7,email,1,person,1,person
629627,1,534449,25070537,1.0,4.0,2.0,-1.16067,-162.983,-24.0127,90.9734,q1_graph2,2025-10-18 04:02:17,2025-10-18,291,42,10,4,phone,1,person,1,person
572413,0,629627,25077063,1.0,,,,,,,q1_graph2,2025-10-18 05:51:03,2025-10-18,291,42,10,5,email,1,person,1,person
572413,0,505965,25078145,1.0,,,,,,,q1_graph2,2025-10-18 06:09:05,2025-10-18,291,42,10,6,email,1,person,1,person
629627,1,515794,25080322,1.0,4.0,4.0,-1.16067,-162.983,6.71518,-165.251,q1_graph2,2025-10-18 06:45:22,2025-10-18,291,42,10,6,phone,1,person,1,person
505965,0,629627,25080457,1.0,,,,,,,q1_graph2,2025-10-18 06:47:37,2025-10-18,291,42,10,6,email,1,person,1,person
505965,0,515794,25082206,1.0,,,,,,,q1_graph2,2025-10-18 07:16:46,2025-10-18,291,42,10,7,email,1,person,1,person
629627,1,515794,25082444,1.0,4.0,4.0,-1.16067,-162.983,6.71518,-165.251,q1_graph2,2025-10-18 07:20:44,2025-10-18,291,42,10,7,phone,1,person,1,person
505965,0,515794,25083330,1.0,,,,,,,q1_graph2,2025-10-18 07:35:30,2025-10-18,291,42,10,7,email,1,person,1,person
629627,1,505965,25085370,1.0,4.0,4.0,-1.16067,-162.983,-3.88606,-166.186,q1_graph2,2025-10-18 08:09:30,2025-10-18,291,42,10,8,phone,1,person,1,person
629627,1,515794,25088201,1.0,4.0,4.0,-1.16067,-162.983,6.71518,-165.251,q1_graph2,2025-10-18 08:56:41,2025-10-18,291,42,10,8,phone,1,person,1,person
572413,0,629627,25088973,1.0,,,,,,,q1_graph2,2025-10-18 09:09:33,2025-10-18,291,42,10,9,email,1,person,1,person
629627,1,505965,25090157,1.0,4.0,4.0,-1.16067,-162.983,-3.88606,-166.186,q1_graph2,2025-10-18 09:29:17,2025-10-18,291,42,10,9,phone,1,person,1,person
505965,0,515794,25090730,1.0,,,,,,,q1_graph2,2025-10-18 09:38:50,2025-10-18,291,42,10,9,email,1,person,1,person
572413,0,505965,25096246,1.0,,,,,,,q1_graph2,2025-10-18 11:10:46,2025-10-18,291,42,10,11,email,1,person,1,person
629627,1,505965,25096422,1.0,4.0,4.0,-1.16067,-162.983,-3.88606,-166.186,q1_graph2,2025-10-18 11:13:42,2025-10-18,291,42,10,11,phone,1,person,1,person
629627,1,505965,25096676,1.0,4.0,4.0,-1.16067,-162.983,-3.88606,-166.186,q1_graph2,2025-10-18 11:17:56,2025-10-18,291,42,10,11,phone,1,person,1,person
629627,1,515794,25099662,1.0,4.0,4.0,-1.16067,-162.983,6.71518,-165.251,q1_graph2,2025-10-18 12:07:42,2025-10-18,291,42,10,12,phone,1,person,1,person
572413,0,629627,25102198,1.0,,,,,,,q1_graph2,2025-10-18 12:49:58,2025-10-18,291,42,10,12,email,1,person,1,person
515794,0,505965,25106307,1.0,,,,,,,q1_graph2,2025-10-18 13:58:27,2025-10-18,291,42,10,13,email,1,person,1,person
585212,6,509607,25115274,6.0,2.0,4.0,-22.0,91.0,1.0,-165.0,q1_graph2,2025-10-18 16:27:54,2025-10-18,291,42,10,16,travels_to,1,person,5,country
572413,0,515794,25119654,1.0,,,,,,,q1_graph2,2025-10-18 17:40:54,2025-10-18,291,42,10,17,email,1,person,1,person
505965,0,515794,25120036,1.0,,,,,,,q1_graph2,2025-10-18 17:47:16,2025-10-18,291,42,10,17,email,1,person,1,person
629627,0,505965,25122396,1.0,,,,,,,q1_graph2,2025-10-18 18:26:36,2025-10-18,291,42,10,18,email,1,person,1,person
629627,0,515794,25124906,1.0,,,,,,,q1_graph2,2025-10-18 19:08:26,2025-10-18,291,42,10,19,email,1,person,1,person
534449,0,544615,25126176,1.0,,,,,,,q1_graph2,2025-10-18 19:29:36,2025-10-18,291,42,10,19,email,1,person,1,person
629627,1,534449,25126426,1.0,4.0,2.0,-1.16067,-162.983,-24.0127,90.9734,q1_graph2,2025-10-18 19:33:46,2025-10-18,291,42,10,19,phone,1,person,1,person
629627,0,505965,25127032,1.0,,,,,,,q1_graph2,2025-10-18 19:43:52,2025-10-18,291,42,10,19,email,1,person,1,person
629627,0,505965,25127974,1.0,,,,,,,q1_graph2,2025-10-18 19:59:34,2025-10-18,291,42,10,19,email,1,person,1,person
629627,1,505965,25128416,1.0,4.0,4.0,-1.16067,-162.983,-3.88606,-166.186,q1_graph2,2025-10-18 20:06:56,2025-10-18,291,42,10,20,phone,1,person,1,person
629627,1,505965,25129688,1.0,4.0,4.0,-1.16067,-162.983,-3.88606,-166.186,q1_graph2,2025-10-18 20:28:08,2025-10-18,291,42,10,20,phone,1,person,1,person
629627,0,515794,25129964,1.0,,,,,,,q1_graph2,2025-10-18 20:32:44,2025-10-18,291,42,10,20,email,1,person,1,person
572413,0,505965,25130068,1.0,,,,,,,q1_graph2,2025-10-18 20:34:28,2025-10-18,291,42,10,20,email,1,person,1,person
572413,0,505965,25135544,1.0,,,,,,,q1_graph2,2025-10-18 22:05:44,2025-10-18,291,42,10,22,email,1,person,1,person
505965,0,629627,25138706,1.0,,,,,,,q1_graph2,2025-10-18 22:58:26,2025-10-18,291,42,10,22,email,1,person,1,person
505965,0,515794,25138948,1.0,,,,,,,q1_graph2,2025-10-18 23:02:28,2025-10-18,291,42,10,23,email,1,person,1,person
505965,0,629627,25139645,1.0,,,,,,,q1_graph2,2025-10-18 23:14:05,2025-10-18,291,42,10,23,email,1,person,1,person
505965,0,629627,25139950,1.0,,,,,,,q1_graph2,2025-10-18 23:19:10,2025-10-18,291,42,10,23,email,1,person,1,person
629627,1,515794,25142976,1.0,4.0,4.0,-1.16067,-162.983,6.71518,-165.251,q1_graph2,2025-10-19 00:09:36,2025-10-19,292,42,10,0,phone,1,person,1,person
629627,1,505965,25145869,1.0,4.0,4.0,-1.16067,-162.983,-3.88606,-166.186,q1_graph2,2025-10-19 00:57:49,2025-10-19,292,42,10,0,phone,1,person,1,person
515794,0,629627,25150110,1.0,,,,,,,q1_graph2,2025-10-19 02:08:30,2025-10-19,292,42,10,2,email,1,person,1,person
572413,0,515794,25150124,1.0,,,,,,,q1_graph2,2025-10-19 02:08:44,2025-10-19,292,42,10,2,email,1,person,1,person
629627,1,534449,25152027,1.0,4.0,2.0,-1.16067,-162.983,-24.0127,90.9734,q1_graph2,2025-10-19 02:40:27,2025-10-19,292,42,10,2,phone,1,person,1,person
505965,0,629627,25153698,1.0,,,,,,,q1_graph2,2025-10-19 03:08:18,2025-10-19,292,42,10,3,email,1,person,1,person
505965,0,629627,25154779,1.0,,,,,,,q1_graph2,2025-10-19 03:26:19,2025-10-19,292,42,10,3,email,1,person,1,person
544615,0,534449,25156869,1.0,,,,,,,q1_graph2,2025-10-19 04:01:09,2025-10-19,292,42,10,4,email,1,person,1,person
534449,1,544615,25157304,1.0,2.0,2.0,-24.0127,90.9734,-20.6565,91.7841,q1_graph2,2025-10-19 04:08:24,2025-10-19,292,42,10,4,phone,1,person,1,person
534449,0,629627,25165451,1.0,,,,,,,q1_graph2,2025-10-19 06:24:11,2025-10-19,292,42,10,6,email,1,person,1,person
534449,1,629627,25169659,1.0,2.0,4.0,-24.0127,90.9734,-1.16067,-162.983,q1_graph2,2025-10-19 07:34:19,2025-10-19,292,42,10,7,phone,1,person,1,person
629627,1,544615,25237137,1.0,4.0,2.0,-1.16067,-162.983,-20.6565,91.7841,q1_graph2,2025-10-20 02:18:57,2025-10-20,293,43,10,2,phone,1,person,1,person
534449,0,629627,25271522,1.0,,,,,,,q1_graph2,2025-10-20 11:52:02,2025-10-20,293,43,10,11,email,1,person,1,person
534449,1,629627,25295649,1.0,2.0,4.0,-24.0127,90.9734,-1.16067,-162.983,q1_graph2,2025-10-20 18:34:09,2025-10-20,293,43,10,18,phone,1,person,1,person
534449,1,629627,25297793,1.0,2.0,4.0,-24.0127,90.9734,-1.16067,-162.983,q1_graph2,2025-10-20 19:09:53,2025-10-20,293,43,10,19,phone,1,person,1,person
544615,0,629627,25301697,1.0,,,,,,,q1_graph2,2025-10-20 20:14:57,2025-10-20,293,43,10,20,email,1,person,1,person
544615,0,629627,25342520,1.0,,,,,,,q1_graph2,2025-10-21 07:35:20,2025-10-21,294,43,10,7,email,1,person,1,person
534449,0,544615,25374490,1.0,,,,,,,q1_graph2,2025-10-21 16:28:10,2025-10-21,294,43,10,16,email,1,person,1,person
544615,0,629627,25401849,1.0,,,,,,,q1_graph2,2025-10-22 00:04:09,2025-10-22,295,43,10,0,email,1,person,1,person
534449,1,629627,25414057,1.0,2.0,4.0,-24.0127,90.9734,-1.16067,-162.983,q1_graph2,2025-10-22 03:27:37,2025-10-22,295,43,10,3,phone,1,person,1,person
534449,0,544615,25414331,1.0,,,,,,,q1_graph2,2025-10-22 03:32:11,2025-10-22,295,43,10,3,email,1,person,1,person
534449,0,629627,25436062,1.0,,,,,,,q1_graph2,2025-10-22 09:34:22,2025-10-22,295,43,10,9,email,1,person,1,person
544615,0,534449,25483276,1.0,,,,,,,q1_graph2,2025-10-22 22:41:16,2025-10-22,295,43,10,22,email,1,person,1,person
629627,1,544615,25513507,1.0,4.0,2.0,-1.16067,-162.983,-20.6565,91.7841,q1_graph2,2025-10-23 07:05:07,2025-10-23,296,43,10,7,phone,1,person,1,person
629627,1,534449,25576317,1.0,4.0,2.0,-1.16067,-162.983,-24.0127,90.9734,q1_graph2,2025-10-24 00:31:57,2025-10-24,297,43,10,0,phone,1,person,1,person
534449,1,629627,25588871,1.0,2.0,4.0,-24.0127,90.9734,-1.16067,-162.983,q1_graph2,2025-10-24 04:01:11,2025-10-24,297,43,10,4,phone,1,person,1,person
534034,6,499467,25633674,1.0,1.0,2.0,-29.0,-13.0,-22.0,91.0,q1_graph2,2025-10-24 16:27:54,2025-10-24,297,43,10,16,travels_to,1,person,5,country
585212,6,499467,25633674,1.0,1.0,2.0,-29.0,-13.0,-22.0,91.0,q1_graph2,2025-10-24 16:27:54,2025-10-24,297,43,10,16,travels_to,1,person,5,country
534449,0,544615,25671680,1.0,,,,,,,q1_graph2,2025-10-25 03:01:20,2025-10-25,298,43,10,3,email,1,person,1,person
534449,1,544615,25697695,1.0,2.0,2.0,-24.0127,90.9734,-20.6565,91.7841,q1_graph2,2025-10-25 10:14:55,2025-10-25,298,43,10,10,phone,1,person,1,person
534449,1,629627,25701216,1.0,2.0,4.0,-24.0127,90.9734,-1.16067,-162.983,q1_graph2,2025-10-25 11:13:36,2025-10-25,298,43,10,11,phone,1,person,1,person
629627,6,499467,25720074,1.0,1.0,2.0,-29.0,-13.0,-22.0,91.0,q1_graph2,2025-10-25 16:27:54,2025-10-25,298,43,10,16,travels_to,1,person,5,country
534034,6,509607,25720074,1.0,2.0,4.0,-22.0,91.0,1.0,-165.0,q1_graph2,2025-10-25 16:27:54,2025-10-25,298,43,10,16,travels_to,1,person,5,country
534449,1,629627,25731350,1.0,2.0,4.0,-24.0127,90.9734,-1.16067,-162.983,q1_graph2,2025-10-25 19:35:50,2025-10-25,298,43,10,19,phone,1,person,1,person
534449,1,629627,25732566,1.0,2.0,4.0,-24.0127,90.9734,-1.16067,-162.983,q1_graph2,2025-10-25 19:56:06,2025-10-25,298,43,10,19,phone,1,person,1,person
544615,0,534449,25748798,1.0,,,,,,,q1_graph2,2025-10-26 00:26:38,2025-10-26,299,43,10,0,email,1,person,1,person
629627,1,534449,25775624,1.0,4.0,2.0,-1.16067,-162.983,-24.0127,90.9734,q1_graph2,2025-10-26 07:53:44,2025-10-26,299,43,10,7,phone,1,person,1,person
544615,0,534449,25824899,1.0,,,,,,,q1_graph2,2025-10-26 21:34:59,2025-10-26,299,43,10,21,email,1,person,1,person
534449,0,629627,25866331,1.0,,,,,,,q1_graph2,2025-10-27 09:05:31,2025-10-27,300,44,10,9,email,1,person,1,person
629627,1,544615,25867283,1.0,4.0,2.0,-1.16067,-162.983,-20.6565,91.7841,q1_graph2,2025-10-27 09:21:23,2025-10-27,300,44,10,9,phone,1,person,1,person
534449,1,544615,25869591,1.0,2.0,2.0,-24.0127,90.9734,-20.6565,91.7841,q1_graph2,2025-10-27 09:59:51,2025-10-27,300,44,10,9,phone,1,person,1,person
629627,1,544615,25877029,1.0,4.0,2.0,-1.16067,-162.983,-20.6565,91.7841,q1_graph2,2025-10-27 12:03:49,2025-10-27,300,44,10,12,phone,1,person,1,person
534449,1,544615,25963428,1.0,2.0,2.0,-24.0127,90.9734,-20.6565,91.7841,q1_graph2,2025-10-28 12:03:48,2025-10-28,301,44,10,12,phone,1,person,1,person
534449,1,544615,25969258,1.0,2.0,2.0,-24.0127,90.9734,-20.6565,91.7841,q1_graph2,2025-10-28 13:40:58,2025-10-28,301,44,10,13,phone,1,person,1,person
599441,6,499467,25979274,1.0,1.0,2.0,-29.0,-13.0,-22.0,91.0,q1_graph2,2025-10-28 16:27:54,2025-10-28,301,44,10,16,travels_to,1,person,5,country
534449,1,629627,25982184,1.0,2.0,4.0,-24.0127,90.9734,-1.16067,-162.983,q1_graph2,2025-10-28 17:16:24,2025-10-28,301,44,10,17,phone,1,person,1,person
544615,0,534449,25995369,1.0,,,,,,,q1_graph2,2025-10-28 20:56:09,2025-10-28,301,44,10,20,email,1,person,1,person
534449,1,544615,26004350,1.0,2.0,2.0,-24.0127,90.9734,-20.6565,91.7841,q1_graph2,2025-10-28 23:25:50,2025-10-28,301,44,10,23,phone,1,person,1,person
534449,1,629627,26069795,1.0,2.0,4.0,-24.0127,90.9734,-1.16067,-162.983,q1_graph2,2025-10-29 17:36:35,2025-10-29,302,44,10,17,phone,1,person,1,person
544615,0,534449,26094730,1.0,,,,,,,q1_graph2,2025-10-30 00:32:10,2025-10-30,303,44,10,0,email,1,person,1,person
629627,6,509607,26152074,2.0,2.0,4.0,-22.0,91.0,1.0,-165.0,q1_graph2,2025-10-30 16:27:54,2025-10-30,303,44,10,16,travels_to,1,person,5,country
544615,0,534449,26191809,1.0,,,,,,,q1_graph2,2025-10-31 03:30:09,2025-10-31,304,44,10,3,email,1,person,1,person
599441,6,509607,26238474,5.0,2.0,4.0,-22.0,91.0,1.0,-165.0,q1_graph2,2025-10-31 16:27:54,2025-10-31,304,44,10,16,travels_to,1,person,5,country
534449,0,544615,26269047,1.0,,,,,,,q1_graph2,2025-11-01 00:57:27,2025-11-01,305,44,11,0,email,1,person,1,person
534449,0,544615,26277178,1.0,,,,,,,q1_graph2,2025-11-01 03:12:58,2025-11-01,305,44,11,3,email,1,person,1,person
572391,6,509607,26584074,4.0,2.0,4.0,-22.0,91.0,1.0,-165.0,q1_graph2,2025-11-04 16:27:54,2025-11-04,308,45,11,16,travels_to,1,person,5,country
542965,6,509607,26756874,2.0,2.0,4.0,-22.0,91.0,1.0,-165.0,q1_graph2,2025-11-06 16:27:54,2025-11-06,310,45,11,16,travels_to,1,person,5,country
635665,6,625756,27793674,4.0,0.0,3.0,33.0,-41.0,-25.0,-111.0,q1_graph2,2025-11-18 16:27:54,2025-11-18,322,47,11,16,travels_to,1,person,5,country
538892,6,509607,28225674,3.0,2.0,4.0,-22.0,91.0,1.0,-165.0,q1_graph2,2025-11-23 16:27:54,2025-11-23,327,47,11,16,travels_to,1,person,5,country
464459,6,625756,28312074,4.0,0.0,3.0,33.0,-41.0,-25.0,-111.0,q1_graph2,2025-11-24 16:27:54,2025-11-24,328,48,11,16,travels_to,1,person,5,country
568093,6,499467,28657674,5.0,3.0,2.0,-25.0,-111.0,-22.0,91.0,q1_graph2,2025-11-28 16:27:54,2025-11-28,332,48,11,16,travels_to,1,person,5,country
568093,6,625756,29089674,2.0,0.0,3.0,33.0,-41.0,-25.0,-111.0,q1_graph2,2025-12-03 16:27:54,2025-12-03,337,49,12,16,travels_to,1,person,5,country
635665,6,499467,29262474,3.0,3.0,2.0,-25.0,-111.0,-22.0,91.0,q1_graph2,2025-12-05 16:27:54,2025-12-05,339,49,12,16,travels_to,1,person,5,country
464459,6,499467,29780874,5.0,3.0,2.0,-25.0,-111.0,-22.0,91.0,q1_graph2,2025-12-11 16:27:54,2025-12-11,345,50,12,16,travels_to,1,person,5,country
604021,5,630626,31536000,2258.44,,,,,,,q1_graph2,2026-01-01 00:00:00,2026-01-01,1,1,1,0,financial,1,person,4,financial_category
604021,5,536346,31536000,561.5,,,,,,,q1_graph2,2026-01-01 00:00:00,2026-01-01,1,1,1,0,financial,1,person,4,financial_category
510031,5,604021,31536000,113.92,,,,,,,q1_graph2,2026-01-01 00:00:00,2026-01-01,1,1,1,0,financial,4,financial_category,1,person
604021,5,520660,31536000,881.17,,,,,,,q1_graph2,2026-01-01 00:00:00,2026-01-01,1,1,1,0,financial,1,person,4,financial_category
552988,5,604021,31536000,7756.23,,,,,,,q1_graph2,2026-01-01 00:00:00,2026-01-01,1,1,1,0,financial,4,financial_category,1,person
604021,5,527449,31536000,134.84,,,,,,,q1_graph2,2026-01-01 00:00:00,2026-01-01,1,1,1,0,financial,1,person,4,financial_category
604021,5,459381,31536000,193.22,,,,,,,q1_graph2,2026-01-01 00:00:00,2026-01-01,1,1,1,0,financial,1,person,4,financial_category
604021,5,595298,31536000,355.82,,,,,,,q1_graph2,2026-01-01 00:00:00,2026-01-01,1,1,1,0,financial,1,person,4,financial_category
604021,5,466907,31536000,209.22,,,,,,,q1_graph2,2026-01-01 00:00:00,2026-01-01,1,1,1,0,financial,1,person,4,financial_category
604021,5,577992,31536000,31.35,,,,,,,q1_graph2,2026-01-01 00:00:00,2026-01-01,1,1,1,0,financial,1,person,4,financial_category
604021,5,580426,31536000,132.22,,,,,,,q1_graph2,2026-01-01 00:00:00,2026-01-01,1,1,1,0,financial,1,person,4,financial_category
604021,5,595581,31536000,421.43,,,,,,,q1_graph2,2026-01-01 00:00:00,2026-01-01,1,1,1,0,financial,1,person,4,financial_category
604021,5,616315,31536000,234.74,,,,,,,q1_graph2,2026-01-01 00:00:00,2026-01-01,1,1,1,0,financial,1,person,4,financial_category
604021,5,503701,31536000,176.53,,,,,,,q1_graph2,2026-01-01 00:00:00,2026-01-01,1,1,1,0,financial,1,person,4,financial_category
604021,5,571970,31536000,84.22,,,,,,,q1_graph2,2026-01-01 00:00:00,2026-01-01,1,1,1,0,financial,1,person,4,financial_category
604021,5,644226,31536000,766.83,,,,,,,q1_graph2,2026-01-01 00:00:00,2026-01-01,1,1,1,0,financial,1,person,4,financial_category
604021,5,632961,31536000,92.79,,,,,,,q1_graph2,2026-01-01 00:00:00,2026-01-01,1,1,1,0,financial,1,person,4,financial_category
604021,5,473173,31536000,1234.6,,,,,,,q1_graph2,2026-01-01 00:00:00,2026-01-01,1,1,1,0,financial,1,person,4,financial_category
604021,5,620120,31536000,473.95,,,,,,,q1_graph2,2026-01-01 00:00:00,2026-01-01,1,1,1,0,financial,1,person,4,financial_category
604021,5,575030,31536000,1236.75,,,,,,,q1_graph2,2026-01-01 00:00:00,2026-01-01,1,1,1,0,financial,1,person,4,financial_category
604021,5,621924,31536000,658.78,,,,,,,q1_graph2,2026-01-01 00:00:00,2026-01-01,1,1,1,0,financial,1,person,4,financial_category
533094,5,640784,31536000,318.41,,,,,,,q1_graph2,2026-01-01 00:00:00,2026-01-01,1,1,1,0,financial,1,person,4,financial_category
533094,5,630626,31536000,3402.76,,,,,,,q1_graph2,2026-01-01 00:00:00,2026-01-01,1,1,1,0,financial,1,person,4,financial_category
533094,5,536346,31536000,285.79,,,,,,,q1_graph2,2026-01-01 00:00:00,2026-01-01,1,1,1,0,financial,1,person,4,financial_category
510031,5,533094,31536000,26.94,,,,,,,q1_graph2,2026-01-01 00:00:00,2026-01-01,1,1,1,0,financial,4,financial_category,1,person
533094,5,520660,31536000,2267.78,,,,,,,q1_graph2,2026-01-01 00:00:00,2026-01-01,1,1,1,0,financial,1,person,4,financial_category
552988,5,533094,31536000,25708.9,,,,,,,q1_graph2,2026-01-01 00:00:00,2026-01-01,1,1,1,0,financial,4,financial_category,1,person
533094,5,567195,31536000,1613.63,,,,,,,q1_graph2,2026-01-01 00:00:00,2026-01-01,1,1,1,0,financial,1,person,4,financial_category
533094,5,527449,31536000,370.94,,,,,,,q1_graph2,2026-01-01 00:00:00,2026-01-01,1,1,1,0,financial,1,person,4,financial_category
533094,5,459381,31536000,284.32,,,,,,,q1_graph2,2026-01-01 00:00:00,2026-01-01,1,1,1,0,financial,1,person,4,financial_category
533094,5,595298,31536000,782.5,,,,,,,q1_graph2,2026-01-01 00:00:00,2026-01-01,1,1,1,0,financial,1,person,4,financial_category
533094,5,466907,31536000,242.12,,,,,,,q1_graph2,2026-01-01 00:00:00,2026-01-01,1,1,1,0,financial,1,person,4,financial_category
533094,5,577992,31536000,1395.87,,,,,,,q1_graph2,2026-01-01 00:00:00,2026-01-01,1,1,1,0,financial,1,person,4,financial_category
533094,5,537281,31536000,497.09,,,,,,,q1_graph2,2026-01-01 00:00:00,2026-01-01,1,1,1,0,financial,1,person,4,financial_category
533094,5,523927,31536000,1242.83,,,,,,,q1_graph2,2026-01-01 00:00:00,2026-01-01,1,1,1,0,financial,1,person,4,financial_category
533094,5,616315,31536000,1332.94,,,,,,,q1_graph2,2026-01-01 00:00:00,2026-01-01,1,1,1,0,financial,1,person,4,financial_category
533094,5,642329,31536000,148.27,,,,,,,q1_graph2,2026-01-01 00:00:00,2026-01-01,1,1,1,0,financial,1,person,4,financial_category
533094,5,503701,31536000,2402.81,,,,,,,q1_graph2,2026-01-01 00:00:00,2026-01-01,1,1,1,0,financial,1,person,4,financial_category
533094,5,571970,31536000,78.91,,,,,,,q1_graph2,2026-01-01 00:00:00,2026-01-01,1,1,1,0,financial,1,person,4,financial_category
533094,5,644226,31536000,924.08,,,,,,,q1_graph2,2026-01-01 00:00:00,2026-01-01,1,1,1,0,financial,1,person,4,financial_category
533094,5,632961,31536000,110.68,,,,,,,q1_graph2,2026-01-01 00:00:00,2026-01-01,1,1,1,0,financial,1,person,4,financial_category
533094,5,473173,31536000,1348.11,,,,,,,q1_graph2,2026-01-01 00:00:00,2026-01-01,1,1,1,0,financial,1,person,4,financial_category
533094,5,620120,31536000,5654.7,,,,,,,q1_graph2,2026-01-01 00:00:00,2026-01-01,1,1,1,0,financial,1,person,4,financial_category
606043,5,630626,31536000,2361.75,,,,,,,q1_graph2,2026-01-01 00:00:00,2026-01-01,1,1,1,0,financial,1,person,4,financial_category
606043,5,536346,31536000,499.47,,,,,,,q1_graph2,2026-01-01 00:00:00,2026-01-01,1,1,1,0,financial,1,person,4,financial_category
510031,5,606043,31536000,22.11,,,,,,,q1_graph2,2026-01-01 00:00:00,2026-01-01,1,1,1,0,financial,4,financial_category,1,person
606043,5,520660,31536000,1829.16,,,,,,,q1_graph2,2026-01-01 00:00:00,2026-01-01,1,1,1,0,financial,1,person,4,financial_category
552988,5,606043,31536000,17608.3,,,,,,,q1_graph2,2026-01-01 00:00:00,2026-01-01,1,1,1,0,financial,4,financial_category,1,person
606043,5,567195,31536000,373.74,,,,,,,q1_graph2,2026-01-01 00:00:00,2026-01-01,1,1,1,0,financial,1,person,4,financial_category
606043,5,527449,31536000,52.3,,,,,,,q1_graph2,2026-01-01 00:00:00,2026-01-01,1,1,1,0,financial,1,person,4,financial_category
606043,5,459381,31536000,288.2,,,,,,,q1_graph2,2026-01-01 00:00:00,2026-01-01,1,1,1,0,financial,1,person,4,financial_category
606043,5,595298,31536000,520.41,,,,,,,q1_graph2,2026-01-01 00:00:00,2026-01-01,1,1,1,0,financial,1,person,4,financial_category
606043,5,466907,31536000,412.72,,,,,,,q1_graph2,2026-01-01 00:00:00,2026-01-01,1,1,1,0,financial,1,person,4,financial_category
606043,5,589943,31536000,1457.54,,,,,,,q1_graph2,2026-01-01 00:00:00,2026-01-01,1,1,1,0,financial,1,person,4,financial_category
606043,5,577992,31536000,804.23,,,,,,,q1_graph2,2026-01-01 00:00:00,2026-01-01,1,1,1,0,financial,1,person,4,financial_category
606043,5,523927,31536000,993.32,,,,,,,q1_graph2,2026-01-01 00:00:00,2026-01-01,1,1,1,0,financial,1,person,4,financial_category
606043,5,595581,31536000,639.26,,,,,,,q1_graph2,2026-01-01 00:00:00,2026-01-01,1,1,1,0,financial,1,person,4,financial_category
606043,5,616315,31536000,260.21,,,,,,,q1_graph2,2026-01-01 00:00:00,2026-01-01,1,1,1,0,financial,1,person,4,financial_category
606043,5,571970,31536000,76.04,,,,,,,q1_graph2,2026-01-01 00:00:00,2026-01-01,1,1,1,0,financial,1,person,4,financial_category
606043,5,644226,31536000,210.77,,,,,,,q1_graph2,2026-01-01 00:00:00,2026-01-01,1,1,1,0,financial,1,person,4,financial_category
606043,5,632961,31536000,112.26,,,,,,,q1_graph2,2026-01-01 00:00:00,2026-01-01,1,1,1,0,financial,1,person,4,financial_category
606043,5,473173,31536000,1067.92,,,,,,,q1_graph2,2026-01-01 00:00:00,2026-01-01,1,1,1,0,financial,1,person,4,financial_category
606043,5,620120,31536000,2296.04,,,,,,,q1_graph2,2026-01-01 00:00:00,2026-01-01,1,1,1,0,financial,1,person,4,financial_category
606043,5,575030,31536000,6003.36,,,,,,,q1_graph2,2026-01-01 00:00:00,2026-01-01,1,1,1,0,financial,1,person,4,financial_category
595057,5,503218,31536000,206.77,,,,,,,q1_graph2,2026-01-01 00:00:00,2026-01-01,1,1,1,0,financial,1,person,4,financial_category
595057,5,630626,31536000,1361.75,,,,,,,q1_graph2,2026-01-01 00:00:00,2026-01-01,1,1,1,0,financial,1,person,4,financial_category
510031,5,595057,31536000,167.12,,,,,,,q1_graph2,2026-01-01 00:00:00,2026-01-01,1,1,1,0,financial,4,financial_category,1,person
552988,5,595057,31536000,5705.36,,,,,,,q1_graph2,2026-01-01 00:00:00,2026-01-01,1,1,1,0,financial,4,financial_category,1,person
595057,5,567195,31536000,97.02,,,,,,,q1_graph2,2026-01-01 00:00:00,2026-01-01,1,1,1,0,financial,1,person,4,financial_category
595057,5,527449,31536000,99.71,,,,,,,q1_graph2,2026-01-01 00:00:00,2026-01-01,1,1,1,0,financial,1,person,4,financial_category
595057,5,459381,31536000,337.97,,,,,,,q1_graph2,2026-01-01 00:00:00,2026-01-01,1,1,1,0,financial,1,person,4,financial_category
595057,5,595298,31536000,419.67,,,,,,,q1_graph2,2026-01-01 00:00:00,2026-01-01,1,1,1,0,financial,1,person,4,financial_category
595057,5,466907,31536000,272.56,,,,,,,q1_graph2,2026-01-01 00:00:00,2026-01-01,1,1,1,0,financial,1,person,4,financial_category
595057,5,589943,31536000,561.93,,,,,,,q1_graph2,2026-01-01 00:00:00,2026-01-01,1,1,1,0,financial,1,person,4,financial_category
595057,5,580426,31536000,28.62,,,,,,,q1_graph2,2026-01-01 00:00:00,2026-01-01,1,1,1,0,financial,1,person,4,financial_category
595057,5,642329,31536000,273.79,,,,,,,q1_graph2,2026-01-01 00:00:00,2026-01-01,1,1,1,0,financial,1,person,4,financial_category
595057,5,503701,31536000,913.8,,,,,,,q1_graph2,2026-01-01 00:00:00,2026-01-01,1,1,1,0,financial,1,person,4,financial_category
595057,5,632961,31536000,129.16,,,,,,,q1_graph2,2026-01-01 00:00:00,2026-01-01,1,1,1,0,financial,1,person,4,financial_category
595057,5,473173,31536000,855.02,,,,,,,q1_graph2,2026-01-01 00:00:00,2026-01-01,1,1,1,0,financial,1,person,4,financial_category
595057,5,620120,31536000,863.35,,,,,,,q1_graph2,2026-01-01 00:00:00,2026-01-01,1,1,1,0,financial,1,person,4,financial_category
595057,5,575030,31536000,4289.16,,,,,,,q1_graph2,2026-01-01 00:00:00,2026-01-01,1,1,1,0,financial,1,person,4,financial_category
595057,5,621924,31536000,350.13,,,,,,,q1_graph2,2026-01-01 00:00:00,2026-01-01,1,1,1,0,financial,1,person,4,financial_category
634181,5,630626,31536000,2609.07,,,,,,,q1_graph2,2026-01-01 00:00:00,2026-01-01,1,1,1,0,financial,1,person,4,financial_category
634181,5,536346,31536000,800.36,,,,,,,q1_graph2,2026-01-01 00:00:00,2026-01-01,1,1,1,0,financial,1,person,4,financial_category
634181,5,520660,31536000,2233.87,,,,,,,q1_graph2,2026-01-01 00:00:00,2026-01-01,1,1,1,0,financial,1,person,4,financial_category
552988,5,634181,31536000,15174.5,,,,,,,q1_graph2,2026-01-01 00:00:00,2026-01-01,1,1,1,0,financial,4,financial_category,1,person
634181,5,527449,31536000,184.39,,,,,,,q1_graph2,2026-01-01 00:00:00,2026-01-01,1,1,1,0,financial,1,person,4,financial_category
634181,5,459381,31536000,267.63,,,,,,,q1_graph2,2026-01-01 00:00:00,2026-01-01,1,1,1,0,financial,1,person,4,financial_category
634181,5,595298,31536000,299.54,,,,,,,q1_graph2,2026-01-01 00:00:00,2026-01-01,1,1,1,0,financial,1,person,4,financial_category
634181,5,466907,31536000,469.3,,,,,,,q1_graph2,2026-01-01 00:00:00,2026-01-01,1,1,1,0,financial,1,person,4,financial_category
634181,5,589943,31536000,729.69,,,,,,,q1_graph2,2026-01-01 00:00:00,2026-01-01,1,1,1,0,financial,1,person,4,financial_category
634181,5,577992,31536000,1370.33,,,,,,,q1_graph2,2026-01-01 00:00:00,2026-01-01,1,1,1,0,financial,1,person,4,financial_category
634181,5,523927,31536000,912.34,,,,,,,q1_graph2,2026-01-01 00:00:00,2026-01-01,1,1,1,0,financial,1,person,4,financial_category
634181,5,580426,31536000,65.04,,,,,,,q1_graph2,2026-01-01 00:00:00,2026-01-01,1,1,1,0,financial,1,person,4,financial_category
634181,5,595581,31536000,32.69,,,,,,,q1_graph2,2026-01-01 00:00:00,2026-01-01,1,1,1,0,financial,1,person,4,financial_category
634181,5,642329,31536000,354.0,,,,,,,q1_graph2,2026-01-01 00:00:00,2026-01-01,1,1,1,0,financial,1,person,4,financial_category
634181,5,503701,31536000,1164.48,,,,,,,q1_graph2,2026-01-01 00:00:00,2026-01-01,1,1,1,0,financial,1,person,4,financial_category
634181,5,571970,31536000,47.31,,,,,,,q1_graph2,2026-01-01 00:00:00,2026-01-01,1,1,1,0,financial,1,person,4,financial_category
634181,5,644226,31536000,811.15,,,,,,,q1_graph2,2026-01-01 00:00:00,2026-01-01,1,1,1,0,financial,1,person,4,financial_category
634181,5,632961,31536000,402.65,,,,,,,q1_graph2,2026-01-01 00:00:00,2026-01-01,1,1,1,0,financial,1,person,4,financial_category
634181,5,473173,31536000,228.04,,,,,,,q1_graph2,2026-01-01 00:00:00,2026-01-01,1,1,1,0,financial,1,person,4,financial_category
634181,5,620120,31536000,3565.2,,,,,,,q1_graph2,2026-01-01 00:00:00,2026-01-01,1,1,1,0,financial,1,person,4,financial_category
634181,5,575030,31536000,2201.95,,,,,,,q1_graph2,2026-01-01 00:00:00,2026-01-01,1,1,1,0,financial,1,person,4,financial_category
548320,5,503218,31536000,479.23,,,,,,,q1_graph2,2026-01-01 00:00:00,2026-01-01,1,1,1,0,financial,1,person,4,financial_category
548320,5,630626,31536000,1270.54,,,,,,,q1_graph2,2026-01-01 00:00:00,2026-01-01,1,1,1,0,financial,1,person,4,financial_category
548320,5,536346,31536000,477.22,,,,,,,q1_graph2,2026-01-01 00:00:00,2026-01-01,1,1,1,0,financial,1,person,4,financial_category
510031,5,548320,31536000,601.85,,,,,,,q1_graph2,2026-01-01 00:00:00,2026-01-01,1,1,1,0,financial,4,financial_category,1,person
548320,5,520660,31536000,333.79,,,,,,,q1_graph2,2026-01-01 00:00:00,2026-01-01,1,1,1,0,financial,1,person,4,financial_category
552988,5,548320,31536000,13557.0,,,,,,,q1_graph2,2026-01-01 00:00:00,2026-01-01,1,1,1,0,financial,4,financial_category,1,person
548320,5,567195,31536000,878.46,,,,,,,q1_graph2,2026-01-01 00:00:00,2026-01-01,1,1,1,0,financial,1,person,4,financial_category
548320,5,527449,31536000,64.15,,,,,,,q1_graph2,2026-01-01 00:00:00,2026-01-01,1,1,1,0,financial,1,person,4,financial_category
548320,5,459381,31536000,340.62,,,,,,,q1_graph2,2026-01-01 00:00:00,2026-01-01,1,1,1,0,financial,1,person,4,financial_category
548320,5,595298,31536000,1531.39,,,,,,,q1_graph2,2026-01-01 00:00:00,2026-01-01,1,1,1,0,financial,1,person,4,financial_category
548320,5,466907,31536000,500.35,,,,,,,q1_graph2,2026-01-01 00:00:00,2026-01-01,1,1,1,0,financial,1,person,4,financial_category
548320,5,606730,31536000,448.03,,,,,,,q1_graph2,2026-01-01 00:00:00,2026-01-01,1,1,1,0,financial,1,person,4,financial_category
548320,5,537281,31536000,357.11,,,,,,,q1_graph2,2026-01-01 00:00:00,2026-01-01,1,1,1,0,financial,1,person,4,financial_category
548320,5,523927,31536000,791.93,,,,,,,q1_graph2,2026-01-01 00:00:00,2026-01-01,1,1,1,0,financial,1,person,4,financial_category
548320,5,595581,31536000,13.93,,,,,,,q1_graph2,2026-01-01 00:00:00,2026-01-01,1,1,1,0,financial,1,person,4,financial_category
548320,5,616315,31536000,520.35,,,,,,,q1_graph2,2026-01-01 00:00:00,2026-01-01,1,1,1,0,financial,1,person,4,financial_category
548320,5,642329,31536000,292.58,,,,,,,q1_graph2,2026-01-01 00:00:00,2026-01-01,1,1,1,0,financial,1,person,4,financial_category
548320,5,503701,31536000,488.52,,,,,,,q1_graph2,2026-01-01 00:00:00,2026-01-01,1,1,1,0,financial,1,person,4,financial_category
548320,5,571970,31536000,139.89,,,,,,,q1_graph2,2026-01-01 00:00:00,2026-01-01,1,1,1,0,financial,1,person,4,financial_category
548320,5,644226,31536000,156.49,,,,,,,q1_graph2,2026-01-01 00:00:00,2026-01-01,1,1,1,0,financial,1,person,4,financial_category
548320,5,632961,31536000,115.48,,,,,,,q1_graph2,2026-01-01 00:00:00,2026-01-01,1,1,1,0,financial,1,person,4,financial_category
548320,5,473173,31536000,1123.42,,,,,,,q1_graph2,2026-01-01 00:00:00,2026-01-01,1,1,1,0,financial,1,person,4,financial_category
548320,5,620120,31536000,1071.33,,,,,,,q1_graph2,2026-01-01 00:00:00,2026-01-01,1,1,1,0,financial,1,person,4,financial_category
548320,5,575030,31536000,3982.11,,,,,,,q1_graph2,2026-01-01 00:00:00,2026-01-01,1,1,1,0,financial,1,person,4,financial_category
548320,5,621924,31536000,575.08,,,,,,,q1_graph2,2026-01-01 00:00:00,2026-01-01,1,1,1,0,financial,1,person,4,financial_category
505965,5,630626,31536000,3348.11,,,,,,,q1_graph2,2026-01-01 00:00:00,2026-01-01,1,1,1,0,financial,1,person,4,financial_category
505965,5,536346,31536000,271.34,,,,,,,q1_graph2,2026-01-01 00:00:00,2026-01-01,1,1,1,0,financial,1,person,4,financial_category
505965,5,520660,31536000,1221.26,,,,,,,q1_graph2,2026-01-01 00:00:00,2026-01-01,1,1,1,0,financial,1,person,4,financial_category
552988,5,505965,31536000,9945.54,,,,,,,q1_graph2,2026-01-01 00:00:00,2026-01-01,1,1,1,0,financial,4,financial_category,1,person
505965,5,567195,31536000,3171.42,,,,,,,q1_graph2,2026-01-01 00:00:00,2026-01-01,1,1,1,0,financial,1,person,4,financial_category
505965,5,527449,31536000,79.82,,,,,,,q1_graph2,2026-01-01 00:00:00,2026-01-01,1,1,1,0,financial,1,person,4,financial_category
505965,5,459381,31536000,227.65,,,,,,,q1_graph2,2026-01-01 00:00:00,2026-01-01,1,1,1,0,financial,1,person,4,financial_category
505965,5,595298,31536000,82.96,,,,,,,q1_graph2,2026-01-01 00:00:00,2026-01-01,1,1,1,0,financial,1,person,4,financial_category
505965,5,466907,31536000,322.05,,,,,,,q1_graph2,2026-01-01 00:00:00,2026-01-01,1,1,1,0,financial,1,person,4,financial_category
505965,5,577992,31536000,489.12,,,,,,,q1_graph2,2026-01-01 00:00:00,2026-01-01,1,1,1,0,financial,1,person,4,financial_category
505965,5,537281,31536000,572.58,,,,,,,q1_graph2,2026-01-01 00:00:00,2026-01-01,1,1,1,0,financial,1,person,4,financial_category
505965,5,523927,31536000,515.71,,,,,,,q1_graph2,2026-01-01 00:00:00,2026-01-01,1,1,1,0,financial,1,person,4,financial_category
505965,5,580426,31536000,141.3,,,,,,,q1_graph2,2026-01-01 00:00:00,2026-01-01,1,1,1,0,financial,1,person,4,financial_category
505965,5,595581,31536000,78.42,,,,,,,q1_graph2,2026-01-01 00:00:00,2026-01-01,1,1,1,0,financial,1,person,4,financial_category
505965,5,503701,31536000,874.89,,,,,,,q1_graph2,2026-01-01 00:00:00,2026-01-01,1,1,1,0,financial,1,person,4,financial_category
505965,5,571970,31536000,61.62,,,,,,,q1_graph2,2026-01-01 00:00:00,2026-01-01,1,1,1,0,financial,1,person,4,financial_category
505965,5,644226,31536000,881.15,,,,,,,q1_graph2,2026-01-01 00:00:00,2026-01-01,1,1,1,0,financial,1,person,4,financial_category
505965,5,473173,31536000,126.48,,,,,,,q1_graph2,2026-01-01 00:00:00,2026-01-01,1,1,1,0,financial,1,person,4,financial_category
505965,5,620120,31536000,1141.88,,,,,,,q1_graph2,2026-01-01 00:00:00,2026-01-01,1,1,1,0,financial,1,person,4,financial_category
505965,5,575030,31536000,1428.67,,,,,,,q1_graph2,2026-01-01 00:00:00,2026-01-01,1,1,1,0,financial,1,person,4,financial_category
505965,5,621924,31536000,647.87,,,,,,,q1_graph2,2026-01-01 00:00:00,2026-01-01,1,1,1,0,financial,1,person,4,financial_category
572413,5,640784,31536000,88.82,,,,,,,q1_graph2,2026-01-01 00:00:00,2026-01-01,1,1,1,0,financial,1,person,4,financial_category
572413,5,630626,31536000,1983.14,,,,,,,q1_graph2,2026-01-01 00:00:00,2026-01-01,1,1,1,0,financial,1,person,4,financial_category
572413,5,536346,31536000,428.32,,,,,,,q1_graph2,2026-01-01 00:00:00,2026-01-01,1,1,1,0,financial,1,person,4,financial_category
572413,5,520660,31536000,390.65,,,,,,,q1_graph2,2026-01-01 00:00:00,2026-01-01,1,1,1,0,financial,1,person,4,financial_category
552988,5,572413,31536000,12652.9,,,,,,,q1_graph2,2026-01-01 00:00:00,2026-01-01,1,1,1,0,financial,4,financial_category,1,person
572413,5,567195,31536000,1743.69,,,,,,,q1_graph2,2026-01-01 00:00:00,2026-01-01,1,1,1,0,financial,1,person,4,financial_category
572413,5,527449,31536000,73.26,,,,,,,q1_graph2,2026-01-01 00:00:00,2026-01-01,1,1,1,0,financial,1,person,4,financial_category
572413,5,459381,31536000,295.58,,,,,,,q1_graph2,2026-01-01 00:00:00,2026-01-01,1,1,1,0,financial,1,person,4,financial_category
572413,5,595298,31536000,754.28,,,,,,,q1_graph2,2026-01-01 00:00:00,2026-01-01,1,1,1,0,financial,1,person,4,financial_category
572413,5,466907,31536000,187.96,,,,,,,q1_graph2,2026-01-01 00:00:00,2026-01-01,1,1,1,0,financial,1,person,4,financial_category
572413,5,580426,31536000,187.52,,,,,,,q1_graph2,2026-01-01 00:00:00,2026-01-01,1,1,1,0,financial,1,person,4,financial_category
572413,5,595581,31536000,447.6,,,,,,,q1_graph2,2026-01-01 00:00:00,2026-01-01,1,1,1,0,financial,1,person,4,financial_category
572413,5,616315,31536000,426.93,,,,,,,q1_graph2,2026-01-01 00:00:00,2026-01-01,1,1,1,0,financial,1,person,4,financial_category
572413,5,642329,31536000,7.71,,,,,,,q1_graph2,2026-01-01 00:00:00,2026-01-01,1,1,1,0,financial,1,person,4,financial_category
572413,5,503701,31536000,228.08,,,,,,,q1_graph2,2026-01-01 00:00:00,2026-01-01,1,1,1,0,financial,1,person,4,financial_category
572413,5,644226,31536000,416.46,,,,,,,q1_graph2,2026-01-01 00:00:00,2026-01-01,1,1,1,0,financial,1,person,4,financial_category
572413,5,632961,31536000,135.67,,,,,,,q1_graph2,2026-01-01 00:00:00,2026-01-01,1,1,1,0,financial,1,person,4,financial_category
572413,5,473173,31536000,252.47,,,,,,,q1_graph2,2026-01-01 00:00:00,2026-01-01,1,1,1,0,financial,1,person,4,financial_category
572413,5,620120,31536000,98.62,,,,,,,q1_graph2,2026-01-01 00:00:00,2026-01-01,1,1,1,0,financial,1,person,4,financial_category
572413,5,575030,31536000,2155.42,,,,,,,q1_graph2,2026-01-01 00:00:00,2026-01-01,1,1,1,0,financial,1,person,4,financial_category
572413,5,621924,31536000,92.26,,,,,,,q1_graph2,2026-01-01 00:00:00,2026-01-01,1,1,1,0,financial,1,person,4,financial_category
515794,5,630626,31536000,1596.67,,,,,,,q1_graph2,2026-01-01 00:00:00,2026-01-01,1,1,1,0,financial,1,person,4,financial_category
515794,5,536346,31536000,584.6,,,,,,,q1_graph2,2026-01-01 00:00:00,2026-01-01,1,1,1,0,financial,1,person,4,financial_category
510031,5,515794,31536000,153.68,,,,,,,q1_graph2,2026-01-01 00:00:00,2026-01-01,1,1,1,0,financial,4,financial_category,1,person
515794,5,520660,31536000,460.23,,,,,,,q1_graph2,2026-01-01 00:00:00,2026-01-01,1,1,1,0,financial,1,person,4,financial_category
552988,5,515794,31536000,1258.39,,,,,,,q1_graph2,2026-01-01 00:00:00,2026-01-01,1,1,1,0,financial,4,financial_category,1,person
515794,5,567195,31536000,135.71,,,,,,,q1_graph2,2026-01-01 00:00:00,2026-01-01,1,1,1,0,financial,1,person,4,financial_category
515794,5,527449,31536000,81.8,,,,,,,q1_graph2,2026-01-01 00:00:00,2026-01-01,1,1,1,0,financial,1,person,4,financial_category
515794,5,459381,31536000,223.74,,,,,,,q1_graph2,2026-01-01 00:00:00,2026-01-01,1,1,1,0,financial,1,person,4,financial_category
515794,5,595298,31536000,891.28,,,,,,,q1_graph2,2026-01-01 00:00:00,2026-01-01,1,1,1,0,financial,1,person,4,financial_category
515794,5,589943,31536000,458.25,,,,,,,q1_graph2,2026-01-01 00:00:00,2026-01-01,1,1,1,0,financial,1,person,4,financial_category
515794,5,577992,31536000,117.13,,,,,,,q1_graph2,2026-01-01 00:00:00,2026-01-01,1,1,1,0,financial,1,person,4,financial_category
515794,5,523927,31536000,658.22,,,,,,,q1_graph2,2026-01-01 00:00:00,2026-01-01,1,1,1,0,financial,1,person,4,financial_category
515794,5,580426,31536000,216.58,,,,,,,q1_graph2,2026-01-01 00:00:00,2026-01-01,1,1,1,0,financial,1,person,4,financial_category
515794,5,595581,31536000,270.56,,,,,,,q1_graph2,2026-01-01 00:00:00,2026-01-01,1,1,1,0,financial,1,person,4,financial_category
515794,5,642329,31536000,262.17,,,,,,,q1_graph2,2026-01-01 00:00:00,2026-01-01,1,1,1,0,financial,1,person,4,financial_category
515794,5,571970,31536000,8.05,,,,,,,q1_graph2,2026-01-01 00:00:00,2026-01-01,1,1,1,0,financial,1,person,4,financial_category
515794,5,644226,31536000,180.64,,,,,,,q1_graph2,2026-01-01 00:00:00,2026-01-01,1,1,1,0,financial,1,person,4,financial_category
515794,5,632961,31536000,160.57,,,,,,,q1_graph2,2026-01-01 00:00:00,2026-01-01,1,1,1,0,financial,1,person,4,financial_category
515794,5,473173,31536000,29.94,,,,,,,q1_graph2,2026-01-01 00:00:00,2026-01-01,1,1,1,0,financial,1,person,4,financial_category
515794,5,620120,31536000,377.6,,,,,,,q1_graph2,2026-01-01 00:00:00,2026-01-01,1,1,1,0,financial,1,person,4,financial_category
515794,5,621924,31536000,146.35,,,,,,,q1_graph2,2026-01-01 00:00:00,2026-01-01,1,1,1,0,financial,1,person,4,financial_category
563584,5,503218,31536000,347.88,,,,,,,q1_graph2,2026-01-01 00:00:00,2026-01-01,1,1,1,0,financial,1,person,4,financial_category
563584,5,630626,31536000,2108.03,,,,,,,q1_graph2,2026-01-01 00:00:00,2026-01-01,1,1,1,0,financial,1,person,4,financial_category
563584,5,536346,31536000,699.98,,,,,,,q1_graph2,2026-01-01 00:00:00,2026-01-01,1,1,1,0,financial,1,person,4,financial_category
563584,5,520660,31536000,1691.94,,,,,,,q1_graph2,2026-01-01 00:00:00,2026-01-01,1,1,1,0,financial,1,person,4,financial_category
552988,5,563584,31536000,11708.6,,,,,,,q1_graph2,2026-01-01 00:00:00,2026-01-01,1,1,1,0,financial,4,financial_category,1,person
563584,5,527449,31536000,233.94,,,,,,,q1_graph2,2026-01-01 00:00:00,2026-01-01,1,1,1,0,financial,1,person,4,financial_category
563584,5,459381,31536000,551.66,,,,,,,q1_graph2,2026-01-01 00:00:00,2026-01-01,1,1,1,0,financial,1,person,4,financial_category
563584,5,595298,31536000,483.37,,,,,,,q1_graph2,2026-01-01 00:00:00,2026-01-01,1,1,1,0,financial,1,person,4,financial_category
563584,5,466907,31536000,88.39,,,,,,,q1_graph2,2026-01-01 00:00:00,2026-01-01,1,1,1,0,financial,1,person,4,financial_category
563584,5,589943,31536000,693.99,,,,,,,q1_graph2,2026-01-01 00:00:00,2026-01-01,1,1,1,0,financial,1,person,4,financial_category
563584,5,577992,31536000,668.48,,,,,,,q1_graph2,2026-01-01 00:00:00,2026-01-01,1,1,1,0,financial,1,person,4,financial_category
563584,5,537281,31536000,489.58,,,,,,,q1_graph2,2026-01-01 00:00:00,2026-01-01,1,1,1,0,financial,1,person,4,financial_category
563584,5,523927,31536000,360.49,,,,,,,q1_graph2,2026-01-01 00:00:00,2026-01-01,1,1,1,0,financial,1,person,4,financial_category
563584,5,616315,31536000,637.9,,,,,,,q1_graph2,2026-01-01 00:00:00,2026-01-01,1,1,1,0,financial,1,person,4,financial_category
563584,5,642329,31536000,544.88,,,,,,,q1_graph2,2026-01-01 00:00:00,2026-01-01,1,1,1,0,financial,1,person,4,financial_category
563584,5,503701,31536000,429.92,,,,,,,q1_graph2,2026-01-01 00:00:00,2026-01-01,1,1,1,0,financial,1,person,4,financial_category
563584,5,571970,31536000,10.67,,,,,,,q1_graph2,2026-01-01 00:00:00,2026-01-01,1,1,1,0,financial,1,person,4,financial_category
563584,5,644226,31536000,228.24,,,,,,,q1_graph2,2026-01-01 00:00:00,2026-01-01,1,1,1,0,financial,1,person,4,financial_category
563584,5,473173,31536000,795.47,,,,,,,q1_graph2,2026-01-01 00:00:00,2026-01-01,1,1,1,0,financial,1,person,4,financial_category
563584,5,620120,31536000,939.88,,,,,,,q1_graph2,2026-01-01 00:00:00,2026-01-01,1,1,1,0,financial,1,person,4,financial_category
563584,5,575030,31536000,319.5,,,,,,,q1_graph2,2026-01-01 00:00:00,2026-01-01,1,1,1,0,financial,1,person,4,financial_category
510031,5,629627,31536000,336.04,,,,,,,q1_graph2,2026-01-01 00:00:00,2026-01-01,1,1,1,0,financial,4,financial_category,1,person
552988,5,629627,31536000,6596.71,,,,,,,q1_graph2,2026-01-01 00:00:00,2026-01-01,1,1,1,0,financial,4,financial_category,1,person
629627,5,567195,31536000,698.93,,,,,,,q1_graph2,2026-01-01 00:00:00,2026-01-01,1,1,1,0,financial,1,person,4,financial_category
629627,5,527449,31536000,208.98,,,,,,,q1_graph2,2026-01-01 00:00:00,2026-01-01,1,1,1,0,financial,1,person,4,financial_category
629627,5,459381,31536000,331.29,,,,,,,q1_graph2,2026-01-01 00:00:00,2026-01-01,1,1,1,0,financial,1,person,4,financial_category
629627,5,595298,31536000,701.57,,,,,,,q1_graph2,2026-01-01 00:00:00,2026-01-01,1,1,1,0,financial,1,person,4,financial_category
629627,5,589943,31536000,554.9,,,,,,,q1_graph2,2026-01-01 00:00:00,2026-01-01,1,1,1,0,financial,1,person,4,financial_category
629627,5,537281,31536000,40.21,,,,,,,q1_graph2,2026-01-01 00:00:00,2026-01-01,1,1,1,0,financial,1,person,4,financial_category
629627,5,523927,31536000,485.15,,,,,,,q1_graph2,2026-01-01 00:00:00,2026-01-01,1,1,1,0,financial,1,person,4,financial_category
629627,5,580426,31536000,79.87,,,,,,,q1_graph2,2026-01-01 00:00:00,2026-01-01,1,1,1,0,financial,1,person,4,financial_category
629627,5,595581,31536000,54.06,,,,,,,q1_graph2,2026-01-01 00:00:00,2026-01-01,1,1,1,0,financial,1,person,4,financial_category
629627,5,642329,31536000,372.04,,,,,,,q1_graph2,2026-01-01 00:00:00,2026-01-01,1,1,1,0,financial,1,person,4,financial_category
629627,5,503701,31536000,1001.63,,,,,,,q1_graph2,2026-01-01 00:00:00,2026-01-01,1,1,1,0,financial,1,person,4,financial_category
629627,5,571970,31536000,41.97,,,,,,,q1_graph2,2026-01-01 00:00:00,2026-01-01,1,1,1,0,financial,1,person,4,financial_category
629627,5,473173,31536000,854.79,,,,,,,q1_graph2,2026-01-01 00:00:00,2026-01-01,1,1,1,0,financial,1,person,4,financial_category
629627,5,620120,31536000,822.54,,,,,,,q1_graph2,2026-01-01 00:00:00,2026-01-01,1,1,1,0,financial,1,person,4,financial_category
629627,5,575030,31536000,1576.9,,,,,,,q1_graph2,2026-01-01 00:00:00,2026-01-01,1,1,1,0,financial,1,person,4,financial_category
534034,5,503218,31536000,324.44,,,,,,,q1_graph2,2026-01-01 00:00:00,2026-01-01,1,1,1,0,financial,1,person,4,financial_category
552988,5,534034,31536000,6909.84,,,,,,,q1_graph2,2026-01-01 00:00:00,2026-01-01,1,1,1,0,financial,4,financial_category,1,person
534034,5,567195,31536000,98.42,,,,,,,q1_graph2,2026-01-01 00:00:00,2026-01-01,1,1,1,0,financial,1,person,4,financial_category
534034,5,527449,31536000,98.45,,,,,,,q1_graph2,2026-01-01 00:00:00,2026-01-01,1,1,1,0,financial,1,person,4,financial_category
534034,5,459381,31536000,217.43,,,,,,,q1_graph2,2026-01-01 00:00:00,2026-01-01,1,1,1,0,financial,1,person,4,financial_category
534034,5,595298,31536000,923.82,,,,,,,q1_graph2,2026-01-01 00:00:00,2026-01-01,1,1,1,0,financial,1,person,4,financial_category
534034,5,466907,31536000,331.89,,,,,,,q1_graph2,2026-01-01 00:00:00,2026-01-01,1,1,1,0,financial,1,person,4,financial_category
534034,5,589943,31536000,813.98,,,,,,,q1_graph2,2026-01-01 00:00:00,2026-01-01,1,1,1,0,financial,1,person,4,financial_category
534034,5,523927,31536000,7.09,,,,,,,q1_graph2,2026-01-01 00:00:00,2026-01-01,1,1,1,0,financial,1,person,4,financial_category
534034,5,580426,31536000,24.66,,,,,,,q1_graph2,2026-01-01 00:00:00,2026-01-01,1,1,1,0,financial,1,person,4,financial_category
534034,5,595581,31536000,243.16,,,,,,,q1_graph2,2026-01-01 00:00:00,2026-01-01,1,1,1,0,financial,1,person,4,financial_category
534034,5,642329,31536000,196.86,,,,,,,q1_graph2,2026-01-01 00:00:00,2026-01-01,1,1,1,0,financial,1,person,4,financial_category
534034,5,503701,31536000,519.34,,,,,,,q1_graph2,2026-01-01 00:00:00,2026-01-01,1,1,1,0,financial,1,person,4,financial_category
534034,5,571970,31536000,37.46,,,,,,,q1_graph2,2026-01-01 00:00:00,2026-01-01,1,1,1,0,financial,1,person,4,financial_category
534034,5,632961,31536000,159.21,,,,,,,q1_graph2,2026-01-01 00:00:00,2026-01-01,1,1,1,0,financial,1,person,4,financial_category
534034,5,473173,31536000,359.29,,,,,,,q1_graph2,2026-01-01 00:00:00,2026-01-01,1,1,1,0,financial,1,person,4,financial_category
534034,5,620120,31536000,383.24,,,,,,,q1_graph2,2026-01-01 00:00:00,2026-01-01,1,1,1,0,financial,1,person,4,financial_category
534034,5,621924,31536000,543.76,,,,,,,q1_graph2,2026-01-01 00:00:00,2026-01-01,1,1,1,0,financial,1,person,4,financial_category
552988,5,599441,31536000,820.43,,,,,,,q1_graph2,2026-01-01 00:00:00,2026-01-01,1,1,1,0,financial,4,financial_category,1,person
599441,5,567195,31536000,61.38,,,,,,,q1_graph2,2026-01-01 00:00:00,2026-01-01,1,1,1,0,financial,1,person,4,financial_category
599441,5,527449,31536000,20.01,,,,,,,q1_graph2,2026-01-01 00:00:00,2026-01-01,1,1,1,0,financial,1,person,4,financial_category
599441,5,459381,31536000,173.66,,,,,,,q1_graph2,2026-01-01 00:00:00,2026-01-01,1,1,1,0,financial,1,person,4,financial_category
599441,5,595298,31536000,876.96,,,,,,,q1_graph2,2026-01-01 00:00:00,2026-01-01,1,1,1,0,financial,1,person,4,financial_category
599441,5,466907,31536000,0.17,,,,,,,q1_graph2,2026-01-01 00:00:00,2026-01-01,1,1,1,0,financial,1,person,4,financial_category
599441,5,589943,31536000,149.8,,,,,,,q1_graph2,2026-01-01 00:00:00,2026-01-01,1,1,1,0,financial,1,person,4,financial_category
599441,5,537281,31536000,41.42,,,,,,,q1_graph2,2026-01-01 00:00:00,2026-01-01,1,1,1,0,financial,1,person,4,financial_category
599441,5,523927,31536000,440.57,,,,,,,q1_graph2,2026-01-01 00:00:00,2026-01-01,1,1,1,0,financial,1,person,4,financial_category
599441,5,580426,31536000,63.91,,,,,,,q1_graph2,2026-01-01 00:00:00,2026-01-01,1,1,1,0,financial,1,person,4,financial_category
599441,5,595581,31536000,68.27,,,,,,,q1_graph2,2026-01-01 00:00:00,2026-01-01,1,1,1,0,financial,1,person,4,financial_category
599441,5,616315,31536000,277.77,,,,,,,q1_graph2,2026-01-01 00:00:00,2026-01-01,1,1,1,0,financial,1,person,4,financial_category
599441,5,503701,31536000,305.08,,,,,,,q1_graph2,2026-01-01 00:00:00,2026-01-01,1,1,1,0,financial,1,person,4,financial_category
599441,5,571970,31536000,19.66,,,,,,,q1_graph2,2026-01-01 00:00:00,2026-01-01,1,1,1,0,financial,1,person,4,financial_category
599441,5,632961,31536000,38.91,,,,,,,q1_graph2,2026-01-01 00:00:00,2026-01-01,1,1,1,0,financial,1,person,4,financial_category
599441,5,473173,31536000,166.02,,,,,,,q1_graph2,2026-01-01 00:00:00,2026-01-01,1,1,1,0,financial,1,person,4,financial_category
599441,5,620120,31536000,465.15,,,,,,,q1_graph2,2026-01-01 00:00:00,2026-01-01,1,1,1,0,financial,1,person,4,financial_category
599441,5,621924,31536000,107.62,,,,,,,q1_graph2,2026-01-01 00:00:00,2026-01-01,1,1,1,0,financial,1,person,4,financial_category
552988,5,585212,31536000,7023.93,,,,,,,q1_graph2,2026-01-01 00:00:00,2026-01-01,1,1,1,0,financial,4,financial_category,1,person
585212,5,567195,31536000,313.91,,,,,,,q1_graph2,2026-01-01 00:00:00,2026-01-01,1,1,1,0,financial,1,person,4,financial_category
585212,5,527449,31536000,91.47,,,,,,,q1_graph2,2026-01-01 00:00:00,2026-01-01,1,1,1,0,financial,1,person,4,financial_category
585212,5,459381,31536000,213.36,,,,,,,q1_graph2,2026-01-01 00:00:00,2026-01-01,1,1,1,0,financial,1,person,4,financial_category
585212,5,595298,31536000,1168.03,,,,,,,q1_graph2,2026-01-01 00:00:00,2026-01-01,1,1,1,0,financial,1,person,4,financial_category
585212,5,466907,31536000,237.14,,,,,,,q1_graph2,2026-01-01 00:00:00,2026-01-01,1,1,1,0,financial,1,person,4,financial_category
585212,5,589943,31536000,449.99,,,,,,,q1_graph2,2026-01-01 00:00:00,2026-01-01,1,1,1,0,financial,1,person,4,financial_category
585212,5,577992,31536000,556.72,,,,,,,q1_graph2,2026-01-01 00:00:00,2026-01-01,1,1,1,0,financial,1,person,4,financial_category
585212,5,580426,31536000,23.93,,,,,,,q1_graph2,2026-01-01 00:00:00,2026-01-01,1,1,1,0,financial,1,person,4,financial_category
585212,5,595581,31536000,470.65,,,,,,,q1_graph2,2026-01-01 00:00:00,2026-01-01,1,1,1,0,financial,1,person,4,financial_category
585212,5,616315,31536000,512.49,,,,,,,q1_graph2,2026-01-01 00:00:00,2026-01-01,1,1,1,0,financial,1,person,4,financial_category
585212,5,642329,31536000,203.52,,,,,,,q1_graph2,2026-01-01 00:00:00,2026-01-01,1,1,1,0,financial,1,person,4,financial_category
585212,5,503701,31536000,217.05,,,,,,,q1_graph2,2026-01-01 00:00:00,2026-01-01,1,1,1,0,financial,1,person,4,financial_category
585212,5,632961,31536000,53.7,,,,,,,q1_graph2,2026-01-01 00:00:00,2026-01-01,1,1,1,0,financial,1,person,4,financial_category
585212,5,473173,31536000,196.97,,,,,,,q1_graph2,2026-01-01 00:00:00,2026-01-01,1,1,1,0,financial,1,person,4,financial_category
585212,5,620120,31536000,116.19,,,,,,,q1_graph2,2026-01-01 00:00:00,2026-01-01,1,1,1,0,financial,1,person,4,financial_category
585212,5,621924,31536000,233.26,,,,,,,q1_graph2,2026-01-01 00:00:00,2026-01-01,1,1,1,0,financial,1,person,4,financial_category
552988,5,536953,31536000,6721.34,,,,,,,q1_graph2,2026-01-01 00:00:00,2026-01-01,1,1,1,0,financial,4,financial_category,1,person
536953,5,567195,31536000,457.96,,,,,,,q1_graph2,2026-01-01 00:00:00,2026-01-01,1,1,1,0,financial,1,person,4,financial_category
536953,5,527449,31536000,100.1,,,,,,,q1_graph2,2026-01-01 00:00:00,2026-01-01,1,1,1,0,financial,1,person,4,financial_category
536953,5,459381,31536000,972.12,,,,,,,q1_graph2,2026-01-01 00:00:00,2026-01-01,1,1,1,0,financial,1,person,4,financial_category
536953,5,595298,31536000,1530.76,,,,,,,q1_graph2,2026-01-01 00:00:00,2026-01-01,1,1,1,0,financial,1,person,4,financial_category
536953,5,466907,31536000,140.95,,,,,,,q1_graph2,2026-01-01 00:00:00,2026-01-01,1,1,1,0,financial,1,person,4,financial_category
536953,5,589943,31536000,1330.24,,,,,,,q1_graph2,2026-01-01 00:00:00,2026-01-01,1,1,1,0,financial,1,person,4,financial_category
536953,5,577992,31536000,1151.36,,,,,,,q1_graph2,2026-01-01 00:00:00,2026-01-01,1,1,1,0,financial,1,person,4,financial_category
536953,5,537281,31536000,129.36,,,,,,,q1_graph2,2026-01-01 00:00:00,2026-01-01,1,1,1,0,financial,1,person,4,financial_category
536953,5,523927,31536000,730.47,,,,,,,q1_graph2,2026-01-01 00:00:00,2026-01-01,1,1,1,0,financial,1,person,4,financial_category
536953,5,580426,31536000,49.27,,,,,,,q1_graph2,2026-01-01 00:00:00,2026-01-01,1,1,1,0,financial,1,person,4,financial_category
536953,5,595581,31536000,404.72,,,,,,,q1_graph2,2026-01-01 00:00:00,2026-01-01,1,1,1,0,financial,1,person,4,financial_category
536953,5,616315,31536000,684.01,,,,,,,q1_graph2,2026-01-01 00:00:00,2026-01-01,1,1,1,0,financial,1,person,4,financial_category
536953,5,503701,31536000,1382.9,,,,,,,q1_graph2,2026-01-01 00:00:00,2026-01-01,1,1,1,0,financial,1,person,4,financial_category
536953,5,632961,31536000,423.04,,,,,,,q1_graph2,2026-01-01 00:00:00,2026-01-01,1,1,1,0,financial,1,person,4,financial_category
536953,5,473173,31536000,1534.03,,,,,,,q1_graph2,2026-01-01 00:00:00,2026-01-01,1,1,1,0,financial,1,person,4,financial_category
620120,5,536953,31536000,617.0,,,,,,,q1_graph2,2026-01-01 00:00:00,2026-01-01,1,1,1,0,financial,4,financial_category,1,person
536953,5,575030,31536000,1970.27,,,,,,,q1_graph2,2026-01-01 00:00:00,2026-01-01,1,1,1,0,financial,1,person,4,financial_category
552988,5,515799,31536000,5150.48,,,,,,,q1_graph2,2026-01-01 00:00:00,2026-01-01,1,1,1,0,financial,4,financial_category,1,person
515799,5,567195,31536000,820.48,,,,,,,q1_graph2,2026-01-01 00:00:00,2026-01-01,1,1,1,0,financial,1,person,4,financial_category
515799,5,527449,31536000,129.81,,,,,,,q1_graph2,2026-01-01 00:00:00,2026-01-01,1,1,1,0,financial,1,person,4,financial_category
515799,5,459381,31536000,544.86,,,,,,,q1_graph2,2026-01-01 00:00:00,2026-01-01,1,1,1,0,financial,1,person,4,financial_category
515799,5,595298,31536000,446.02,,,,,,,q1_graph2,2026-01-01 00:00:00,2026-01-01,1,1,1,0,financial,1,person,4,financial_category
515799,5,466907,31536000,349.45,,,,,,,q1_graph2,2026-01-01 00:00:00,2026-01-01,1,1,1,0,financial,1,person,4,financial_category
515799,5,589943,31536000,1011.71,,,,,,,q1_graph2,2026-01-01 00:00:00,2026-01-01,1,1,1,0,financial,1,person,4,financial_category
515799,5,523927,31536000,683.75,,,,,,,q1_graph2,2026-01-01 00:00:00,2026-01-01,1,1,1,0,financial,1,person,4,financial_category
515799,5,580426,31536000,32.88,,,,,,,q1_graph2,2026-01-01 00:00:00,2026-01-01,1,1,1,0,financial,1,person,4,financial_category
515799,5,616315,31536000,683.83,,,,,,,q1_graph2,2026-01-01 00:00:00,2026-01-01,1,1,1,0,financial,1,person,4,financial_category
515799,5,503701,31536000,2272.0,,,,,,,q1_graph2,2026-01-01 00:00:00,2026-01-01,1,1,1,0,financial,1,person,4,financial_category
515799,5,632961,31536000,144.34,,,,,,,q1_graph2,2026-01-01 00:00:00,2026-01-01,1,1,1,0,financial,1,person,4,financial_category
515799,5,473173,31536000,475.94,,,,,,,q1_graph2,2026-01-01 00:00:00,2026-01-01,1,1,1,0,financial,1,person,4,financial_category
515799,5,620120,31536000,688.32,,,,,,,q1_graph2,2026-01-01 00:00:00,2026-01-01,1,1,1,0,financial,1,person,4,financial_category
515799,5,621924,31536000,3746.87,,,,,,,q1_graph2,2026-01-01 00:00:00,2026-01-01,1,1,1,0,financial,1,person,4,financial_category
552988,5,656156,31536000,13710.2,,,,,,,q1_graph2,2026-01-01 00:00:00,2026-01-01,1,1,1,0,financial,4,financial_category,1,person
656156,5,567195,31536000,1205.77,,,,,,,q1_graph2,2026-01-01 00:00:00,2026-01-01,1,1,1,0,financial,1,person,4,financial_category
656156,5,527449,31536000,20.87,,,,,,,q1_graph2,2026-01-01 00:00:00,2026-01-01,1,1,1,0,financial,1,person,4,financial_category
656156,5,459381,31536000,543.68,,,,,,,q1_graph2,2026-01-01 00:00:00,2026-01-01,1,1,1,0,financial,1,person,4,financial_category
656156,5,595298,31536000,719.01,,,,,,,q1_graph2,2026-01-01 00:00:00,2026-01-01,1,1,1,0,financial,1,person,4,financial_category
656156,5,466907,31536000,335.87,,,,,,,q1_graph2,2026-01-01 00:00:00,2026-01-01,1,1,1,0,financial,1,person,4,financial_category
656156,5,589943,31536000,1291.5,,,,,,,q1_graph2,2026-01-01 00:00:00,2026-01-01,1,1,1,0,financial,1,person,4,financial_category
656156,5,577992,31536000,398.58,,,,,,,q1_graph2,2026-01-01 00:00:00,2026-01-01,1,1,1,0,financial,1,person,4,financial_category
656156,5,537281,31536000,362.16,,,,,,,q1_graph2,2026-01-01 00:00:00,2026-01-01,1,1,1,0,financial,1,person,4,financial_category
656156,5,523927,31536000,412.75,,,,,,,q1_graph2,2026-01-01 00:00:00,2026-01-01,1,1,1,0,financial,1,person,4,financial_category
656156,5,580426,31536000,70.98,,,,,,,q1_graph2,2026-01-01 00:00:00,2026-01-01,1,1,1,0,financial,1,person,4,financial_category
656156,5,595581,31536000,557.16,,,,,,,q1_graph2,2026-01-01 00:00:00,2026-01-01,1,1,1,0,financial,1,person,4,financial_category
656156,5,616315,31536000,879.41,,,,,,,q1_graph2,2026-01-01 00:00:00,2026-01-01,1,1,1,0,financial,1,person,4,financial_category
656156,5,642329,31536000,369.95,,,,,,,q1_graph2,2026-01-01 00:00:00,2026-01-01,1,1,1,0,financial,1,person,4,financial_category
656156,5,503701,31536000,768.46,,,,,,,q1_graph2,2026-01-01 00:00:00,2026-01-01,1,1,1,0,financial,1,person,4,financial_category
656156,5,571970,31536000,17.64,,,,,,,q1_graph2,2026-01-01 00:00:00,2026-01-01,1,1,1,0,financial,1,person,4,financial_category
656156,5,632961,31536000,435.05,,,,,,,q1_graph2,2026-01-01 00:00:00,2026-01-01,1,1,1,0,financial,1,person,4,financial_category
656156,5,473173,31536000,315.55,,,,,,,q1_graph2,2026-01-01 00:00:00,2026-01-01,1,1,1,0,financial,1,person,4,financial_category
656156,5,620120,31536000,1089.36,,,,,,,q1_graph2,2026-01-01 00:00:00,2026-01-01,1,1,1,0,financial,1,person,4,financial_category
656156,5,575030,31536000,4849.31,,,,,,,q1_graph2,2026-01-01 00:00:00,2026-01-01,1,1,1,0,financial,1,person,4,financial_category
552439,5,630626,31536000,654.53,,,,,,,q1_graph2,2026-01-01 00:00:00,2026-01-01,1,1,1,0,financial,1,person,4,financial_category
510031,5,552439,31536000,244.14,,,,,,,q1_graph2,2026-01-01 00:00:00,2026-01-01,1,1,1,0,financial,4,financial_category,1,person
552988,5,552439,31536000,13256.9,,,,,,,q1_graph2,2026-01-01 00:00:00,2026-01-01,1,1,1,0,financial,4,financial_category,1,person
552439,5,567195,31536000,862.4,,,,,,,q1_graph2,2026-01-01 00:00:00,2026-01-01,1,1,1,0,financial,1,person,4,financial_category
552439,5,527449,31536000,241.27,,,,,,,q1_graph2,2026-01-01 00:00:00,2026-01-01,1,1,1,0,financial,1,person,4,financial_category
552439,5,459381,31536000,264.21,,,,,,,q1_graph2,2026-01-01 00:00:00,2026-01-01,1,1,1,0,financial,1,person,4,financial_category
552439,5,595298,31536000,1949.1,,,,,,,q1_graph2,2026-01-01 00:00:00,2026-01-01,1,1,1,0,financial,1,person,4,financial_category
552439,5,466907,31536000,407.88,,,,,,,q1_graph2,2026-01-01 00:00:00,2026-01-01,1,1,1,0,financial,1,person,4,financial_category
552439,5,589943,31536000,1173.18,,,,,,,q1_graph2,2026-01-01 00:00:00,2026-01-01,1,1,1,0,financial,1,person,4,financial_category
552439,5,577992,31536000,485.44,,,,,,,q1_graph2,2026-01-01 00:00:00,2026-01-01,1,1,1,0,financial,1,person,4,financial_category
552439,5,537281,31536000,212.58,,,,,,,q1_graph2,2026-01-01 00:00:00,2026-01-01,1,1,1,0,financial,1,person,4,financial_category
552439,5,523927,31536000,365.46,,,,,,,q1_graph2,2026-01-01 00:00:00,2026-01-01,1,1,1,0,financial,1,person,4,financial_category
552439,5,595581,31536000,738.1,,,,,,,q1_graph2,2026-01-01 00:00:00,2026-01-01,1,1,1,0,financial,1,person,4,financial_category
552439,5,616315,31536000,603.48,,,,,,,q1_graph2,2026-01-01 00:00:00,2026-01-01,1,1,1,0,financial,1,person,4,financial_category
552439,5,642329,31536000,433.68,,,,,,,q1_graph2,2026-01-01 00:00:00,2026-01-01,1,1,1,0,financial,1,person,4,financial_category
552439,5,503701,31536000,1827.65,,,,,,,q1_graph2,2026-01-01 00:00:00,2026-01-01,1,1,1,0,financial,1,person,4,financial_category
552439,5,632961,31536000,384.62,,,,,,,q1_graph2,2026-01-01 00:00:00,2026-01-01,1,1,1,0,financial,1,person,4,financial_category
552439,5,473173,31536000,229.16,,,,,,,q1_graph2,2026-01-01 00:00:00,2026-01-01,1,1,1,0,financial,1,person,4,financial_category
552439,5,620120,31536000,742.59,,,,,,,q1_graph2,2026-01-01 00:00:00,2026-01-01,1,1,1,0,financial,1,person,4,financial_category
552439,5,621924,31536000,35.23,,,,,,,q1_graph2,2026-01-01 00:00:00,2026-01-01,1,1,1,0,financial,1,person,4,financial_category
546478,5,630626,31536000,4391.67,,,,,,,q1_graph2,2026-01-01 00:00:00,2026-01-01,1,1,1,0,financial,1,person,4,financial_category
510031,5,546478,31536000,652.46,,,,,,,q1_graph2,2026-01-01 00:00:00,2026-01-01,1,1,1,0,financial,4,financial_category,1,person
552988,5,546478,31536000,8367.13,,,,,,,q1_graph2,2026-01-01 00:00:00,2026-01-01,1,1,1,0,financial,4,financial_category,1,person
546478,5,567195,31536000,1323.35,,,,,,,q1_graph2,2026-01-01 00:00:00,2026-01-01,1,1,1,0,financial,1,person,4,financial_category
546478,5,527449,31536000,47.57,,,,,,,q1_graph2,2026-01-01 00:00:00,2026-01-01,1,1,1,0,financial,1,person,4,financial_category
546478,5,459381,31536000,71.09,,,,,,,q1_graph2,2026-01-01 00:00:00,2026-01-01,1,1,1,0,financial,1,person,4,financial_category
546478,5,595298,31536000,634.8,,,,,,,q1_graph2,2026-01-01 00:00:00,2026-01-01,1,1,1,0,financial,1,person,4,financial_category
546478,5,466907,31536000,318.2,,,,,,,q1_graph2,2026-01-01 00:00:00,2026-01-01,1,1,1,0,financial,1,person,4,financial_category
546478,5,589943,31536000,1477.07,,,,,,,q1_graph2,2026-01-01 00:00:00,2026-01-01,1,1,1,0,financial,1,person,4,financial_category
546478,5,523927,31536000,456.72,,,,,,,q1_graph2,2026-01-01 00:00:00,2026-01-01,1,1,1,0,financial,1,person,4,financial_category
546478,5,616315,31536000,494.24,,,,,,,q1_graph2,2026-01-01 00:00:00,2026-01-01,1,1,1,0,financial,1,person,4,financial_category
546478,5,642329,31536000,37.01,,,,,,,q1_graph2,2026-01-01 00:00:00,2026-01-01,1,1,1,0,financial,1,person,4,financial_category
546478,5,503701,31536000,1607.2,,,,,,,q1_graph2,2026-01-01 00:00:00,2026-01-01,1,1,1,0,financial,1,person,4,financial_category
546478,5,571970,31536000,13.42,,,,,,,q1_graph2,2026-01-01 00:00:00,2026-01-01,1,1,1,0,financial,1,person,4,financial_category
546478,5,632961,31536000,234.6,,,,,,,q1_graph2,2026-01-01 00:00:00,2026-01-01,1,1,1,0,financial,1,person,4,financial_category
546478,5,473173,31536000,960.31,,,,,,,q1_graph2,2026-01-01 00:00:00,2026-01-01,1,1,1,0,financial,1,person,4,financial_category
620120,5,546478,31536000,1156.32,,,,,,,q1_graph2,2026-01-01 00:00:00,2026-01-01,1,1,1,0,financial,4,financial_category,1,person
546478,5,575030,31536000,9595.78,,,,,,,q1_graph2,2026-01-01 00:00:00,2026-01-01,1,1,1,0,financial,1,person,4,financial_category
546478,5,621924,31536000,600.97,,,,,,,q1_graph2,2026-01-01 00:00:00,2026-01-01,1,1,1,0,financial,1,person,4,financial_category
488928,5,503218,31536000,618.86,,,,,,,q1_graph2,2026-01-01 00:00:00,2026-01-01,1,1,1,0,financial,1,person,4,financial_category
488928,5,630626,31536000,7091.58,,,,,,,q1_graph2,2026-01-01 00:00:00,2026-01-01,1,1,1,0,financial,1,person,4,financial_category
488928,5,536346,31536000,1106.18,,,,,,,q1_graph2,2026-01-01 00:00:00,2026-01-01,1,1,1,0,financial,1,person,4,financial_category
488928,5,520660,31536000,2655.89,,,,,,,q1_graph2,2026-01-01 00:00:00,2026-01-01,1,1,1,0,financial,1,person,4,financial_category
552988,5,488928,31536000,20518.6,,,,,,,q1_graph2,2026-01-01 00:00:00,2026-01-01,1,1,1,0,financial,4,financial_category,1,person
488928,5,567195,31536000,4060.69,,,,,,,q1_graph2,2026-01-01 00:00:00,2026-01-01,1,1,1,0,financial,1,person,4,financial_category
488928,5,527449,31536000,77.62,,,,,,,q1_graph2,2026-01-01 00:00:00,2026-01-01,1,1,1,0,financial,1,person,4,financial_category
488928,5,459381,31536000,355.15,,,,,,,q1_graph2,2026-01-01 00:00:00,2026-01-01,1,1,1,0,financial,1,person,4,financial_category
488928,5,595298,31536000,1888.31,,,,,,,q1_graph2,2026-01-01 00:00:00,2026-01-01,1,1,1,0,financial,1,person,4,financial_category
488928,5,466907,31536000,320.76,,,,,,,q1_graph2,2026-01-01 00:00:00,2026-01-01,1,1,1,0,financial,1,person,4,financial_category
488928,5,606730,31536000,773.91,,,,,,,q1_graph2,2026-01-01 00:00:00,2026-01-01,1,1,1,0,financial,1,person,4,financial_category
488928,5,577992,31536000,6.5,,,,,,,q1_graph2,2026-01-01 00:00:00,2026-01-01,1,1,1,0,financial,1,person,4,financial_category
488928,5,537281,31536000,25.88,,,,,,,q1_graph2,2026-01-01 00:00:00,2026-01-01,1,1,1,0,financial,1,person,4,financial_category
488928,5,523927,31536000,1681.76,,,,,,,q1_graph2,2026-01-01 00:00:00,2026-01-01,1,1,1,0,financial,1,person,4,financial_category
488928,5,580426,31536000,532.08,,,,,,,q1_graph2,2026-01-01 00:00:00,2026-01-01,1,1,1,0,financial,1,person,4,financial_category
488928,5,616315,31536000,208.72,,,,,,,q1_graph2,2026-01-01 00:00:00,2026-01-01,1,1,1,0,financial,1,person,4,financial_category
488928,5,503701,31536000,1713.46,,,,,,,q1_graph2,2026-01-01 00:00:00,2026-01-01,1,1,1,0,financial,1,person,4,financial_category
488928,5,644226,31536000,1199.93,,,,,,,q1_graph2,2026-01-01 00:00:00,2026-01-01,1,1,1,0,financial,1,person,4,financial_category
488928,5,632961,31536000,456.15,,,,,,,q1_graph2,2026-01-01 00:00:00,2026-01-01,1,1,1,0,financial,1,person,4,financial_category
488928,5,473173,31536000,226.36,,,,,,,q1_graph2,2026-01-01 00:00:00,2026-01-01,1,1,1,0,financial,1,person,4,financial_category
620120,5,488928,31536000,164.14,,,,,,,q1_graph2,2026-01-01 00:00:00,2026-01-01,1,1,1,0,financial,4,financial_category,1,person
488928,5,575030,31536000,1944.15,,,,,,,q1_graph2,2026-01-01 00:00:00,2026-01-01,1,1,1,0,financial,1,person,4,financial_category
488928,5,621924,31536000,748.17,,,,,,,q1_graph2,2026-01-01 00:00:00,2026-01-01,1,1,1,0,financial,1,person,4,financial_category
602912,5,630626,31536000,1941.85,,,,,,,q1_graph2,2026-01-01 00:00:00,2026-01-01,1,1,1,0,financial,1,person,4,financial_category
602912,5,536346,31536000,744.35,,,,,,,q1_graph2,2026-01-01 00:00:00,2026-01-01,1,1,1,0,financial,1,person,4,financial_category
602912,5,520660,31536000,2191.45,,,,,,,q1_graph2,2026-01-01 00:00:00,2026-01-01,1,1,1,0,financial,1,person,4,financial_category
552988,5,602912,31536000,18351.2,,,,,,,q1_graph2,2026-01-01 00:00:00,2026-01-01,1,1,1,0,financial,4,financial_category,1,person
602912,5,567195,31536000,943.0,,,,,,,q1_graph2,2026-01-01 00:00:00,2026-01-01,1,1,1,0,financial,1,person,4,financial_category
602912,5,527449,31536000,63.04,,,,,,,q1_graph2,2026-01-01 00:00:00,2026-01-01,1,1,1,0,financial,1,person,4,financial_category
602912,5,459381,31536000,401.38,,,,,,,q1_graph2,2026-01-01 00:00:00,2026-01-01,1,1,1,0,financial,1,person,4,financial_category
602912,5,595298,31536000,1754.04,,,,,,,q1_graph2,2026-01-01 00:00:00,2026-01-01,1,1,1,0,financial,1,person,4,financial_category
602912,5,466907,31536000,279.5,,,,,,,q1_graph2,2026-01-01 00:00:00,2026-01-01,1,1,1,0,financial,1,person,4,financial_category
602912,5,589943,31536000,4242.5,,,,,,,q1_graph2,2026-01-01 00:00:00,2026-01-01,1,1,1,0,financial,1,person,4,financial_category
602912,5,537281,31536000,519.27,,,,,,,q1_graph2,2026-01-01 00:00:00,2026-01-01,1,1,1,0,financial,1,person,4,financial_category
602912,5,523927,31536000,428.19,,,,,,,q1_graph2,2026-01-01 00:00:00,2026-01-01,1,1,1,0,financial,1,person,4,financial_category
602912,5,616315,31536000,729.65,,,,,,,q1_graph2,2026-01-01 00:00:00,2026-01-01,1,1,1,0,financial,1,person,4,financial_category
602912,5,642329,31536000,352.81,,,,,,,q1_graph2,2026-01-01 00:00:00,2026-01-01,1,1,1,0,financial,1,person,4,financial_category
602912,5,503701,31536000,1079.16,,,,,,,q1_graph2,2026-01-01 00:00:00,2026-01-01,1,1,1,0,financial,1,person,4,financial_category
602912,5,571970,31536000,9.53,,,,,,,q1_graph2,2026-01-01 00:00:00,2026-01-01,1,1,1,0,financial,1,person,4,financial_category
602912,5,644226,31536000,543.7,,,,,,,q1_graph2,2026-01-01 00:00:00,2026-01-01,1,1,1,0,financial,1,person,4,financial_category
602912,5,473173,31536000,272.54,,,,,,,q1_graph2,2026-01-01 00:00:00,2026-01-01,1,1,1,0,financial,1,person,4,financial_category
602912,5,620120,31536000,1776.52,,,,,,,q1_graph2,2026-01-01 00:00:00,2026-01-01,1,1,1,0,financial,1,person,4,financial_category
533024,5,640784,31536000,282.64,,,,,,,q1_graph2,2026-01-01 00:00:00,2026-01-01,1,1,1,0,financial,1,person,4,financial_category
533024,5,630626,31536000,4800.15,,,,,,,q1_graph2,2026-01-01 00:00:00,2026-01-01,1,1,1,0,financial,1,person,4,financial_category
510031,5,533024,31536000,2270.29,,,,,,,q1_graph2,2026-01-01 00:00:00,2026-01-01,1,1,1,0,financial,4,financial_category,1,person
552988,5,533024,31536000,34513.1,,,,,,,q1_graph2,2026-01-01 00:00:00,2026-01-01,1,1,1,0,financial,4,financial_category,1,person
533024,5,567195,31536000,3896.34,,,,,,,q1_graph2,2026-01-01 00:00:00,2026-01-01,1,1,1,0,financial,1,person,4,financial_category
533024,5,527449,31536000,122.51,,,,,,,q1_graph2,2026-01-01 00:00:00,2026-01-01,1,1,1,0,financial,1,person,4,financial_category
533024,5,459381,31536000,748.85,,,,,,,q1_graph2,2026-01-01 00:00:00,2026-01-01,1,1,1,0,financial,1,person,4,financial_category
533024,5,595298,31536000,1087.88,,,,,,,q1_graph2,2026-01-01 00:00:00,2026-01-01,1,1,1,0,financial,1,person,4,financial_category
533024,5,466907,31536000,636.8,,,,,,,q1_graph2,2026-01-01 00:00:00,2026-01-01,1,1,1,0,financial,1,person,4,financial_category
533024,5,577992,31536000,1271.14,,,,,,,q1_graph2,2026-01-01 00:00:00,2026-01-01,1,1,1,0,financial,1,person,4,financial_category
533024,5,537281,31536000,838.17,,,,,,,q1_graph2,2026-01-01 00:00:00,2026-01-01,1,1,1,0,financial,1,person,4,financial_category
533024,5,523927,31536000,3030.47,,,,,,,q1_graph2,2026-01-01 00:00:00,2026-01-01,1,1,1,0,financial,1,person,4,financial_category
533024,5,580426,31536000,629.02,,,,,,,q1_graph2,2026-01-01 00:00:00,2026-01-01,1,1,1,0,financial,1,person,4,financial_category
533024,5,595581,31536000,894.9,,,,,,,q1_graph2,2026-01-01 00:00:00,2026-01-01,1,1,1,0,financial,1,person,4,financial_category
533024,5,642329,31536000,1483.2,,,,,,,q1_graph2,2026-01-01 00:00:00,2026-01-01,1,1,1,0,financial,1,person,4,financial_category
533024,5,503701,31536000,2764.54,,,,,,,q1_graph2,2026-01-01 00:00:00,2026-01-01,1,1,1,0,financial,1,person,4,financial_category
533024,5,632961,31536000,622.46,,,,,,,q1_graph2,2026-01-01 00:00:00,2026-01-01,1,1,1,0,financial,1,person,4,financial_category
533024,5,473173,31536000,1598.44,,,,,,,q1_graph2,2026-01-01 00:00:00,2026-01-01,1,1,1,0,financial,1,person,4,financial_category
533024,5,620120,31536000,2385.08,,,,,,,q1_graph2,2026-01-01 00:00:00,2026-01-01,1,1,1,0,financial,1,person,4,financial_category
533024,5,575030,31536000,221.07,,,,,,,q1_graph2,2026-01-01 00:00:00,2026-01-01,1,1,1,0,financial,1,person,4,financial_category
533024,5,621924,31536000,1421.09,,,,,,,q1_graph2,2026-01-01 00:00:00,2026-01-01,1,1,1,0,financial,1,person,4,financial_category
499312,5,630626,31536000,3749.53,,,,,,,q1_graph2,2026-01-01 00:00:00,2026-01-01,1,1,1,0,financial,1,person,4,financial_category
499312,5,536346,31536000,1044.11,,,,,,,q1_graph2,2026-01-01 00:00:00,2026-01-01,1,1,1,0,financial,1,person,4,financial_category
510031,5,499312,31536000,691.62,,,,,,,q1_graph2,2026-01-01 00:00:00,2026-01-01,1,1,1,0,financial,4,financial_category,1,person
499312,5,520660,31536000,1127.74,,,,,,,q1_graph2,2026-01-01 00:00:00,2026-01-01,1,1,1,0,financial,1,person,4,financial_category
552988,5,499312,31536000,19434.5,,,,,,,q1_graph2,2026-01-01 00:00:00,2026-01-01,1,1,1,0,financial,4,financial_category,1,person
499312,5,527449,31536000,303.66,,,,,,,q1_graph2,2026-01-01 00:00:00,2026-01-01,1,1,1,0,financial,1,person,4,financial_category
499312,5,459381,31536000,611.34,,,,,,,q1_graph2,2026-01-01 00:00:00,2026-01-01,1,1,1,0,financial,1,person,4,financial_category
499312,5,595298,31536000,1652.08,,,,,,,q1_graph2,2026-01-01 00:00:00,2026-01-01,1,1,1,0,financial,1,person,4,financial_category
499312,5,466907,31536000,596.25,,,,,,,q1_graph2,2026-01-01 00:00:00,2026-01-01,1,1,1,0,financial,1,person,4,financial_category
499312,5,577992,31536000,498.96,,,,,,,q1_graph2,2026-01-01 00:00:00,2026-01-01,1,1,1,0,financial,1,person,4,financial_category
499312,5,537281,31536000,210.09,,,,,,,q1_graph2,2026-01-01 00:00:00,2026-01-01,1,1,1,0,financial,1,person,4,financial_category
499312,5,523927,31536000,848.71,,,,,,,q1_graph2,2026-01-01 00:00:00,2026-01-01,1,1,1,0,financial,1,person,4,financial_category
499312,5,616315,31536000,722.75,,,,,,,q1_graph2,2026-01-01 00:00:00,2026-01-01,1,1,1,0,financial,1,person,4,financial_category
499312,5,642329,31536000,644.66,,,,,,,q1_graph2,2026-01-01 00:00:00,2026-01-01,1,1,1,0,financial,1,person,4,financial_category
499312,5,503701,31536000,1661.06,,,,,,,q1_graph2,2026-01-01 00:00:00,2026-01-01,1,1,1,0,financial,1,person,4,financial_category
499312,5,571970,31536000,103.71,,,,,,,q1_graph2,2026-01-01 00:00:00,2026-01-01,1,1,1,0,financial,1,person,4,financial_category
499312,5,644226,31536000,1801.64,,,,,,,q1_graph2,2026-01-01 00:00:00,2026-01-01,1,1,1,0,financial,1,person,4,financial_category
499312,5,632961,31536000,123.72,,,,,,,q1_graph2,2026-01-01 00:00:00,2026-01-01,1,1,1,0,financial,1,person,4,financial_category
499312,5,473173,31536000,206.09,,,,,,,q1_graph2,2026-01-01 00:00:00,2026-01-01,1,1,1,0,financial,1,person,4,financial_category
499312,5,620120,31536000,2609.85,,,,,,,q1_graph2,2026-01-01 00:00:00,2026-01-01,1,1,1,0,financial,1,person,4,financial_category
499312,5,575030,31536000,1313.85,,,,,,,q1_graph2,2026-01-01 00:00:00,2026-01-01,1,1,1,0,financial,1,person,4,financial_category
499312,5,621924,31536000,17.46,,,,,,,q1_graph2,2026-01-01 00:00:00,2026-01-01,1,1,1,0,financial,1,person,4,financial_category
464563,5,630626,31536000,6057.31,,,,,,,q1_graph2,2026-01-01 00:00:00,2026-01-01,1,1,1,0,financial,1,person,4,financial_category
464563,5,536346,31536000,107.87,,,,,,,q1_graph2,2026-01-01 00:00:00,2026-01-01,1,1,1,0,financial,1,person,4,financial_category
464563,5,520660,31536000,2362.89,,,,,,,q1_graph2,2026-01-01 00:00:00,2026-01-01,1,1,1,0,financial,1,person,4,financial_category
552988,5,464563,31536000,40893.3,,,,,,,q1_graph2,2026-01-01 00:00:00,2026-01-01,1,1,1,0,financial,4,financial_category,1,person
464563,5,567195,31536000,3770.63,,,,,,,q1_graph2,2026-01-01 00:00:00,2026-01-01,1,1,1,0,financial,1,person,4,financial_category
464563,5,527449,31536000,241.36,,,,,,,q1_graph2,2026-01-01 00:00:00,2026-01-01,1,1,1,0,financial,1,person,4,financial_category
464563,5,459381,31536000,499.73,,,,,,,q1_graph2,2026-01-01 00:00:00,2026-01-01,1,1,1,0,financial,1,person,4,financial_category
464563,5,595298,31536000,1287.29,,,,,,,q1_graph2,2026-01-01 00:00:00,2026-01-01,1,1,1,0,financial,1,person,4,financial_category
464563,5,466907,31536000,275.05,,,,,,,q1_graph2,2026-01-01 00:00:00,2026-01-01,1,1,1,0,financial,1,person,4,financial_category
464563,5,606730,31536000,832.72,,,,,,,q1_graph2,2026-01-01 00:00:00,2026-01-01,1,1,1,0,financial,1,person,4,financial_category
464563,5,589943,31536000,824.99,,,,,,,q1_graph2,2026-01-01 00:00:00,2026-01-01,1,1,1,0,financial,1,person,4,financial_category
464563,5,577992,31536000,2432.58,,,,,,,q1_graph2,2026-01-01 00:00:00,2026-01-01,1,1,1,0,financial,1,person,4,financial_category
464563,5,537281,31536000,419.41,,,,,,,q1_graph2,2026-01-01 00:00:00,2026-01-01,1,1,1,0,financial,1,person,4,financial_category
464563,5,523927,31536000,2302.42,,,,,,,q1_graph2,2026-01-01 00:00:00,2026-01-01,1,1,1,0,financial,1,person,4,financial_category
464563,5,595581,31536000,1479.93,,,,,,,q1_graph2,2026-01-01 00:00:00,2026-01-01,1,1,1,0,financial,1,person,4,financial_category
464563,5,642329,31536000,498.09,,,,,,,q1_graph2,2026-01-01 00:00:00,2026-01-01,1,1,1,0,financial,1,person,4,financial_category
464563,5,503701,31536000,2106.71,,,,,,,q1_graph2,2026-01-01 00:00:00,2026-01-01,1,1,1,0,financial,1,person,4,financial_category
464563,5,571970,31536000,5.5,,,,,,,q1_graph2,2026-01-01 00:00:00,2026-01-01,1,1,1,0,financial,1,person,4,financial_category
464563,5,644226,31536000,663.04,,,,,,,q1_graph2,2026-01-01 00:00:00,2026-01-01,1,1,1,0,financial,1,person,4,financial_category
464563,5,632961,31536000,328.49,,,,,,,q1_graph2,2026-01-01 00:00:00,2026-01-01,1,1,1,0,financial,1,person,4,financial_category
464563,5,473173,31536000,171.99,,,,,,,q1_graph2,2026-01-01 00:00:00,2026-01-01,1,1,1,0,financial,1,person,4,financial_category
464563,5,620120,31536000,5338.67,,,,,,,q1_graph2,2026-01-01 00:00:00,2026-01-01,1,1,1,0,financial,1,person,4,financial_category
464563,5,575030,31536000,5816.3,,,,,,,q1_graph2,2026-01-01 00:00:00,2026-01-01,1,1,1,0,financial,1,person,4,financial_category
464563,5,621924,31536000,1513.56,,,,,,,q1_graph2,2026-01-01 00:00:00,2026-01-01,1,1,1,0,financial,1,person,4,financial_category
552988,5,546626,31536000,13128.4,,,,,,,q1_graph2,2026-01-01 00:00:00,2026-01-01,1,1,1,0,financial,4,financial_category,1,person
546626,5,567195,31536000,1910.13,,,,,,,q1_graph2,2026-01-01 00:00:00,2026-01-01,1,1,1,0,financial,1,person,4,financial_category
546626,5,527449,31536000,422.9,,,,,,,q1_graph2,2026-01-01 00:00:00,2026-01-01,1,1,1,0,financial,1,person,4,financial_category
546626,5,459381,31536000,653.41,,,,,,,q1_graph2,2026-01-01 00:00:00,2026-01-01,1,1,1,0,financial,1,person,4,financial_category
546626,5,595298,31536000,619.61,,,,,,,q1_graph2,2026-01-01 00:00:00,2026-01-01,1,1,1,0,financial,1,person,4,financial_category
546626,5,466907,31536000,224.34,,,,,,,q1_graph2,2026-01-01 00:00:00,2026-01-01,1,1,1,0,financial,1,person,4,financial_category
546626,5,589943,31536000,843.58,,,,,,,q1_graph2,2026-01-01 00:00:00,2026-01-01,1,1,1,0,financial,1,person,4,financial_category
546626,5,577992,31536000,459.16,,,,,,,q1_graph2,2026-01-01 00:00:00,2026-01-01,1,1,1,0,financial,1,person,4,financial_category
546626,5,580426,31536000,296.4,,,,,,,q1_graph2,2026-01-01 00:00:00,2026-01-01,1,1,1,0,financial,1,person,4,financial_category
546626,5,595581,31536000,431.55,,,,,,,q1_graph2,2026-01-01 00:00:00,2026-01-01,1,1,1,0,financial,1,person,4,financial_category
546626,5,642329,31536000,507.64,,,,,,,q1_graph2,2026-01-01 00:00:00,2026-01-01,1,1,1,0,financial,1,person,4,financial_category
546626,5,503701,31536000,538.93,,,,,,,q1_graph2,2026-01-01 00:00:00,2026-01-01,1,1,1,0,financial,1,person,4,financial_category
546626,5,632961,31536000,316.14,,,,,,,q1_graph2,2026-01-01 00:00:00,2026-01-01,1,1,1,0,financial,1,person,4,financial_category
546626,5,473173,31536000,1389.58,,,,,,,q1_graph2,2026-01-01 00:00:00,2026-01-01,1,1,1,0,financial,1,person,4,financial_category
546626,5,620120,31536000,1430.0,,,,,,,q1_graph2,2026-01-01 00:00:00,2026-01-01,1,1,1,0,financial,1,person,4,financial_category
546626,5,621924,31536000,1403.88,,,,,,,q1_graph2,2026-01-01 00:00:00,2026-01-01,1,1,1,0,financial,1,person,4,financial_category
552988,5,544615,31536000,14125.6,,,,,,,q1_graph2,2026-01-01 00:00:00,2026-01-01,1,1,1,0,financial,4,financial_category,1,person
544615,5,567195,31536000,1209.5,,,,,,,q1_graph2,2026-01-01 00:00:00,2026-01-01,1,1,1,0,financial,1,person,4,financial_category
544615,5,527449,31536000,185.85,,,,,,,q1_graph2,2026-01-01 00:00:00,2026-01-01,1,1,1,0,financial,1,person,4,financial_category
544615,5,459381,31536000,138.81,,,,,,,q1_graph2,2026-01-01 00:00:00,2026-01-01,1,1,1,0,financial,1,person,4,financial_category
544615,5,595298,31536000,4226.85,,,,,,,q1_graph2,2026-01-01 00:00:00,2026-01-01,1,1,1,0,financial,1,person,4,financial_category
544615,5,466907,31536000,292.64,,,,,,,q1_graph2,2026-01-01 00:00:00,2026-01-01,1,1,1,0,financial,1,person,4,financial_category
544615,5,589943,31536000,497.49,,,,,,,q1_graph2,2026-01-01 00:00:00,2026-01-01,1,1,1,0,financial,1,person,4,financial_category
544615,5,537281,31536000,441.68,,,,,,,q1_graph2,2026-01-01 00:00:00,2026-01-01,1,1,1,0,financial,1,person,4,financial_category
544615,5,523927,31536000,1859.23,,,,,,,q1_graph2,2026-01-01 00:00:00,2026-01-01,1,1,1,0,financial,1,person,4,financial_category
544615,5,580426,31536000,171.51,,,,,,,q1_graph2,2026-01-01 00:00:00,2026-01-01,1,1,1,0,financial,1,person,4,financial_category
544615,5,595581,31536000,909.43,,,,,,,q1_graph2,2026-01-01 00:00:00,2026-01-01,1,1,1,0,financial,1,person,4,financial_category
544615,5,616315,31536000,944.79,,,,,,,q1_graph2,2026-01-01 00:00:00,2026-01-01,1,1,1,0,financial,1,person,4,financial_category
544615,5,642329,31536000,29.26,,,,,,,q1_graph2,2026-01-01 00:00:00,2026-01-01,1,1,1,0,financial,1,person,4,financial_category
544615,5,503701,31536000,2483.79,,,,,,,q1_graph2,2026-01-01 00:00:00,2026-01-01,1,1,1,0,financial,1,person,4,financial_category
544615,5,571970,31536000,133.2,,,,,,,q1_graph2,2026-01-01 00:00:00,2026-01-01,1,1,1,0,financial,1,person,4,financial_category
544615,5,632961,31536000,458.4,,,,,,,q1_graph2,2026-01-01 00:00:00,2026-01-01,1,1,1,0,financial,1,person,4,financial_category
544615,5,473173,31536000,964.83,,,,,,,q1_graph2,2026-01-01 00:00:00,2026-01-01,1,1,1,0,financial,1,person,4,financial_category
544615,5,620120,31536000,687.54,,,,,,,q1_graph2,2026-01-01 00:00:00,2026-01-01,1,1,1,0,financial,1,person,4,financial_category
544615,5,621924,31536000,16.56,,,,,,,q1_graph2,2026-01-01 00:00:00,2026-01-01,1,1,1,0,financial,1,person,4,financial_category
510031,5,533141,31536000,213.04,,,,,,,q1_graph2,2026-01-01 00:00:00,2026-01-01,1,1,1,0,financial,4,financial_category,1,person
552988,5,533141,31536000,12388.0,,,,,,,q1_graph2,2026-01-01 00:00:00,2026-01-01,1,1,1,0,financial,4,financial_category,1,person
533141,5,527449,31536000,212.89,,,,,,,q1_graph2,2026-01-01 00:00:00,2026-01-01,1,1,1,0,financial,1,person,4,financial_category
533141,5,459381,31536000,179.11,,,,,,,q1_graph2,2026-01-01 00:00:00,2026-01-01,1,1,1,0,financial,1,person,4,financial_category
533141,5,595298,31536000,886.18,,,,,,,q1_graph2,2026-01-01 00:00:00,2026-01-01,1,1,1,0,financial,1,person,4,financial_category
533141,5,466907,31536000,558.24,,,,,,,q1_graph2,2026-01-01 00:00:00,2026-01-01,1,1,1,0,financial,1,person,4,financial_category
533141,5,589943,31536000,1199.16,,,,,,,q1_graph2,2026-01-01 00:00:00,2026-01-01,1,1,1,0,financial,1,person,4,financial_category
533141,5,537281,31536000,203.9,,,,,,,q1_graph2,2026-01-01 00:00:00,2026-01-01,1,1,1,0,financial,1,person,4,financial_category
533141,5,580426,31536000,85.73,,,,,,,q1_graph2,2026-01-01 00:00:00,2026-01-01,1,1,1,0,financial,1,person,4,financial_category
533141,5,595581,31536000,1197.33,,,,,,,q1_graph2,2026-01-01 00:00:00,2026-01-01,1,1,1,0,financial,1,person,4,financial_category
533141,5,616315,31536000,757.71,,,,,,,q1_graph2,2026-01-01 00:00:00,2026-01-01,1,1,1,0,financial,1,person,4,financial_category
533141,5,642329,31536000,292.42,,,,,,,q1_graph2,2026-01-01 00:00:00,2026-01-01,1,1,1,0,financial,1,person,4,financial_category
533141,5,503701,31536000,2727.48,,,,,,,q1_graph2,2026-01-01 00:00:00,2026-01-01,1,1,1,0,financial,1,person,4,financial_category
533141,5,571970,31536000,105.77,,,,,,,q1_graph2,2026-01-01 00:00:00,2026-01-01,1,1,1,0,financial,1,person,4,financial_category
533141,5,632961,31536000,362.27,,,,,,,q1_graph2,2026-01-01 00:00:00,2026-01-01,1,1,1,0,financial,1,person,4,financial_category
533141,5,473173,31536000,2263.32,,,,,,,q1_graph2,2026-01-01 00:00:00,2026-01-01,1,1,1,0,financial,1,person,4,financial_category
620120,5,533141,31536000,1499.45,,,,,,,q1_graph2,2026-01-01 00:00:00,2026-01-01,1,1,1,0,financial,4,financial_category,1,person
533141,5,621924,31536000,2176.3,,,,,,,q1_graph2,2026-01-01 00:00:00,2026-01-01,1,1,1,0,financial,1,person,4,financial_category
510031,5,471663,31536000,791.5,,,,,,,q1_graph2,2026-01-01 00:00:00,2026-01-01,1,1,1,0,financial,4,financial_category,1,person
552988,5,471663,31536000,14177.3,,,,,,,q1_graph2,2026-01-01 00:00:00,2026-01-01,1,1,1,0,financial,4,financial_category,1,person
471663,5,567195,31536000,68.49,,,,,,,q1_graph2,2026-01-01 00:00:00,2026-01-01,1,1,1,0,financial,1,person,4,financial_category
471663,5,527449,31536000,359.29,,,,,,,q1_graph2,2026-01-01 00:00:00,2026-01-01,1,1,1,0,financial,1,person,4,financial_category
471663,5,459381,31536000,125.72,,,,,,,q1_graph2,2026-01-01 00:00:00,2026-01-01,1,1,1,0,financial,1,person,4,financial_category
471663,5,595298,31536000,2279.98,,,,,,,q1_graph2,2026-01-01 00:00:00,2026-01-01,1,1,1,0,financial,1,person,4,financial_category
471663,5,466907,31536000,235.75,,,,,,,q1_graph2,2026-01-01 00:00:00,2026-01-01,1,1,1,0,financial,1,person,4,financial_category
471663,5,589943,31536000,1158.45,,,,,,,q1_graph2,2026-01-01 00:00:00,2026-01-01,1,1,1,0,financial,1,person,4,financial_category
471663,5,577992,31536000,382.24,,,,,,,q1_graph2,2026-01-01 00:00:00,2026-01-01,1,1,1,0,financial,1,person,4,financial_category
471663,5,595581,31536000,372.92,,,,,,,q1_graph2,2026-01-01 00:00:00,2026-01-01,1,1,1,0,financial,1,person,4,financial_category
471663,5,616315,31536000,589.65,,,,,,,q1_graph2,2026-01-01 00:00:00,2026-01-01,1,1,1,0,financial,1,person,4,financial_category
471663,5,642329,31536000,403.43,,,,,,,q1_graph2,2026-01-01 00:00:00,2026-01-01,1,1,1,0,financial,1,person,4,financial_category
471663,5,503701,31536000,2341.83,,,,,,,q1_graph2,2026-01-01 00:00:00,2026-01-01,1,1,1,0,financial,1,person,4,financial_category
471663,5,632961,31536000,401.77,,,,,,,q1_graph2,2026-01-01 00:00:00,2026-01-01,1,1,1,0,financial,1,person,4,financial_category
471663,5,473173,31536000,1616.43,,,,,,,q1_graph2,2026-01-01 00:00:00,2026-01-01,1,1,1,0,financial,1,person,4,financial_category
471663,5,620120,31536000,1252.03,,,,,,,q1_graph2,2026-01-01 00:00:00,2026-01-01,1,1,1,0,financial,1,person,4,financial_category
471663,5,575030,31536000,67.22,,,,,,,q1_graph2,2026-01-01 00:00:00,2026-01-01,1,1,1,0,financial,1,person,4,financial_category
471663,5,621924,31536000,194.61,,,,,,,q1_graph2,2026-01-01 00:00:00,2026-01-01,1,1,1,0,financial,1,person,4,financial_category
501047,5,503218,31536000,629.48,,,,,,,q1_graph2,2026-01-01 00:00:00,2026-01-01,1,1,1,0,financial,1,person,4,financial_category
552988,5,501047,31536000,10817.2,,,,,,,q1_graph2,2026-01-01 00:00:00,2026-01-01,1,1,1,0,financial,4,financial_category,1,person
501047,5,567195,31536000,929.07,,,,,,,q1_graph2,2026-01-01 00:00:00,2026-01-01,1,1,1,0,financial,1,person,4,financial_category
501047,5,527449,31536000,137.84,,,,,,,q1_graph2,2026-01-01 00:00:00,2026-01-01,1,1,1,0,financial,1,person,4,financial_category
501047,5,459381,31536000,591.71,,,,,,,q1_graph2,2026-01-01 00:00:00,2026-01-01,1,1,1,0,financial,1,person,4,financial_category
501047,5,595298,31536000,2671.77,,,,,,,q1_graph2,2026-01-01 00:00:00,2026-01-01,1,1,1,0,financial,1,person,4,financial_category
501047,5,466907,31536000,485.28,,,,,,,q1_graph2,2026-01-01 00:00:00,2026-01-01,1,1,1,0,financial,1,person,4,financial_category
501047,5,589943,31536000,251.56,,,,,,,q1_graph2,2026-01-01 00:00:00,2026-01-01,1,1,1,0,financial,1,person,4,financial_category
501047,5,523927,31536000,2970.58,,,,,,,q1_graph2,2026-01-01 00:00:00,2026-01-01,1,1,1,0,financial,1,person,4,financial_category
501047,5,580426,31536000,282.3,,,,,,,q1_graph2,2026-01-01 00:00:00,2026-01-01,1,1,1,0,financial,1,person,4,financial_category
501047,5,595581,31536000,826.02,,,,,,,q1_graph2,2026-01-01 00:00:00,2026-01-01,1,1,1,0,financial,1,person,4,financial_category
501047,5,616315,31536000,737.78,,,,,,,q1_graph2,2026-01-01 00:00:00,2026-01-01,1,1,1,0,financial,1,person,4,financial_category
501047,5,642329,31536000,269.63,,,,,,,q1_graph2,2026-01-01 00:00:00,2026-01-01,1,1,1,0,financial,1,person,4,financial_category
501047,5,503701,31536000,2476.78,,,,,,,q1_graph2,2026-01-01 00:00:00,2026-01-01,1,1,1,0,financial,1,person,4,financial_category
501047,5,632961,31536000,26.77,,,,,,,q1_graph2,2026-01-01 00:00:00,2026-01-01,1,1,1,0,financial,1,person,4,financial_category
501047,5,473173,31536000,1144.8,,,,,,,q1_graph2,2026-01-01 00:00:00,2026-01-01,1,1,1,0,financial,1,person,4,financial_category
620120,5,501047,31536000,1016.19,,,,,,,q1_graph2,2026-01-01 00:00:00,2026-01-01,1,1,1,0,financial,4,financial_category,1,person
501047,5,575030,31536000,4418.43,,,,,,,q1_graph2,2026-01-01 00:00:00,2026-01-01,1,1,1,0,financial,1,person,4,financial_category
534449,5,630626,31536000,1185.68,,,,,,,q1_graph2,2026-01-01 00:00:00,2026-01-01,1,1,1,0,financial,1,person,4,financial_category
552988,5,534449,31536000,2249.89,,,,,,,q1_graph2,2026-01-01 00:00:00,2026-01-01,1,1,1,0,financial,4,financial_category,1,person
534449,5,527449,31536000,216.81,,,,,,,q1_graph2,2026-01-01 00:00:00,2026-01-01,1,1,1,0,financial,1,person,4,financial_category
534449,5,459381,31536000,813.87,,,,,,,q1_graph2,2026-01-01 00:00:00,2026-01-01,1,1,1,0,financial,1,person,4,financial_category
534449,5,595298,31536000,3004.24,,,,,,,q1_graph2,2026-01-01 00:00:00,2026-01-01,1,1,1,0,financial,1,person,4,financial_category
534449,5,466907,31536000,322.32,,,,,,,q1_graph2,2026-01-01 00:00:00,2026-01-01,1,1,1,0,financial,1,person,4,financial_category
534449,5,589943,31536000,665.7,,,,,,,q1_graph2,2026-01-01 00:00:00,2026-01-01,1,1,1,0,financial,1,person,4,financial_category
534449,5,537281,31536000,10.19,,,,,,,q1_graph2,2026-01-01 00:00:00,2026-01-01,1,1,1,0,financial,1,person,4,financial_category
534449,5,595581,31536000,605.53,,,,,,,q1_graph2,2026-01-01 00:00:00,2026-01-01,1,1,1,0,financial,1,person,4,financial_category
534449,5,616315,31536000,7.18,,,,,,,q1_graph2,2026-01-01 00:00:00,2026-01-01,1,1,1,0,financial,1,person,4,financial_category
534449,5,503701,31536000,2109.64,,,,,,,q1_graph2,2026-01-01 00:00:00,2026-01-01,1,1,1,0,financial,1,person,4,financial_category
534449,5,473173,31536000,198.29,,,,,,,q1_graph2,2026-01-01 00:00:00,2026-01-01,1,1,1,0,financial,1,person,4,financial_category
534449,5,620120,31536000,285.36,,,,,,,q1_graph2,2026-01-01 00:00:00,2026-01-01,1,1,1,0,financial,1,person,4,financial_category
534449,5,575030,31536000,395.95,,,,,,,q1_graph2,2026-01-01 00:00:00,2026-01-01,1,1,1,0,financial,1,person,4,financial_category
472522,5,630626,31536000,2352.91,,,,,,,q1_graph2,2026-01-01 00:00:00,2026-01-01,1,1,1,0,financial,1,person,4,financial_category
552988,5,472522,31536000,5748.55,,,,,,,q1_graph2,2026-01-01 00:00:00,2026-01-01,1,1,1,0,financial,4,financial_category,1,person
472522,5,567195,31536000,518.51,,,,,,,q1_graph2,2026-01-01 00:00:00,2026-01-01,1,1,1,0,financial,1,person,4,financial_category
472522,5,527449,31536000,149.26,,,,,,,q1_graph2,2026-01-01 00:00:00,2026-01-01,1,1,1,0,financial,1,person,4,financial_category
472522,5,459381,31536000,72.22,,,,,,,q1_graph2,2026-01-01 00:00:00,2026-01-01,1,1,1,0,financial,1,person,4,financial_category
472522,5,595298,31536000,751.42,,,,,,,q1_graph2,2026-01-01 00:00:00,2026-01-01,1,1,1,0,financial,1,person,4,financial_category
472522,5,466907,31536000,622.66,,,,,,,q1_graph2,2026-01-01 00:00:00,2026-01-01,1,1,1,0,financial,1,person,4,financial_category
472522,5,606730,31536000,627.2,,,,,,,q1_graph2,2026-01-01 00:00:00,2026-01-01,1,1,1,0,financial,1,person,4,financial_category
472522,5,589943,31536000,132.09,,,,,,,q1_graph2,2026-01-01 00:00:00,2026-01-01,1,1,1,0,financial,1,person,4,financial_category
472522,5,580426,31536000,436.19,,,,,,,q1_graph2,2026-01-01 00:00:00,2026-01-01,1,1,1,0,financial,1,person,4,financial_category
472522,5,595581,31536000,233.23,,,,,,,q1_graph2,2026-01-01 00:00:00,2026-01-01,1,1,1,0,financial,1,person,4,financial_category
472522,5,616315,31536000,2178.34,,,,,,,q1_graph2,2026-01-01 00:00:00,2026-01-01,1,1,1,0,financial,1,person,4,financial_category
472522,5,642329,31536000,1014.78,,,,,,,q1_graph2,2026-01-01 00:00:00,2026-01-01,1,1,1,0,financial,1,person,4,financial_category
472522,5,503701,31536000,3103.23,,,,,,,q1_graph2,2026-01-01 00:00:00,2026-01-01,1,1,1,0,financial,1,person,4,financial_category
472522,5,571970,31536000,222.45,,,,,,,q1_graph2,2026-01-01 00:00:00,2026-01-01,1,1,1,0,financial,1,person,4,financial_category
472522,5,473173,31536000,152.82,,,,,,,q1_graph2,2026-01-01 00:00:00,2026-01-01,1,1,1,0,financial,1,person,4,financial_category
620120,5,472522,31536000,1699.98,,,,,,,q1_graph2,2026-01-01 00:00:00,2026-01-01,1,1,1,0,financial,4,financial_category,1,person
472522,5,575030,31536000,693.4,,,,,,,q1_graph2,2026-01-01 00:00:00,2026-01-01,1,1,1,0,financial,1,person,4,financial_category
472522,5,621924,31536000,1990.33,,,,,,,q1_graph2,2026-01-01 00:00:00,2026-01-01,1,1,1,0,financial,1,person,4,financial_category
552988,5,477138,31536000,5714.39,,,,,,,q1_graph2,2026-01-01 00:00:00,2026-01-01,1,1,1,0,financial,4,financial_category,1,person
477138,5,567195,31536000,245.84,,,,,,,q1_graph2,2026-01-01 00:00:00,2026-01-01,1,1,1,0,financial,1,person,4,financial_category
477138,5,527449,31536000,323.7,,,,,,,q1_graph2,2026-01-01 00:00:00,2026-01-01,1,1,1,0,financial,1,person,4,financial_category
477138,5,459381,31536000,298.45,,,,,,,q1_graph2,2026-01-01 00:00:00,2026-01-01,1,1,1,0,financial,1,person,4,financial_category
477138,5,595298,31536000,348.78,,,,,,,q1_graph2,2026-01-01 00:00:00,2026-01-01,1,1,1,0,financial,1,person,4,financial_category
477138,5,466907,31536000,185.98,,,,,,,q1_graph2,2026-01-01 00:00:00,2026-01-01,1,1,1,0,financial,1,person,4,financial_category
477138,5,577992,31536000,1048.98,,,,,,,q1_graph2,2026-01-01 00:00:00,2026-01-01,1,1,1,0,financial,1,person,4,financial_category
477138,5,537281,31536000,194.3,,,,,,,q1_graph2,2026-01-01 00:00:00,2026-01-01,1,1,1,0,financial,1,person,4,financial_category
477138,5,523927,31536000,420.67,,,,,,,q1_graph2,2026-01-01 00:00:00,2026-01-01,1,1,1,0,financial,1,person,4,financial_category
477138,5,580426,31536000,309.72,,,,,,,q1_graph2,2026-01-01 00:00:00,2026-01-01,1,1,1,0,financial,1,person,4,financial_category
477138,5,595581,31536000,957.56,,,,,,,q1_graph2,2026-01-01 00:00:00,2026-01-01,1,1,1,0,financial,1,person,4,financial_category
477138,5,616315,31536000,777.37,,,,,,,q1_graph2,2026-01-01 00:00:00,2026-01-01,1,1,1,0,financial,1,person,4,financial_category
477138,5,571970,31536000,39.66,,,,,,,q1_graph2,2026-01-01 00:00:00,2026-01-01,1,1,1,0,financial,1,person,4,financial_category
477138,5,473173,31536000,330.35,,,,,,,q1_graph2,2026-01-01 00:00:00,2026-01-01,1,1,1,0,financial,1,person,4,financial_category
620120,5,477138,31536000,258.62,,,,,,,q1_graph2,2026-01-01 00:00:00,2026-01-01,1,1,1,0,financial,4,financial_category,1,person
510031,5,475811,31536000,277.92,,,,,,,q1_graph2,2026-01-01 00:00:00,2026-01-01,1,1,1,0,financial,4,financial_category,1,person
552988,5,475811,31536000,4111.4,,,,,,,q1_graph2,2026-01-01 00:00:00,2026-01-01,1,1,1,0,financial,4,financial_category,1,person
475811,5,527449,31536000,119.59,,,,,,,q1_graph2,2026-01-01 00:00:00,2026-01-01,1,1,1,0,financial,1,person,4,financial_category
475811,5,459381,31536000,434.28,,,,,,,q1_graph2,2026-01-01 00:00:00,2026-01-01,1,1,1,0,financial,1,person,4,financial_category
475811,5,595298,31536000,316.24,,,,,,,q1_graph2,2026-01-01 00:00:00,2026-01-01,1,1,1,0,financial,1,person,4,financial_category
475811,5,466907,31536000,5.48,,,,,,,q1_graph2,2026-01-01 00:00:00,2026-01-01,1,1,1,0,financial,1,person,4,financial_category
475811,5,589943,31536000,228.28,,,,,,,q1_graph2,2026-01-01 00:00:00,2026-01-01,1,1,1,0,financial,1,person,4,financial_category
475811,5,537281,31536000,265.86,,,,,,,q1_graph2,2026-01-01 00:00:00,2026-01-01,1,1,1,0,financial,1,person,4,financial_category
475811,5,523927,31536000,1201.2,,,,,,,q1_graph2,2026-01-01 00:00:00,2026-01-01,1,1,1,0,financial,1,person,4,financial_category
475811,5,595581,31536000,102.41,,,,,,,q1_graph2,2026-01-01 00:00:00,2026-01-01,1,1,1,0,financial,1,person,4,financial_category
475811,5,616315,31536000,723.1,,,,,,,q1_graph2,2026-01-01 00:00:00,2026-01-01,1,1,1,0,financial,1,person,4,financial_category
475811,5,642329,31536000,39.47,,,,,,,q1_graph2,2026-01-01 00:00:00,2026-01-01,1,1,1,0,financial,1,person,4,financial_category
475811,5,632961,31536000,116.78,,,,,,,q1_graph2,2026-01-01 00:00:00,2026-01-01,1,1,1,0,financial,1,person,4,financial_category
475811,5,473173,31536000,121.89,,,,,,,q1_graph2,2026-01-01 00:00:00,2026-01-01,1,1,1,0,financial,1,person,4,financial_category
620120,5,475811,31536000,966.1,,,,,,,q1_graph2,2026-01-01 00:00:00,2026-01-01,1,1,1,0,financial,4,financial_category,1,person
475811,5,575030,31536000,2365.02,,,,,,,q1_graph2,2026-01-01 00:00:00,2026-01-01,1,1,1,0,financial,1,person,4,financial_category
552988,5,590265,31536000,8856.87,,,,,,,q1_graph2,2026-01-01 00:00:00,2026-01-01,1,1,1,0,financial,4,financial_category,1,person
590265,5,567195,31536000,384.7,,,,,,,q1_graph2,2026-01-01 00:00:00,2026-01-01,1,1,1,0,financial,1,person,4,financial_category
590265,5,527449,31536000,279.16,,,,,,,q1_graph2,2026-01-01 00:00:00,2026-01-01,1,1,1,0,financial,1,person,4,financial_category
590265,5,459381,31536000,856.28,,,,,,,q1_graph2,2026-01-01 00:00:00,2026-01-01,1,1,1,0,financial,1,person,4,financial_category
590265,5,595298,31536000,643.53,,,,,,,q1_graph2,2026-01-01 00:00:00,2026-01-01,1,1,1,0,financial,1,person,4,financial_category
590265,5,466907,31536000,494.53,,,,,,,q1_graph2,2026-01-01 00:00:00,2026-01-01,1,1,1,0,financial,1,person,4,financial_category
590265,5,589943,31536000,276.79,,,,,,,q1_graph2,2026-01-01 00:00:00,2026-01-01,1,1,1,0,financial,1,person,4,financial_category
590265,5,577992,31536000,438.82,,,,,,,q1_graph2,2026-01-01 00:00:00,2026-01-01,1,1,1,0,financial,1,person,4,financial_category
590265,5,537281,31536000,489.27,,,,,,,q1_graph2,2026-01-01 00:00:00,2026-01-01,1,1,1,0,financial,1,person,4,financial_category
590265,5,523927,31536000,1117.11,,,,,,,q1_graph2,2026-01-01 00:00:00,2026-01-01,1,1,1,0,financial,1,person,4,financial_category
590265,5,580426,31536000,155.39,,,,,,,q1_graph2,2026-01-01 00:00:00,2026-01-01,1,1,1,0,financial,1,person,4,financial_category
590265,5,616315,31536000,487.37,,,,,,,q1_graph2,2026-01-01 00:00:00,2026-01-01,1,1,1,0,financial,1,person,4,financial_category
590265,5,642329,31536000,357.9,,,,,,,q1_graph2,2026-01-01 00:00:00,2026-01-01,1,1,1,0,financial,1,person,4,financial_category
590265,5,503701,31536000,411.14,,,,,,,q1_graph2,2026-01-01 00:00:00,2026-01-01,1,1,1,0,financial,1,person,4,financial_category
590265,5,632961,31536000,141.13,,,,,,,q1_graph2,2026-01-01 00:00:00,2026-01-01,1,1,1,0,financial,1,person,4,financial_category
590265,5,473173,31536000,1069.34,,,,,,,q1_graph2,2026-01-01 00:00:00,2026-01-01,1,1,1,0,financial,1,person,4,financial_category
620120,5,590265,31536000,752.56,,,,,,,q1_graph2,2026-01-01 00:00:00,2026-01-01,1,1,1,0,financial,4,financial_category,1,person
590265,5,575030,31536000,12740.8,,,,,,,q1_graph2,2026-01-01 00:00:00,2026-01-01,1,1,1,0,financial,1,person,4,financial_category
590265,5,621924,31536000,1592.1,,,,,,,q1_graph2,2026-01-01 00:00:00,2026-01-01,1,1,1,0,financial,1,person,4,financial_category
510031,5,653390,31536000,724.17,,,,,,,q1_graph2,2026-01-01 00:00:00,2026-01-01,1,1,1,0,financial,4,financial_category,1,person
552988,5,653390,31536000,10042.3,,,,,,,q1_graph2,2026-01-01 00:00:00,2026-01-01,1,1,1,0,financial,4,financial_category,1,person
653390,5,567195,31536000,127.56,,,,,,,q1_graph2,2026-01-01 00:00:00,2026-01-01,1,1,1,0,financial,1,person,4,financial_category
653390,5,527449,31536000,358.62,,,,,,,q1_graph2,2026-01-01 00:00:00,2026-01-01,1,1,1,0,financial,1,person,4,financial_category
653390,5,459381,31536000,431.14,,,,,,,q1_graph2,2026-01-01 00:00:00,2026-01-01,1,1,1,0,financial,1,person,4,financial_category
653390,5,595298,31536000,1064.83,,,,,,,q1_graph2,2026-01-01 00:00:00,2026-01-01,1,1,1,0,financial,1,person,4,financial_category
653390,5,466907,31536000,99.86,,,,,,,q1_graph2,2026-01-01 00:00:00,2026-01-01,1,1,1,0,financial,1,person,4,financial_category
653390,5,606730,31536000,509.25,,,,,,,q1_graph2,2026-01-01 00:00:00,2026-01-01,1,1,1,0,financial,1,person,4,financial_category
653390,5,589943,31536000,890.84,,,,,,,q1_graph2,2026-01-01 00:00:00,2026-01-01,1,1,1,0,financial,1,person,4,financial_category
653390,5,577992,31536000,336.03,,,,,,,q1_graph2,2026-01-01 00:00:00,2026-01-01,1,1,1,0,financial,1,person,4,financial_category
653390,5,537281,31536000,548.16,,,,,,,q1_graph2,2026-01-01 00:00:00,2026-01-01,1,1,1,0,financial,1,person,4,financial_category
653390,5,523927,31536000,948.67,,,,,,,q1_graph2,2026-01-01 00:00:00,2026-01-01,1,1,1,0,financial,1,person,4,financial_category
653390,5,580426,31536000,415.63,,,,,,,q1_graph2,2026-01-01 00:00:00,2026-01-01,1,1,1,0,financial,1,person,4,financial_category
653390,5,595581,31536000,331.71,,,,,,,q1_graph2,2026-01-01 00:00:00,2026-01-01,1,1,1,0,financial,1,person,4,financial_category
653390,5,616315,31536000,113.71,,,,,,,q1_graph2,2026-01-01 00:00:00,2026-01-01,1,1,1,0,financial,1,person,4,financial_category
653390,5,642329,31536000,251.39,,,,,,,q1_graph2,2026-01-01 00:00:00,2026-01-01,1,1,1,0,financial,1,person,4,financial_category
653390,5,503701,31536000,1492.32,,,,,,,q1_graph2,2026-01-01 00:00:00,2026-01-01,1,1,1,0,financial,1,person,4,financial_category
653390,5,571970,31536000,164.8,,,,,,,q1_graph2,2026-01-01 00:00:00,2026-01-01,1,1,1,0,financial,1,person,4,financial_category
653390,5,473173,31536000,1763.26,,,,,,,q1_graph2,2026-01-01 00:00:00,2026-01-01,1,1,1,0,financial,1,person,4,financial_category
653390,5,620120,31536000,31.08,,,,,,,q1_graph2,2026-01-01 00:00:00,2026-01-01,1,1,1,0,financial,1,person,4,financial_category
653390,5,621924,31536000,2228.22,,,,,,,q1_graph2,2026-01-01 00:00:00,2026-01-01,1,1,1,0,financial,1,person,4,financial_category
510031,5,573870,31536000,356.61,,,,,,,q1_graph2,2026-01-01 00:00:00,2026-01-01,1,1,1,0,financial,4,financial_category,1,person
552988,5,573870,31536000,3019.34,,,,,,,q1_graph2,2026-01-01 00:00:00,2026-01-01,1,1,1,0,financial,4,financial_category,1,person
573870,5,527449,31536000,241.38,,,,,,,q1_graph2,2026-01-01 00:00:00,2026-01-01,1,1,1,0,financial,1,person,4,financial_category
573870,5,459381,31536000,620.7,,,,,,,q1_graph2,2026-01-01 00:00:00,2026-01-01,1,1,1,0,financial,1,person,4,financial_category
573870,5,595298,31536000,414.28,,,,,,,q1_graph2,2026-01-01 00:00:00,2026-01-01,1,1,1,0,financial,1,person,4,financial_category
573870,5,466907,31536000,257.91,,,,,,,q1_graph2,2026-01-01 00:00:00,2026-01-01,1,1,1,0,financial,1,person,4,financial_category
573870,5,577992,31536000,1416.17,,,,,,,q1_graph2,2026-01-01 00:00:00,2026-01-01,1,1,1,0,financial,1,person,4,financial_category
573870,5,537281,31536000,20.72,,,,,,,q1_graph2,2026-01-01 00:00:00,2026-01-01,1,1,1,0,financial,1,person,4,financial_category
573870,5,523927,31536000,639.76,,,,,,,q1_graph2,2026-01-01 00:00:00,2026-01-01,1,1,1,0,financial,1,person,4,financial_category
573870,5,580426,31536000,99.74,,,,,,,q1_graph2,2026-01-01 00:00:00,2026-01-01,1,1,1,0,financial,1,person,4,financial_category
573870,5,595581,31536000,481.03,,,,,,,q1_graph2,2026-01-01 00:00:00,2026-01-01,1,1,1,0,financial,1,person,4,financial_category
573870,5,616315,31536000,435.73,,,,,,,q1_graph2,2026-01-01 00:00:00,2026-01-01,1,1,1,0,financial,1,person,4,financial_category
573870,5,642329,31536000,184.64,,,,,,,q1_graph2,2026-01-01 00:00:00,2026-01-01,1,1,1,0,financial,1,person,4,financial_category
573870,5,503701,31536000,746.46,,,,,,,q1_graph2,2026-01-01 00:00:00,2026-01-01,1,1,1,0,financial,1,person,4,financial_category
573870,5,632961,31536000,274.71,,,,,,,q1_graph2,2026-01-01 00:00:00,2026-01-01,1,1,1,0,financial,1,person,4,financial_category
573870,5,473173,31536000,415.5,,,,,,,q1_graph2,2026-01-01 00:00:00,2026-01-01,1,1,1,0,financial,1,person,4,financial_category
573870,5,620120,31536000,351.06,,,,,,,q1_graph2,2026-01-01 00:00:00,2026-01-01,1,1,1,0,financial,1,person,4,financial_category
573870,5,575030,31536000,1170.2,,,,,,,q1_graph2,2026-01-01 00:00:00,2026-01-01,1,1,1,0,financial,1,person,4,financial_category
645210,5,630626,31536000,4792.16,,,,,,,q1_graph2,2026-01-01 00:00:00,2026-01-01,1,1,1,0,financial,1,person,4,financial_category
510031,5,645210,31536000,437.54,,,,,,,q1_graph2,2026-01-01 00:00:00,2026-01-01,1,1,1,0,financial,4,financial_category,1,person
552988,5,645210,31536000,29973.6,,,,,,,q1_graph2,2026-01-01 00:00:00,2026-01-01,1,1,1,0,financial,4,financial_category,1,person
645210,5,527449,31536000,278.77,,,,,,,q1_graph2,2026-01-01 00:00:00,2026-01-01,1,1,1,0,financial,1,person,4,financial_category
645210,5,459381,31536000,713.63,,,,,,,q1_graph2,2026-01-01 00:00:00,2026-01-01,1,1,1,0,financial,1,person,4,financial_category
645210,5,595298,31536000,1592.06,,,,,,,q1_graph2,2026-01-01 00:00:00,2026-01-01,1,1,1,0,financial,1,person,4,financial_category
645210,5,466907,31536000,550.46,,,,,,,q1_graph2,2026-01-01 00:00:00,2026-01-01,1,1,1,0,financial,1,person,4,financial_category
645210,5,589943,31536000,355.15,,,,,,,q1_graph2,2026-01-01 00:00:00,2026-01-01,1,1,1,0,financial,1,person,4,financial_category
645210,5,577992,31536000,157.68,,,,,,,q1_graph2,2026-01-01 00:00:00,2026-01-01,1,1,1,0,financial,1,person,4,financial_category
645210,5,537281,31536000,418.13,,,,,,,q1_graph2,2026-01-01 00:00:00,2026-01-01,1,1,1,0,financial,1,person,4,financial_category
645210,5,523927,31536000,1223.88,,,,,,,q1_graph2,2026-01-01 00:00:00,2026-01-01,1,1,1,0,financial,1,person,4,financial_category
645210,5,580426,31536000,37.94,,,,,,,q1_graph2,2026-01-01 00:00:00,2026-01-01,1,1,1,0,financial,1,person,4,financial_category
645210,5,595581,31536000,311.95,,,,,,,q1_graph2,2026-01-01 00:00:00,2026-01-01,1,1,1,0,financial,1,person,4,financial_category
645210,5,616315,31536000,2090.93,,,,,,,q1_graph2,2026-01-01 00:00:00,2026-01-01,1,1,1,0,financial,1,person,4,financial_category
645210,5,642329,31536000,408.57,,,,,,,q1_graph2,2026-01-01 00:00:00,2026-01-01,1,1,1,0,financial,1,person,4,financial_category
645210,5,503701,31536000,1135.98,,,,,,,q1_graph2,2026-01-01 00:00:00,2026-01-01,1,1,1,0,financial,1,person,4,financial_category
645210,5,632961,31536000,1024.9,,,,,,,q1_graph2,2026-01-01 00:00:00,2026-01-01,1,1,1,0,financial,1,person,4,financial_category
645210,5,473173,31536000,427.59,,,,,,,q1_graph2,2026-01-01 00:00:00,2026-01-01,1,1,1,0,financial,1,person,4,financial_category
645210,5,620120,31536000,1480.23,,,,,,,q1_graph2,2026-01-01 00:00:00,2026-01-01,1,1,1,0,financial,1,person,4,financial_category
645210,5,575030,31536000,6687.72,,,,,,,q1_graph2,2026-01-01 00:00:00,2026-01-01,1,1,1,0,financial,1,person,4,financial_category
639051,5,630626,31536000,9218.86,,,,,,,q1_graph2,2026-01-01 00:00:00,2026-01-01,1,1,1,0,financial,1,person,4,financial_category
510031,5,639051,31536000,8012.8,,,,,,,q1_graph2,2026-01-01 00:00:00,2026-01-01,1,1,1,0,financial,4,financial_category,1,person
552988,5,639051,31536000,196567.0,,,,,,,q1_graph2,2026-01-01 00:00:00,2026-01-01,1,1,1,0,financial,4,financial_category,1,person
639051,5,567195,31536000,13536.0,,,,,,,q1_graph2,2026-01-01 00:00:00,2026-01-01,1,1,1,0,financial,1,person,4,financial_category
639051,5,527449,31536000,131.53,,,,,,,q1_graph2,2026-01-01 00:00:00,2026-01-01,1,1,1,0,financial,1,person,4,financial_category
639051,5,459381,31536000,504.52,,,,,,,q1_graph2,2026-01-01 00:00:00,2026-01-01,1,1,1,0,financial,1,person,4,financial_category
639051,5,595298,31536000,363.71,,,,,,,q1_graph2,2026-01-01 00:00:00,2026-01-01,1,1,1,0,financial,1,person,4,financial_category
639051,5,466907,31536000,628.37,,,,,,,q1_graph2,2026-01-01 00:00:00,2026-01-01,1,1,1,0,financial,1,person,4,financial_category
639051,5,589943,31536000,3250.02,,,,,,,q1_graph2,2026-01-01 00:00:00,2026-01-01,1,1,1,0,financial,1,person,4,financial_category
639051,5,577992,31536000,3604.06,,,,,,,q1_graph2,2026-01-01 00:00:00,2026-01-01,1,1,1,0,financial,1,person,4,financial_category
639051,5,537281,31536000,74.73,,,,,,,q1_graph2,2026-01-01 00:00:00,2026-01-01,1,1,1,0,financial,1,person,4,financial_category
639051,5,580426,31536000,1281.5,,,,,,,q1_graph2,2026-01-01 00:00:00,2026-01-01,1,1,1,0,financial,1,person,4,financial_category
639051,5,595581,31536000,4821.65,,,,,,,q1_graph2,2026-01-01 00:00:00,2026-01-01,1,1,1,0,financial,1,person,4,financial_category
639051,5,642329,31536000,3029.73,,,,,,,q1_graph2,2026-01-01 00:00:00,2026-01-01,1,1,1,0,financial,1,person,4,financial_category
639051,5,503701,31536000,1839.38,,,,,,,q1_graph2,2026-01-01 00:00:00,2026-01-01,1,1,1,0,financial,1,person,4,financial_category
639051,5,473173,31536000,2175.3,,,,,,,q1_graph2,2026-01-01 00:00:00,2026-01-01,1,1,1,0,financial,1,person,4,financial_category
639051,5,620120,31536000,47680.0,,,,,,,q1_graph2,2026-01-01 00:00:00,2026-01-01,1,1,1,0,financial,1,person,4,financial_category
639051,5,575030,31536000,11164.1,,,,,,,q1_graph2,2026-01-01 00:00:00,2026-01-01,1,1,1,0,financial,1,person,4,financial_category
582851,5,640784,31536000,339.98,,,,,,,q1_graph2,2026-01-01 00:00:00,2026-01-01,1,1,1,0,financial,1,person,4,financial_category
582851,5,630626,31536000,5865.03,,,,,,,q1_graph2,2026-01-01 00:00:00,2026-01-01,1,1,1,0,financial,1,person,4,financial_category
582851,5,536346,31536000,1010.5,,,,,,,q1_graph2,2026-01-01 00:00:00,2026-01-01,1,1,1,0,financial,1,person,4,financial_category
582851,5,520660,31536000,1548.47,,,,,,,q1_graph2,2026-01-01 00:00:00,2026-01-01,1,1,1,0,financial,1,person,4,financial_category
552988,5,582851,31536000,18671.5,,,,,,,q1_graph2,2026-01-01 00:00:00,2026-01-01,1,1,1,0,financial,4,financial_category,1,person
582851,5,567195,31536000,2519.64,,,,,,,q1_graph2,2026-01-01 00:00:00,2026-01-01,1,1,1,0,financial,1,person,4,financial_category
582851,5,527449,31536000,59.25,,,,,,,q1_graph2,2026-01-01 00:00:00,2026-01-01,1,1,1,0,financial,1,person,4,financial_category
582851,5,459381,31536000,592.99,,,,,,,q1_graph2,2026-01-01 00:00:00,2026-01-01,1,1,1,0,financial,1,person,4,financial_category
582851,5,595298,31536000,918.16,,,,,,,q1_graph2,2026-01-01 00:00:00,2026-01-01,1,1,1,0,financial,1,person,4,financial_category
582851,5,466907,31536000,274.5,,,,,,,q1_graph2,2026-01-01 00:00:00,2026-01-01,1,1,1,0,financial,1,person,4,financial_category
582851,5,589943,31536000,1765.12,,,,,,,q1_graph2,2026-01-01 00:00:00,2026-01-01,1,1,1,0,financial,1,person,4,financial_category
582851,5,577992,31536000,26.02,,,,,,,q1_graph2,2026-01-01 00:00:00,2026-01-01,1,1,1,0,financial,1,person,4,financial_category
582851,5,537281,31536000,687.27,,,,,,,q1_graph2,2026-01-01 00:00:00,2026-01-01,1,1,1,0,financial,1,person,4,financial_category
582851,5,580426,31536000,674.77,,,,,,,q1_graph2,2026-01-01 00:00:00,2026-01-01,1,1,1,0,financial,1,person,4,financial_category
582851,5,595581,31536000,1318.01,,,,,,,q1_graph2,2026-01-01 00:00:00,2026-01-01,1,1,1,0,financial,1,person,4,financial_category
582851,5,642329,31536000,650.69,,,,,,,q1_graph2,2026-01-01 00:00:00,2026-01-01,1,1,1,0,financial,1,person,4,financial_category
582851,5,503701,31536000,1331.52,,,,,,,q1_graph2,2026-01-01 00:00:00,2026-01-01,1,1,1,0,financial,1,person,4,financial_category
582851,5,644226,31536000,127.16,,,,,,,q1_graph2,2026-01-01 00:00:00,2026-01-01,1,1,1,0,financial,1,person,4,financial_category
582851,5,632961,31536000,629.85,,,,,,,q1_graph2,2026-01-01 00:00:00,2026-01-01,1,1,1,0,financial,1,person,4,financial_category
582851,5,473173,31536000,945.16,,,,,,,q1_graph2,2026-01-01 00:00:00,2026-01-01,1,1,1,0,financial,1,person,4,financial_category
582851,5,620120,31536000,4056.11,,,,,,,q1_graph2,2026-01-01 00:00:00,2026-01-01,1,1,1,0,financial,1,person,4,financial_category
582851,5,575030,31536000,3336.95,,,,,,,q1_graph2,2026-01-01 00:00:00,2026-01-01,1,1,1,0,financial,1,person,4,financial_category
541017,5,503218,31536000,823.05,,,,,,,q1_graph2,2026-01-01 00:00:00,2026-01-01,1,1,1,0,financial,1,person,4,financial_category
541017,5,630626,31536000,3583.08,,,,,,,q1_graph2,2026-01-01 00:00:00,2026-01-01,1,1,1,0,financial,1,person,4,financial_category
541017,5,536346,31536000,21.36,,,,,,,q1_graph2,2026-01-01 00:00:00,2026-01-01,1,1,1,0,financial,1,person,4,financial_category
510031,5,541017,31536000,289.46,,,,,,,q1_graph2,2026-01-01 00:00:00,2026-01-01,1,1,1,0,financial,4,financial_category,1,person
541017,5,520660,31536000,2432.0,,,,,,,q1_graph2,2026-01-01 00:00:00,2026-01-01,1,1,1,0,financial,1,person,4,financial_category
552988,5,541017,31536000,28827.5,,,,,,,q1_graph2,2026-01-01 00:00:00,2026-01-01,1,1,1,0,financial,4,financial_category,1,person
541017,5,567195,31536000,6094.45,,,,,,,q1_graph2,2026-01-01 00:00:00,2026-01-01,1,1,1,0,financial,1,person,4,financial_category
541017,5,527449,31536000,276.94,,,,,,,q1_graph2,2026-01-01 00:00:00,2026-01-01,1,1,1,0,financial,1,person,4,financial_category
541017,5,459381,31536000,635.57,,,,,,,q1_graph2,2026-01-01 00:00:00,2026-01-01,1,1,1,0,financial,1,person,4,financial_category
541017,5,595298,31536000,3947.64,,,,,,,q1_graph2,2026-01-01 00:00:00,2026-01-01,1,1,1,0,financial,1,person,4,financial_category
541017,5,466907,31536000,820.82,,,,,,,q1_graph2,2026-01-01 00:00:00,2026-01-01,1,1,1,0,financial,1,person,4,financial_category
541017,5,606730,31536000,729.14,,,,,,,q1_graph2,2026-01-01 00:00:00,2026-01-01,1,1,1,0,financial,1,person,4,financial_category
541017,5,589943,31536000,3067.24,,,,,,,q1_graph2,2026-01-01 00:00:00,2026-01-01,1,1,1,0,financial,1,person,4,financial_category
541017,5,577992,31536000,195.49,,,,,,,q1_graph2,2026-01-01 00:00:00,2026-01-01,1,1,1,0,financial,1,person,4,financial_category
541017,5,523927,31536000,1935.69,,,,,,,q1_graph2,2026-01-01 00:00:00,2026-01-01,1,1,1,0,financial,1,person,4,financial_category
541017,5,595581,31536000,3866.28,,,,,,,q1_graph2,2026-01-01 00:00:00,2026-01-01,1,1,1,0,financial,1,person,4,financial_category
541017,5,616315,31536000,3532.11,,,,,,,q1_graph2,2026-01-01 00:00:00,2026-01-01,1,1,1,0,financial,1,person,4,financial_category
541017,5,642329,31536000,484.08,,,,,,,q1_graph2,2026-01-01 00:00:00,2026-01-01,1,1,1,0,financial,1,person,4,financial_category
541017,5,571970,31536000,180.92,,,,,,,q1_graph2,2026-01-01 00:00:00,2026-01-01,1,1,1,0,financial,1,person,4,financial_category
541017,5,644226,31536000,1529.05,,,,,,,q1_graph2,2026-01-01 00:00:00,2026-01-01,1,1,1,0,financial,1,person,4,financial_category
541017,5,632961,31536000,431.03,,,,,,,q1_graph2,2026-01-01 00:00:00,2026-01-01,1,1,1,0,financial,1,person,4,financial_category
541017,5,473173,31536000,642.78,,,,,,,q1_graph2,2026-01-01 00:00:00,2026-01-01,1,1,1,0,financial,1,person,4,financial_category
541017,5,620120,31536000,3517.98,,,,,,,q1_graph2,2026-01-01 00:00:00,2026-01-01,1,1,1,0,financial,1,person,4,financial_category
541017,5,575030,31536000,8084.37,,,,,,,q1_graph2,2026-01-01 00:00:00,2026-01-01,1,1,1,0,financial,1,person,4,financial_category
541017,5,621924,31536000,1292.87,,,,,,,q1_graph2,2026-01-01 00:00:00,2026-01-01,1,1,1,0,financial,1,person,4,financial_category
563211,5,630626,31536000,4267.76,,,,,,,q1_graph2,2026-01-01 00:00:00,2026-01-01,1,1,1,0,financial,1,person,4,financial_category
563211,5,536346,31536000,464.86,,,,,,,q1_graph2,2026-01-01 00:00:00,2026-01-01,1,1,1,0,financial,1,person,4,financial_category
510031,5,563211,31536000,2700.9,,,,,,,q1_graph2,2026-01-01 00:00:00,2026-01-01,1,1,1,0,financial,4,financial_category,1,person
552988,5,563211,31536000,33865.0,,,,,,,q1_graph2,2026-01-01 00:00:00,2026-01-01,1,1,1,0,financial,4,financial_category,1,person
563211,5,567195,31536000,5301.34,,,,,,,q1_graph2,2026-01-01 00:00:00,2026-01-01,1,1,1,0,financial,1,person,4,financial_category
563211,5,527449,31536000,96.34,,,,,,,q1_graph2,2026-01-01 00:00:00,2026-01-01,1,1,1,0,financial,1,person,4,financial_category
563211,5,459381,31536000,325.71,,,,,,,q1_graph2,2026-01-01 00:00:00,2026-01-01,1,1,1,0,financial,1,person,4,financial_category
563211,5,595298,31536000,2348.19,,,,,,,q1_graph2,2026-01-01 00:00:00,2026-01-01,1,1,1,0,financial,1,person,4,financial_category
563211,5,466907,31536000,801.11,,,,,,,q1_graph2,2026-01-01 00:00:00,2026-01-01,1,1,1,0,financial,1,person,4,financial_category
563211,5,589943,31536000,1121.43,,,,,,,q1_graph2,2026-01-01 00:00:00,2026-01-01,1,1,1,0,financial,1,person,4,financial_category
563211,5,577992,31536000,2947.72,,,,,,,q1_graph2,2026-01-01 00:00:00,2026-01-01,1,1,1,0,financial,1,person,4,financial_category
563211,5,537281,31536000,855.53,,,,,,,q1_graph2,2026-01-01 00:00:00,2026-01-01,1,1,1,0,financial,1,person,4,financial_category
563211,5,523927,31536000,2739.3,,,,,,,q1_graph2,2026-01-01 00:00:00,2026-01-01,1,1,1,0,financial,1,person,4,financial_category
563211,5,580426,31536000,908.48,,,,,,,q1_graph2,2026-01-01 00:00:00,2026-01-01,1,1,1,0,financial,1,person,4,financial_category
563211,5,595581,31536000,820.14,,,,,,,q1_graph2,2026-01-01 00:00:00,2026-01-01,1,1,1,0,financial,1,person,4,financial_category
563211,5,642329,31536000,1218.25,,,,,,,q1_graph2,2026-01-01 00:00:00,2026-01-01,1,1,1,0,financial,1,person,4,financial_category
563211,5,503701,31536000,2401.99,,,,,,,q1_graph2,2026-01-01 00:00:00,2026-01-01,1,1,1,0,financial,1,person,4,financial_category
563211,5,644226,31536000,286.6,,,,,,,q1_graph2,2026-01-01 00:00:00,2026-01-01,1,1,1,0,financial,1,person,4,financial_category
563211,5,632961,31536000,212.56,,,,,,,q1_graph2,2026-01-01 00:00:00,2026-01-01,1,1,1,0,financial,1,person,4,financial_category
563211,5,473173,31536000,2758.33,,,,,,,q1_graph2,2026-01-01 00:00:00,2026-01-01,1,1,1,0,financial,1,person,4,financial_category
563211,5,620120,31536000,6505.41,,,,,,,q1_graph2,2026-01-01 00:00:00,2026-01-01,1,1,1,0,financial,1,person,4,financial_category
563211,5,575030,31536000,855.88,,,,,,,q1_graph2,2026-01-01 00:00:00,2026-01-01,1,1,1,0,financial,1,person,4,financial_category
527597,5,640784,31536000,440.68,,,,,,,q1_graph2,2026-01-01 00:00:00,2026-01-01,1,1,1,0,financial,1,person,4,financial_category
527597,5,630626,31536000,3860.15,,,,,,,q1_graph2,2026-01-01 00:00:00,2026-01-01,1,1,1,0,financial,1,person,4,financial_category
527597,5,536346,31536000,401.15,,,,,,,q1_graph2,2026-01-01 00:00:00,2026-01-01,1,1,1,0,financial,1,person,4,financial_category
527597,5,520660,31536000,1609.38,,,,,,,q1_graph2,2026-01-01 00:00:00,2026-01-01,1,1,1,0,financial,1,person,4,financial_category
552988,5,527597,31536000,18210.2,,,,,,,q1_graph2,2026-01-01 00:00:00,2026-01-01,1,1,1,0,financial,4,financial_category,1,person
527597,5,567195,31536000,2346.63,,,,,,,q1_graph2,2026-01-01 00:00:00,2026-01-01,1,1,1,0,financial,1,person,4,financial_category
527597,5,527449,31536000,202.12,,,,,,,q1_graph2,2026-01-01 00:00:00,2026-01-01,1,1,1,0,financial,1,person,4,financial_category
527597,5,459381,31536000,680.91,,,,,,,q1_graph2,2026-01-01 00:00:00,2026-01-01,1,1,1,0,financial,1,person,4,financial_category
527597,5,595298,31536000,548.87,,,,,,,q1_graph2,2026-01-01 00:00:00,2026-01-01,1,1,1,0,financial,1,person,4,financial_category
527597,5,466907,31536000,755.8,,,,,,,q1_graph2,2026-01-01 00:00:00,2026-01-01,1,1,1,0,financial,1,person,4,financial_category
527597,5,577992,31536000,273.8,,,,,,,q1_graph2,2026-01-01 00:00:00,2026-01-01,1,1,1,0,financial,1,person,4,financial_category
527597,5,537281,31536000,385.1,,,,,,,q1_graph2,2026-01-01 00:00:00,2026-01-01,1,1,1,0,financial,1,person,4,financial_category
527597,5,523927,31536000,406.02,,,,,,,q1_graph2,2026-01-01 00:00:00,2026-01-01,1,1,1,0,financial,1,person,4,financial_category
527597,5,580426,31536000,167.01,,,,,,,q1_graph2,2026-01-01 00:00:00,2026-01-01,1,1,1,0,financial,1,person,4,financial_category
527597,5,595581,31536000,352.52,,,,,,,q1_graph2,2026-01-01 00:00:00,2026-01-01,1,1,1,0,financial,1,person,4,financial_category
527597,5,642329,31536000,412.29,,,,,,,q1_graph2,2026-01-01 00:00:00,2026-01-01,1,1,1,0,financial,1,person,4,financial_category
527597,5,503701,31536000,761.27,,,,,,,q1_graph2,2026-01-01 00:00:00,2026-01-01,1,1,1,0,financial,1,person,4,financial_category
527597,5,644226,31536000,981.94,,,,,,,q1_graph2,2026-01-01 00:00:00,2026-01-01,1,1,1,0,financial,1,person,4,financial_category
527597,5,632961,31536000,207.22,,,,,,,q1_graph2,2026-01-01 00:00:00,2026-01-01,1,1,1,0,financial,1,person,4,financial_category
527597,5,473173,31536000,820.07,,,,,,,q1_graph2,2026-01-01 00:00:00,2026-01-01,1,1,1,0,financial,1,person,4,financial_category
527597,5,620120,31536000,1277.46,,,,,,,q1_graph2,2026-01-01 00:00:00,2026-01-01,1,1,1,0,financial,1,person,4,financial_category
527597,5,621924,31536000,273.83,,,,,,,q1_graph2,2026-01-01 00:00:00,2026-01-01,1,1,1,0,financial,1,person,4,financial_category
614761,4,514306,-209742644,0.1,,,,,,,q1_graph3,2018-05-10 10:09:16,2018-05-10,130,19,5,10,author_of,1,person,3,document
614761,1,542965,1672686,1.0,1.0,2.0,-27.7842,-8.74823,-21.896,89.4,q1_graph3,2025-01-20 08:38:06,2025-01-20,20,4,1,8,phone,1,person,1,person
538892,1,572391,1749455,1.0,2.0,2.0,-23.5953,91.3571,-21.1411,91.1427,q1_graph3,2025-01-21 05:57:35,2025-01-21,21,4,1,5,phone,1,person,1,person
538892,0,614761,2020424,1.0,,,,,,,q1_graph3,2025-01-24 09:13:44,2025-01-24,24,4,1,9,email,1,person,1,person
614761,1,500813,2220686,1.0,1.0,1.0,-27.7842,-8.74823,-29.1714,-10.493,q1_graph3,2025-01-26 16:51:26,2025-01-26,26,4,1,16,phone,1,person,1,person
500813,0,542965,2274331,1.0,,,,,,,q1_graph3,2025-01-27 07:45:31,2025-01-27,27,5,1,7,email,1,person,1,person
500813,0,614761,2380177,1.0,,,,,,,q1_graph3,2025-01-28 13:09:37,2025-01-28,28,5,1,13,email,1,person,1,person
614761,0,542965,2430149,1.0,,,,,,,q1_graph3,2025-01-29 03:02:29,2025-01-29,29,5,1,3,email,1,person,1,person
500813,1,542965,2476844,1.0,1.0,2.0,-29.1714,-10.493,-21.896,89.4,q1_graph3,2025-01-29 16:00:44,2025-01-29,29,5,1,16,phone,1,person,1,person
500813,0,538892,2975300,1.0,,,,,,,q1_graph3,2025-02-04 10:28:20,2025-02-04,35,6,2,10,email,1,person,1,person
500813,1,614761,3117621,1.0,1.0,1.0,-29.1714,-10.493,-27.7842,-8.74823,q1_graph3,2025-02-06 02:00:21,2025-02-06,37,6,2,2,phone,1,person,1,person
614761,1,500813,3346166,1.0,1.0,1.0,-27.7842,-8.74823,-29.1714,-10.493,q1_graph3,2025-02-08 17:29:26,2025-02-08,39,6,2,17,phone,1,person,1,person
614761,0,542965,3657899,1.0,,,,,,,q1_graph3,2025-02-12 08:04:59,2025-02-12,43,7,2,8,email,1,person,1,person
538892,1,500813,3695899,1.0,2.0,1.0,-23.5953,91.3571,-29.1714,-10.493,q1_graph3,2025-02-12 18:38:19,2025-02-12,43,7,2,18,phone,1,person,1,person
614761,1,572391,3942418,1.0,1.0,2.0,-27.7842,-8.74823,-21.1411,91.1427,q1_graph3,2025-02-15 15:06:58,2025-02-15,46,7,2,15,phone,1,person,1,person
500813,0,572391,4119524,1.0,,,,,,,q1_graph3,2025-02-17 16:18:44,2025-02-17,48,8,2,16,email,1,person,1,person
500813,1,572391,4270415,1.0,1.0,2.0,-29.1714,-10.493,-21.1411,91.1427,q1_graph3,2025-02-19 10:13:35,2025-02-19,50,8,2,10,phone,1,person,1,person
493094,0,572391,4299598,1.0,,,,,,,q1_graph3,2025-02-19 18:19:58,2025-02-19,50,8,2,18,email,1,person,1,person
536003,0,572391,4571584,1.0,,,,,,,q1_graph3,2025-02-22 21:53:04,2025-02-22,53,8,2,21,email,1,person,1,person
536003,0,493094,4606382,1.0,,,,,,,q1_graph3,2025-02-23 07:33:02,2025-02-23,54,8,2,7,email,1,person,1,person
521318,0,572391,4751398,1.0,,,,,,,q1_graph3,2025-02-24 23:49:58,2025-02-24,55,9,2,23,email,1,person,1,person
536003,0,493094,4751604,1.0,,,,,,,q1_graph3,2025-02-24 23:53:24,2025-02-24,55,9,2,23,email,1,person,1,person
493094,0,536003,4786310,1.0,,,,,,,q1_graph3,2025-02-25 09:31:50,2025-02-25,56,9,2,9,email,1,person,1,person
493094,0,521318,4803460,1.0,,,,,,,q1_graph3,2025-02-25 14:17:40,2025-02-25,56,9,2,14,email,1,person,1,person
521318,0,493094,4879592,1.0,,,,,,,q1_graph3,2025-02-26 11:26:32,2025-02-26,57,9,2,11,email,1,person,1,person
542649,0,493094,4889936,1.0,,,,,,,q1_graph3,2025-02-26 14:18:56,2025-02-26,57,9,2,14,email,1,person,1,person
493094,0,572391,5001127,1.0,,,,,,,q1_graph3,2025-02-27 21:12:07,2025-02-27,58,9,2,21,email,1,person,1,person
536003,0,572391,5047092,1.0,,,,,,,q1_graph3,2025-02-28 09:58:12,2025-02-28,59,9,2,9,email,1,person,1,person
614761,0,572391,5120855,1.0,,,,,,,q1_graph3,2025-03-01 06:27:35,2025-03-01,60,9,3,6,email,1,person,1,person
521318,0,572391,5380865,1.0,,,,,,,q1_graph3,2025-03-04 06:41:05,2025-03-04,63,10,3,6,email,1,person,1,person
572391,0,493094,5415006,1.0,,,,,,,q1_graph3,2025-03-04 16:10:06,2025-03-04,63,10,3,16,email,1,person,1,person
542649,0,493094,5549295,1.0,,,,,,,q1_graph3,2025-03-06 05:28:15,2025-03-06,65,10,3,5,email,1,person,1,person
614761,0,538892,5552690,1.0,,,,,,,q1_graph3,2025-03-06 06:24:50,2025-03-06,65,10,3,6,email,1,person,1,person
614761,1,538892,5568861,1.0,1.0,2.0,-27.7842,-8.74823,-23.5953,91.3571,q1_graph3,2025-03-06 10:54:21,2025-03-06,65,10,3,10,phone,1,person,1,person
493094,0,536003,5570859,1.0,,,,,,,q1_graph3,2025-03-06 11:27:39,2025-03-06,65,10,3,11,email,1,person,1,person
572391,0,493094,5600496,1.0,,,,,,,q1_graph3,2025-03-06 19:41:36,2025-03-06,65,10,3,19,email,1,person,1,person
536003,0,493094,5657250,1.0,,,,,,,q1_graph3,2025-03-07 11:27:30,2025-03-07,66,10,3,11,email,1,person,1,person
542649,0,493094,5695888,1.0,,,,,,,q1_graph3,2025-03-07 22:11:28,2025-03-07,66,10,3,22,email,1,person,1,person
493094,0,572391,5768758,1.0,,,,,,,q1_graph3,2025-03-08 18:25:58,2025-03-08,67,10,3,18,email,1,person,1,person
500813,0,542965,5776123,1.0,,,,,,,q1_graph3,2025-03-08 20:28:43,2025-03-08,67,10,3,20,email,1,person,1,person
500813,0,614761,5822309,1.0,,,,,,,q1_graph3,2025-03-09 09:18:29,2025-03-09,68,10,3,9,email,1,person,1,person
493094,0,536003,5927475,1.0,,,,,,,q1_graph3,2025-03-10 14:31:15,2025-03-10,69,11,3,14,email,1,person,1,person
521318,0,493094,5939231,1.0,,,,,,,q1_graph3,2025-03-10 17:47:11,2025-03-10,69,11,3,17,email,1,person,1,person
572391,0,493094,5946490,1.0,,,,,,,q1_graph3,2025-03-10 19:48:10,2025-03-10,69,11,3,19,email,1,person,1,person
521318,0,572391,5953630,1.0,,,,,,,q1_graph3,2025-03-10 21:47:10,2025-03-10,69,11,3,21,email,1,person,1,person
536003,0,572391,5997711,1.0,,,,,,,q1_graph3,2025-03-11 10:01:51,2025-03-11,70,11,3,10,email,1,person,1,person
536003,0,493094,6045248,1.0,,,,,,,q1_graph3,2025-03-11 23:14:08,2025-03-11,70,11,3,23,email,1,person,1,person
521318,0,572391,6088471,1.0,,,,,,,q1_graph3,2025-03-12 11:14:31,2025-03-12,71,11,3,11,email,1,person,1,person
493094,0,536003,6099754,1.0,,,,,,,q1_graph3,2025-03-12 14:22:34,2025-03-12,71,11,3,14,email,1,person,1,person
572391,0,493094,6264092,1.0,,,,,,,q1_graph3,2025-03-14 12:01:32,2025-03-14,73,11,3,12,email,1,person,1,person
538892,0,500813,6547149,1.0,,,,,,,q1_graph3,2025-03-17 18:39:09,2025-03-17,76,12,3,18,email,1,person,1,person
493094,0,536003,6551747,1.0,,,,,,,q1_graph3,2025-03-17 19:55:47,2025-03-17,76,12,3,19,email,1,person,1,person
536003,0,572391,6661462,1.0,,,,,,,q1_graph3,2025-03-19 02:24:22,2025-03-19,78,12,3,2,email,1,person,1,person
521318,0,493094,6707208,1.0,,,,,,,q1_graph3,2025-03-19 15:06:48,2025-03-19,78,12,3,15,email,1,person,1,person
493094,0,572391,6741098,1.0,,,,,,,q1_graph3,2025-03-20 00:31:38,2025-03-20,79,12,3,0,email,1,person,1,person
493094,0,536003,6868180,1.0,,,,,,,q1_graph3,2025-03-21 11:49:40,2025-03-21,80,12,3,11,email,1,person,1,person
572391,0,493094,6969107,1.0,,,,,,,q1_graph3,2025-03-22 15:51:47,2025-03-22,81,12,3,15,email,1,person,1,person
521318,0,572391,7234277,1.0,,,,,,,q1_graph3,2025-03-25 17:31:17,2025-03-25,84,13,3,17,email,1,person,1,person
538892,1,572391,7238975,1.0,2.0,2.0,-23.5953,91.3571,-21.1411,91.1427,q1_graph3,2025-03-25 18:49:35,2025-03-25,84,13,3,18,phone,1,person,1,person
493094,0,572391,7257372,1.0,,,,,,,q1_graph3,2025-03-25 23:56:12,2025-03-25,84,13,3,23,email,1,person,1,person
493094,0,536003,7361660,1.0,,,,,,,q1_graph3,2025-03-27 04:54:20,2025-03-27,86,13,3,4,email,1,person,1,person
614761,1,500813,7532107,1.0,1.0,1.0,-27.7842,-8.74823,-29.1714,-10.493,q1_graph3,2025-03-29 04:15:07,2025-03-29,88,13,3,4,phone,1,person,1,person
614761,0,542965,7616725,1.0,,,,,,,q1_graph3,2025-03-30 03:45:25,2025-03-30,89,13,3,3,email,1,person,1,person
493094,0,572391,7632859,1.0,,,,,,,q1_graph3,2025-03-30 08:14:19,2025-03-30,89,13,3,8,email,1,person,1,person
493094,0,572391,7691776,1.0,,,,,,,q1_graph3,2025-03-31 00:36:16,2025-03-31,90,14,3,0,email,1,person,1,person
521318,0,493094,7902315,1.0,,,,,,,q1_graph3,2025-04-02 11:05:15,2025-04-02,92,14,4,11,email,1,person,1,person
572391,0,493094,8028888,1.0,,,,,,,q1_graph3,2025-04-03 22:14:48,2025-04-03,93,14,4,22,email,1,person,1,person
538892,1,572391,8055403,1.0,2.0,2.0,-23.5953,91.3571,-21.1411,91.1427,q1_graph3,2025-04-04 05:36:43,2025-04-04,94,14,4,5,phone,1,person,1,person
521318,0,572391,8119549,1.0,,,,,,,q1_graph3,2025-04-04 23:25:49,2025-04-04,94,14,4,23,email,1,person,1,person
538892,1,500813,8277723,1.0,2.0,1.0,-23.5953,91.3571,-29.1714,-10.493,q1_graph3,2025-04-06 19:22:03,2025-04-06,96,14,4,19,phone,1,person,1,person
572391,0,493094,8396953,1.0,,,,,,,q1_graph3,2025-04-08 04:29:13,2025-04-08,98,15,4,4,email,1,person,1,person
538892,1,542965,8521304,1.0,2.0,2.0,-23.5953,91.3571,-21.896,89.4,q1_graph3,2025-04-09 15:01:44,2025-04-09,99,15,4,15,phone,1,person,1,person
521318,0,572391,8698081,1.0,,,,,,,q1_graph3,2025-04-11 16:08:01,2025-04-11,101,15,4,16,email,1,person,1,person
541619,1,607386,8912739,1.0,4.0,0.0,5.91178,-161.276,33.5741,-40.3904,q1_graph3,2025-04-14 03:45:39,2025-04-14,104,16,4,3,phone,1,person,1,person
572391,0,493094,8951610,1.0,,,,,,,q1_graph3,2025-04-14 14:33:30,2025-04-14,104,16,4,14,email,1,person,1,person
614761,1,572391,9032836,1.0,1.0,2.0,-27.7842,-8.74823,-21.1411,91.1427,q1_graph3,2025-04-15 13:07:16,2025-04-15,105,16,4,13,phone,1,person,1,person
544074,0,516236,9043949,1.0,,,,,,,q1_graph3,2025-04-15 16:12:29,2025-04-15,105,16,4,16,email,1,person,1,person
544074,0,516236,9056801,1.0,,,,,,,q1_graph3,2025-04-15 19:46:41,2025-04-15,105,16,4,19,email,1,person,1,person
493652,1,607386,9064253,1.0,5.0,0.0,24.9831,155.446,33.5741,-40.3904,q1_graph3,2025-04-15 21:50:53,2025-04-15,105,16,4,21,phone,1,person,1,person
493652,1,538892,9115787,1.0,5.0,2.0,24.9831,155.446,-23.5953,91.3571,q1_graph3,2025-04-16 12:09:47,2025-04-16,106,16,4,12,phone,1,person,1,person
544074,0,607386,9132905,1.0,,,,,,,q1_graph3,2025-04-16 16:55:05,2025-04-16,106,16,4,16,email,1,person,1,person
538892,1,542965,9173851,1.0,2.0,2.0,-23.5953,91.3571,-21.896,89.4,q1_graph3,2025-04-17 04:17:31,2025-04-17,107,16,4,4,phone,1,person,1,person
544074,0,493652,9188843,1.0,,,,,,,q1_graph3,2025-04-17 08:27:23,2025-04-17,107,16,4,8,email,1,person,1,person
541619,1,607386,9268385,1.0,4.0,0.0,5.91178,-161.276,33.5741,-40.3904,q1_graph3,2025-04-18 06:33:05,2025-04-18,108,16,4,6,phone,1,person,1,person
538892,1,607386,9366388,1.0,2.0,0.0,-23.5953,91.3571,33.5741,-40.3904,q1_graph3,2025-04-19 09:46:28,2025-04-19,109,16,4,9,phone,1,person,1,person
541619,0,538892,9412792,1.0,,,,,,,q1_graph3,2025-04-19 22:39:52,2025-04-19,109,16,4,22,email,1,person,1,person
572391,0,542649,9421205,1.0,,,,,,,q1_graph3,2025-04-20 01:00:05,2025-04-20,110,16,4,1,email,1,person,1,person
542649,0,572391,9466049,1.0,,,,,,,q1_graph3,2025-04-20 13:27:29,2025-04-20,110,16,4,13,email,1,person,1,person
500813,1,542965,9621064,1.0,1.0,2.0,-29.1714,-10.493,-21.896,89.4,q1_graph3,2025-04-22 08:31:04,2025-04-22,112,17,4,8,phone,1,person,1,person
544074,0,493652,9633884,1.0,,,,,,,q1_graph3,2025-04-22 12:04:44,2025-04-22,112,17,4,12,email,1,person,1,person
541619,1,607386,9637884,1.0,4.0,0.0,5.91178,-161.276,33.5741,-40.3904,q1_graph3,2025-04-22 13:11:24,2025-04-22,112,17,4,13,phone,1,person,1,person
538892,1,544074,9640210,1.0,2.0,4.0,-23.5953,91.3571,2.35166,-161.322,q1_graph3,2025-04-22 13:50:10,2025-04-22,112,17,4,13,phone,1,person,1,person
500813,1,542965,9662291,1.0,1.0,2.0,-29.1714,-10.493,-21.896,89.4,q1_graph3,2025-04-22 19:58:11,2025-04-22,112,17,4,19,phone,1,person,1,person
500813,0,614761,9670356,1.0,,,,,,,q1_graph3,2025-04-22 22:12:36,2025-04-22,112,17,4,22,email,1,person,1,person
493652,1,516236,9732498,1.0,5.0,0.0,24.9831,155.446,32.1192,-47.3531,q1_graph3,2025-04-23 15:28:18,2025-04-23,113,17,4,15,phone,1,person,1,person
544074,0,541619,9798433,1.0,,,,,,,q1_graph3,2025-04-24 09:47:13,2025-04-24,114,17,4,9,email,1,person,1,person
541619,1,544074,9857200,1.0,4.0,4.0,5.91178,-161.276,2.35166,-161.322,q1_graph3,2025-04-25 02:06:40,2025-04-25,115,17,4,2,phone,1,person,1,person
572391,0,542649,9906612,1.0,,,,,,,q1_graph3,2025-04-25 15:50:12,2025-04-25,115,17,4,15,email,1,person,1,person
614761,1,542965,10045065,1.0,1.0,2.0,-27.7842,-8.74823,-21.896,89.4,q1_graph3,2025-04-27 06:17:45,2025-04-27,117,17,4,6,phone,1,person,1,person
538892,1,493652,10142894,1.0,2.0,5.0,-23.5953,91.3571,24.9831,155.446,q1_graph3,2025-04-28 09:28:14,2025-04-28,118,18,4,9,phone,1,person,1,person
541619,0,493652,10234286,1.0,,,,,,,q1_graph3,2025-04-29 10:51:26,2025-04-29,119,18,4,10,email,1,person,1,person
516236,1,538892,10245839,1.0,0.0,2.0,32.1192,-47.3531,-23.5953,91.3571,q1_graph3,2025-04-29 14:03:59,2025-04-29,119,18,4,14,phone,1,person,1,person
493652,1,544074,10284633,1.0,5.0,4.0,24.9831,155.446,2.35166,-161.322,q1_graph3,2025-04-30 00:50:33,2025-04-30,120,18,4,0,phone,1,person,1,person
607386,0,516236,10300433,1.0,,,,,,,q1_graph3,2025-04-30 05:13:53,2025-04-30,120,18,4,5,email,1,person,1,person
493652,1,541619,10335267,1.0,5.0,4.0,24.9831,155.446,5.91178,-161.276,q1_graph3,2025-04-30 14:54:27,2025-04-30,120,18,4,14,phone,1,person,1,person
544074,0,541619,10375445,1.0,,,,,,,q1_graph3,2025-05-01 02:04:05,2025-05-01,121,18,5,2,email,1,person,1,person
607386,0,538892,10473136,1.0,,,,,,,q1_graph3,2025-05-02 05:12:16,2025-05-02,122,18,5,5,email,1,person,1,person
541619,0,516236,10533925,1.0,,,,,,,q1_graph3,2025-05-02 22:05:25,2025-05-02,122,18,5,22,email,1,person,1,person
493652,0,538892,10571496,1.0,,,,,,,q1_graph3,2025-05-03 08:31:36,2025-05-03,123,18,5,8,email,1,person,1,person
542649,2,476813,10573552,398.0,,,,,,,q1_graph3,2025-05-03 09:05:52,2025-05-03,123,18,5,9,sell,1,person,2,product_category
572391,3,476813,10573552,398.0,,,,,,,q1_graph3,2025-05-03 09:05:52,2025-05-03,123,18,5,9,buy,1,person,2,product_category
542649,0,572391,10573818,1.0,,,,,,,q1_graph3,2025-05-03 09:10:18,2025-05-03,123,18,5,9,email,1,person,1,person
493652,1,516236,10607688,1.0,5.0,0.0,24.9831,155.446,32.1192,-47.3531,q1_graph3,2025-05-03 18:34:48,2025-05-03,123,18,5,18,phone,1,person,1,person
614761,1,572391,10706025,1.0,1.0,2.0,-27.7842,-8.74823,-21.1411,91.1427,q1_graph3,2025-05-04 21:53:45,2025-05-04,124,18,5,21,phone,1,person,1,person
544074,0,516236,10753668,1.0,,,,,,,q1_graph3,2025-05-05 11:07:48,2025-05-05,125,19,5,11,email,1,person,1,person
607386,0,493652,10820701,1.0,,,,,,,q1_graph3,2025-05-06 05:45:01,2025-05-06,126,19,5,5,email,1,person,1,person
541619,0,607386,10866945,1.0,,,,,,,q1_graph3,2025-05-06 18:35:45,2025-05-06,126,19,5,18,email,1,person,1,person
544074,0,541619,10914107,1.0,,,,,,,q1_graph3,2025-05-07 07:41:47,2025-05-07,127,19,5,7,email,1,person,1,person
614761,1,572391,10985332,1.0,1.0,2.0,-27.7842,-8.74823,-21.1411,91.1427,q1_graph3,2025-05-08 03:28:52,2025-05-08,128,19,5,3,phone,1,person,1,person
544074,0,541619,11057489,1.0,,,,,,,q1_graph3,2025-05-08 23:31:29,2025-05-08,128,19,5,23,email,1,person,1,person
516236,1,538892,11075131,1.0,0.0,2.0,32.1192,-47.3531,-23.5953,91.3571,q1_graph3,2025-05-09 04:25:31,2025-05-09,129,19,5,4,phone,1,person,1,person
607386,0,541619,11104277,1.0,,,,,,,q1_graph3,2025-05-09 12:31:17,2025-05-09,129,19,5,12,email,1,person,1,person
607386,0,538892,11212797,1.0,,,,,,,q1_graph3,2025-05-10 18:39:57,2025-05-10,130,19,5,18,email,1,person,1,person
493652,0,538892,11235305,1.0,,,,,,,q1_graph3,2025-05-11 00:55:05,2025-05-11,131,19,5,0,email,1,person,1,person
542649,2,476813,11457714,123.0,,,,,,,q1_graph3,2025-05-13 14:41:54,2025-05-13,133,20,5,14,sell,1,person,2,product_category
572391,3,476813,11457714,123.0,,,,,,,q1_graph3,2025-05-13 14:41:54,2025-05-13,133,20,5,14,buy,1,person,2,product_category
572391,0,542649,11961227,1.0,,,,,,,q1_graph3,2025-05-19 10:33:47,2025-05-19,139,21,5,10,email,1,person,1,person
542649,2,476813,12032171,171.0,,,,,,,q1_graph3,2025-05-20 06:16:11,2025-05-20,140,21,5,6,sell,1,person,2,product_category
572391,3,476813,12032171,171.0,,,,,,,q1_graph3,2025-05-20 06:16:11,2025-05-20,140,21,5,6,buy,1,person,2,product_category
542649,2,476813,12110938,364.0,,,,,,,q1_graph3,2025-05-21 04:08:58,2025-05-21,141,21,5,4,sell,1,person,2,product_category
572391,3,476813,12110938,364.0,,,,,,,q1_graph3,2025-05-21 04:08:58,2025-05-21,141,21,5,4,buy,1,person,2,product_category
542649,0,572391,12641770,1.0,,,,,,,q1_graph3,2025-05-27 07:36:10,2025-05-27,147,22,5,7,email,1,person,1,person
542649,2,476813,13053223,110.0,,,,,,,q1_graph3,2025-06-01 01:53:43,2025-06-01,152,22,6,1,sell,1,person,2,product_category
572391,3,476813,13053223,110.0,,,,,,,q1_graph3,2025-06-01 01:53:43,2025-06-01,152,22,6,1,buy,1,person,2,product_category
542649,0,572391,13490410,1.0,,,,,,,q1_graph3,2025-06-06 03:20:10,2025-06-06,157,23,6,3,email,1,person,1,person
542649,0,572391,13687156,1.0,,,,,,,q1_graph3,2025-06-08 09:59:16,2025-06-08,159,23,6,9,email,1,person,1,person
629627,6,657173,13716556,5.0,3.0,1.0,-25.0,-111.0,-29.0,-13.0,q1_graph3,2025-06-08 18:09:16,2025-06-08,159,23,6,18,travels_to,1,person,5,country
585212,6,657173,14321356,2.0,3.0,1.0,-25.0,-111.0,-29.0,-13.0,q1_graph3,2025-06-15 18:09:16,2025-06-15,166,24,6,18,travels_to,1,person,5,country
629627,6,625756,14926156,3.0,4.0,3.0,1.0,-165.0,-25.0,-111.0,q1_graph3,2025-06-22 18:09:16,2025-06-22,173,25,6,18,travels_to,1,person,5,country
542649,2,476813,15115449,150.0,,,,,,,q1_graph3,2025-06-24 22:44:09,2025-06-24,175,26,6,22,sell,1,person,2,product_category
572391,3,476813,15115449,150.0,,,,,,,q1_graph3,2025-06-24 22:44:09,2025-06-24,175,26,6,22,buy,1,person,2,product_category
534034,6,657173,15185356,2.0,3.0,1.0,-25.0,-111.0,-29.0,-13.0,q1_graph3,2025-06-25 18:09:16,2025-06-25,176,26,6,18,travels_to,1,person,5,country
599441,6,625756,15703756,1.0,4.0,3.0,1.0,-165.0,-25.0,-111.0,q1_graph3,2025-07-01 18:09:16,2025-07-01,182,27,7,18,travels_to,1,person,5,country
534034,6,625756,15876556,5.0,4.0,3.0,1.0,-165.0,-25.0,-111.0,q1_graph3,2025-07-03 18:09:16,2025-07-03,184,27,7,18,travels_to,1,person,5,country
538892,0,541619,16628392,1.0,,,,,,,q1_graph3,2025-07-12 10:59:52,2025-07-12,193,28,7,10,email,1,person,1,person
599441,6,509607,16826956,6.0,2.0,4.0,-22.0,91.0,1.0,-165.0,q1_graph3,2025-07-14 18:09:16,2025-07-14,195,29,7,18,travels_to,1,person,5,country
538892,0,541619,16897710,1.0,,,,,,,q1_graph3,2025-07-15 13:48:30,2025-07-15,196,29,7,13,email,1,person,1,person
534034,6,509607,16999756,5.0,2.0,4.0,-22.0,91.0,1.0,-165.0,q1_graph3,2025-07-16 18:09:16,2025-07-16,197,29,7,18,travels_to,1,person,5,country
544074,1,538892,17121072,1.0,4.0,2.0,2.35166,-161.322,-23.5953,91.3571,q1_graph3,2025-07-18 03:51:12,2025-07-18,199,29,7,3,phone,1,person,1,person
544074,1,541619,17149567,1.0,4.0,4.0,2.35166,-161.322,5.91178,-161.276,q1_graph3,2025-07-18 11:46:07,2025-07-18,199,29,7,11,phone,1,person,1,person
544074,1,541619,17429185,1.0,4.0,4.0,2.35166,-161.322,5.91178,-161.276,q1_graph3,2025-07-21 17:26:25,2025-07-21,202,30,7,17,phone,1,person,1,person
538892,0,541619,17499134,1.0,,,,,,,q1_graph3,2025-07-22 12:52:14,2025-07-22,203,30,7,12,email,1,person,1,person
599441,6,499467,17518156,3.0,1.0,2.0,-29.0,-13.0,-22.0,91.0,q1_graph3,2025-07-22 18:09:16,2025-07-22,203,30,7,18,travels_to,1,person,5,country
585212,6,509607,17518156,5.0,2.0,4.0,-22.0,91.0,1.0,-165.0,q1_graph3,2025-07-22 18:09:16,2025-07-22,203,30,7,18,travels_to,1,person,5,country
544074,1,538892,17601232,1.0,4.0,2.0,2.35166,-161.322,-23.5953,91.3571,q1_graph3,2025-07-23 17:13:52,2025-07-23,204,30,7,17,phone,1,person,1,person
629627,6,509607,17690956,3.0,2.0,4.0,-22.0,91.0,1.0,-165.0,q1_graph3,2025-07-24 18:09:16,2025-07-24,205,30,7,18,travels_to,1,person,5,country
538892,0,544074,17697435,1.0,,,,,,,q1_graph3,2025-07-24 19:57:15,2025-07-24,205,30,7,19,email,1,person,1,person
585212,6,499467,17777356,1.0,1.0,2.0,-29.0,-13.0,-22.0,91.0,q1_graph3,2025-07-25 18:09:16,2025-07-25,206,30,7,18,travels_to,1,person,5,country
544074,1,541619,17785145,1.0,4.0,4.0,2.35166,-161.322,5.91178,-161.276,q1_graph3,2025-07-25 20:19:05,2025-07-25,206,30,7,20,phone,1,person,1,person
534034,6,499467,17863756,2.0,1.0,2.0,-29.0,-13.0,-22.0,91.0,q1_graph3,2025-07-26 18:09:16,2025-07-26,207,30,7,18,travels_to,1,person,5,country
544074,0,538892,17934517,1.0,,,,,,,q1_graph3,2025-07-27 13:48:37,2025-07-27,208,30,7,13,email,1,person,1,person
541619,0,538892,17989009,1.0,,,,,,,q1_graph3,2025-07-28 04:56:49,2025-07-28,209,31,7,4,email,1,person,1,person
538892,0,544074,18132297,1.0,,,,,,,q1_graph3,2025-07-29 20:44:57,2025-07-29,210,31,7,20,email,1,person,1,person
544074,1,541619,18186660,1.0,4.0,4.0,2.35166,-161.322,5.91178,-161.276,q1_graph3,2025-07-30 11:51:00,2025-07-30,211,31,7,11,phone,1,person,1,person
544074,0,541619,18196252,1.0,,,,,,,q1_graph3,2025-07-30 14:30:52,2025-07-30,211,31,7,14,email,1,person,1,person
538892,0,544074,18337188,1.0,,,,,,,q1_graph3,2025-08-01 05:39:48,2025-08-01,213,31,8,5,email,1,person,1,person
544074,0,538892,18636988,1.0,,,,,,,q1_graph3,2025-08-04 16:56:28,2025-08-04,216,32,8,16,email,1,person,1,person
544074,1,538892,18711916,1.0,4.0,2.0,2.35166,-161.322,-23.5953,91.3571,q1_graph3,2025-08-05 13:45:16,2025-08-05,217,32,8,13,phone,1,person,1,person
544074,1,541619,18869662,1.0,4.0,4.0,2.35166,-161.322,5.91178,-161.276,q1_graph3,2025-08-07 09:34:22,2025-08-07,219,32,8,9,phone,1,person,1,person
544074,0,541619,18898309,1.0,,,,,,,q1_graph3,2025-08-07 17:31:49,2025-08-07,219,32,8,17,email,1,person,1,person
538892,0,541619,18973146,1.0,,,,,,,q1_graph3,2025-08-08 14:19:06,2025-08-08,220,32,8,14,email,1,person,1,person
544074,0,541619,19022747,1.0,,,,,,,q1_graph3,2025-08-09 04:05:47,2025-08-09,221,32,8,4,email,1,person,1,person
544074,1,541619,19058010,1.0,4.0,4.0,2.35166,-161.322,5.91178,-161.276,q1_graph3,2025-08-09 13:53:30,2025-08-09,221,32,8,13,phone,1,person,1,person
542965,6,509607,19073356,1.0,2.0,4.0,-22.0,91.0,1.0,-165.0,q1_graph3,2025-08-09 18:09:16,2025-08-09,221,32,8,18,travels_to,1,person,5,country
544074,0,538892,19167417,1.0,,,,,,,q1_graph3,2025-08-10 20:16:57,2025-08-10,222,32,8,20,email,1,person,1,person
544074,1,538892,19177189,1.0,4.0,2.0,2.35166,-161.322,-23.5953,91.3571,q1_graph3,2025-08-10 22:59:49,2025-08-10,222,32,8,22,phone,1,person,1,person
544074,1,538892,19256891,1.0,4.0,2.0,2.35166,-161.322,-23.5953,91.3571,q1_graph3,2025-08-11 21:08:11,2025-08-11,223,33,8,21,phone,1,person,1,person
635665,6,625756,19332556,5.0,0.0,3.0,33.0,-41.0,-25.0,-111.0,q1_graph3,2025-08-12 18:09:16,2025-08-12,224,33,8,18,travels_to,1,person,5,country
538892,0,544074,19361607,1.0,,,,,,,q1_graph3,2025-08-13 02:13:27,2025-08-13,225,33,8,2,email,1,person,1,person
544074,0,541619,19623842,1.0,,,,,,,q1_graph3,2025-08-16 03:04:02,2025-08-16,228,33,8,3,email,1,person,1,person
544074,1,538892,19696142,1.0,4.0,2.0,2.35166,-161.322,-23.5953,91.3571,q1_graph3,2025-08-16 23:09:02,2025-08-16,228,33,8,23,phone,1,person,1,person
544074,1,541619,19855205,1.0,4.0,4.0,2.35166,-161.322,5.91178,-161.276,q1_graph3,2025-08-18 19:20:05,2025-08-18,230,34,8,19,phone,1,person,1,person
544074,0,541619,19884838,1.0,,,,,,,q1_graph3,2025-08-19 03:33:58,2025-08-19,231,34,8,3,email,1,person,1,person
538892,0,541619,20000695,1.0,,,,,,,q1_graph3,2025-08-20 11:44:55,2025-08-20,232,34,8,11,email,1,person,1,person
538892,6,509607,20023756,6.0,2.0,4.0,-22.0,91.0,1.0,-165.0,q1_graph3,2025-08-20 18:09:16,2025-08-20,232,34,8,18,travels_to,1,person,5,country
541619,0,544074,20033852,1.0,,,,,,,q1_graph3,2025-08-20 20:57:32,2025-08-20,232,34,8,20,email,1,person,1,person
544074,0,538892,20064067,1.0,,,,,,,q1_graph3,2025-08-21 05:21:07,2025-08-21,233,34,8,5,email,1,person,1,person
568093,6,625756,20110156,1.0,0.0,3.0,33.0,-41.0,-25.0,-111.0,q1_graph3,2025-08-21 18:09:16,2025-08-21,233,34,8,18,travels_to,1,person,5,country
544074,1,541619,20128854,1.0,4.0,4.0,2.35166,-161.322,5.91178,-161.276,q1_graph3,2025-08-21 23:20:54,2025-08-21,233,34,8,23,phone,1,person,1,person
541619,0,538892,20176137,1.0,,,,,,,q1_graph3,2025-08-22 12:28:57,2025-08-22,234,34,8,12,email,1,person,1,person
568093,6,499467,20974156,1.0,3.0,2.0,-25.0,-111.0,-22.0,91.0,q1_graph3,2025-08-31 18:09:16,2025-08-31,243,35,8,18,travels_to,1,person,5,country
464459,6,625756,21233356,2.0,0.0,3.0,33.0,-41.0,-25.0,-111.0,q1_graph3,2025-09-03 18:09:16,2025-09-03,246,36,9,18,travels_to,1,person,5,country
464459,6,499467,21838156,4.0,3.0,2.0,-25.0,-111.0,-22.0,91.0,q1_graph3,2025-09-10 18:09:16,2025-09-10,253,37,9,18,travels_to,1,person,5,country
635665,6,499467,22010956,4.0,3.0,2.0,-25.0,-111.0,-22.0,91.0,q1_graph3,2025-09-12 18:09:16,2025-09-12,255,37,9,18,travels_to,1,person,5,country
568093,6,561157,23652556,1.0,2.0,0.0,-22.0,91.0,33.0,-41.0,q1_graph3,2025-10-01 18:09:16,2025-10-01,274,40,10,18,travels_to,1,person,5,country
635665,6,561157,23738956,6.0,2.0,0.0,-22.0,91.0,33.0,-41.0,q1_graph3,2025-10-02 18:09:16,2025-10-02,275,40,10,18,travels_to,1,person,5,country
570284,6,509607,24948556,1.0,5.0,4.0,22.0,156.0,1.0,-165.0,q1_graph3,2025-10-16 18:09:16,2025-10-16,289,42,10,18,travels_to,1,person,5,country
643925,6,625756,25466956,3.0,4.0,3.0,1.0,-165.0,-25.0,-111.0,q1_graph3,2025-10-22 18:09:16,2025-10-22,295,43,10,18,travels_to,1,person,5,country
649553,6,625756,25553356,1.0,4.0,3.0,1.0,-165.0,-25.0,-111.0,q1_graph3,2025-10-23 18:09:16,2025-10-23,296,43,10,18,travels_to,1,person,5,country
570284,6,625756,26503756,4.0,4.0,3.0,1.0,-165.0,-25.0,-111.0,q1_graph3,2025-11-03 18:09:16,2025-11-03,307,45,11,18,travels_to,1,person,5,country
643925,6,509607,26762956,4.0,5.0,4.0,22.0,156.0,1.0,-165.0,q1_graph3,2025-11-06 18:09:16,2025-11-06,310,45,11,18,travels_to,1,person,5,country
649553,6,509607,26935756,2.0,5.0,4.0,22.0,156.0,1.0,-165.0,q1_graph3,2025-11-08 18:09:16,2025-11-08,312,45,11,18,travels_to,1,person,5,country
570284,6,616453,28231756,2.0,0.0,5.0,33.0,-41.0,22.0,156.0,q1_graph3,2025-11-23 18:09:16,2025-11-23,327,47,11,18,travels_to,1,person,5,country
649553,6,616453,28577356,6.0,0.0,5.0,33.0,-41.0,22.0,156.0,q1_graph3,2025-11-27 18:09:16,2025-11-27,331,48,11,18,travels_to,1,person,5,country
570284,6,561157,28663756,6.0,3.0,0.0,-25.0,-111.0,33.0,-41.0,q1_graph3,2025-11-28 18:09:16,2025-11-28,332,48,11,18,travels_to,1,person,5,country
643925,6,561157,28750156,5.0,3.0,0.0,-25.0,-111.0,33.0,-41.0,q1_graph3,2025-11-29 18:09:16,2025-11-29,333,48,11,18,travels_to,1,person,5,country
598006,6,657173,29873356,1.0,5.0,1.0,22.0,156.0,-29.0,-13.0,q1_graph3,2025-12-12 18:09:16,2025-12-12,346,50,12,18,travels_to,1,person,5,country
612711,6,561157,30132556,1.0,1.0,0.0,-29.0,-13.0,33.0,-41.0,q1_graph3,2025-12-15 18:09:16,2025-12-15,349,51,12,18,travels_to,1,person,5,country
598006,6,561157,30478156,3.0,1.0,0.0,-29.0,-13.0,33.0,-41.0,q1_graph3,2025-12-19 18:09:16,2025-12-19,353,51,12,18,travels_to,1,person,5,country
643411,6,561157,31514956,1.0,1.0,0.0,-29.0,-13.0,33.0,-41.0,q1_graph3,2025-12-31 18:09:16,2025-12-31,365,1,12,18,travels_to,1,person,5,country
610497,5,640784,31536000,271.92,,,,,,,q1_graph3,2026-01-01 00:00:00,2026-01-01,1,1,1,0,financial,1,person,4,financial_category
610497,5,630626,31536000,961.13,,,,,,,q1_graph3,2026-01-01 00:00:00,2026-01-01,1,1,1,0,financial,1,person,4,financial_category
552988,5,610497,31536000,3704.63,,,,,,,q1_graph3,2026-01-01 00:00:00,2026-01-01,1,1,1,0,financial,4,financial_category,1,person
610497,5,567195,31536000,2020.36,,,,,,,q1_graph3,2026-01-01 00:00:00,2026-01-01,1,1,1,0,financial,1,person,4,financial_category
610497,5,527449,31536000,164.35,,,,,,,q1_graph3,2026-01-01 00:00:00,2026-01-01,1,1,1,0,financial,1,person,4,financial_category
610497,5,459381,31536000,516.88,,,,,,,q1_graph3,2026-01-01 00:00:00,2026-01-01,1,1,1,0,financial,1,person,4,financial_category
610497,5,595298,31536000,707.62,,,,,,,q1_graph3,2026-01-01 00:00:00,2026-01-01,1,1,1,0,financial,1,person,4,financial_category
610497,5,466907,31536000,382.9,,,,,,,q1_graph3,2026-01-01 00:00:00,2026-01-01,1,1,1,0,financial,1,person,4,financial_category
610497,5,589943,31536000,299.92,,,,,,,q1_graph3,2026-01-01 00:00:00,2026-01-01,1,1,1,0,financial,1,person,4,financial_category
610497,5,537281,31536000,476.32,,,,,,,q1_graph3,2026-01-01 00:00:00,2026-01-01,1,1,1,0,financial,1,person,4,financial_category
610497,5,523927,31536000,191.06,,,,,,,q1_graph3,2026-01-01 00:00:00,2026-01-01,1,1,1,0,financial,1,person,4,financial_category
610497,5,580426,31536000,180.33,,,,,,,q1_graph3,2026-01-01 00:00:00,2026-01-01,1,1,1,0,financial,1,person,4,financial_category
610497,5,616315,31536000,365.16,,,,,,,q1_graph3,2026-01-01 00:00:00,2026-01-01,1,1,1,0,financial,1,person,4,financial_category
610497,5,503701,31536000,1626.32,,,,,,,q1_graph3,2026-01-01 00:00:00,2026-01-01,1,1,1,0,financial,1,person,4,financial_category
610497,5,632961,31536000,196.78,,,,,,,q1_graph3,2026-01-01 00:00:00,2026-01-01,1,1,1,0,financial,1,person,4,financial_category
610497,5,473173,31536000,91.95,,,,,,,q1_graph3,2026-01-01 00:00:00,2026-01-01,1,1,1,0,financial,1,person,4,financial_category
610497,5,620120,31536000,119.2,,,,,,,q1_graph3,2026-01-01 00:00:00,2026-01-01,1,1,1,0,financial,1,person,4,financial_category
610497,5,575030,31536000,3200.7,,,,,,,q1_graph3,2026-01-01 00:00:00,2026-01-01,1,1,1,0,financial,1,person,4,financial_category
578531,5,640784,31536000,127.15,,,,,,,q1_graph3,2026-01-01 00:00:00,2026-01-01,1,1,1,0,financial,1,person,4,financial_category
578531,5,503218,31536000,794.95,,,,,,,q1_graph3,2026-01-01 00:00:00,2026-01-01,1,1,1,0,financial,1,person,4,financial_category
578531,5,630626,31536000,5216.01,,,,,,,q1_graph3,2026-01-01 00:00:00,2026-01-01,1,1,1,0,financial,1,person,4,financial_category
510031,5,578531,31536000,535.49,,,,,,,q1_graph3,2026-01-01 00:00:00,2026-01-01,1,1,1,0,financial,4,financial_category,1,person
552988,5,578531,31536000,44432.6,,,,,,,q1_graph3,2026-01-01 00:00:00,2026-01-01,1,1,1,0,financial,4,financial_category,1,person
578531,5,567195,31536000,4032.44,,,,,,,q1_graph3,2026-01-01 00:00:00,2026-01-01,1,1,1,0,financial,1,person,4,financial_category
578531,5,527449,31536000,112.79,,,,,,,q1_graph3,2026-01-01 00:00:00,2026-01-01,1,1,1,0,financial,1,person,4,financial_category
578531,5,459381,31536000,564.37,,,,,,,q1_graph3,2026-01-01 00:00:00,2026-01-01,1,1,1,0,financial,1,person,4,financial_category
578531,5,595298,31536000,3687.96,,,,,,,q1_graph3,2026-01-01 00:00:00,2026-01-01,1,1,1,0,financial,1,person,4,financial_category
578531,5,466907,31536000,604.91,,,,,,,q1_graph3,2026-01-01 00:00:00,2026-01-01,1,1,1,0,financial,1,person,4,financial_category
578531,5,606730,31536000,1122.89,,,,,,,q1_graph3,2026-01-01 00:00:00,2026-01-01,1,1,1,0,financial,1,person,4,financial_category
578531,5,589943,31536000,1464.95,,,,,,,q1_graph3,2026-01-01 00:00:00,2026-01-01,1,1,1,0,financial,1,person,4,financial_category
578531,5,577992,31536000,4967.63,,,,,,,q1_graph3,2026-01-01 00:00:00,2026-01-01,1,1,1,0,financial,1,person,4,financial_category
578531,5,537281,31536000,951.82,,,,,,,q1_graph3,2026-01-01 00:00:00,2026-01-01,1,1,1,0,financial,1,person,4,financial_category
578531,5,523927,31536000,1875.25,,,,,,,q1_graph3,2026-01-01 00:00:00,2026-01-01,1,1,1,0,financial,1,person,4,financial_category
578531,5,580426,31536000,765.2,,,,,,,q1_graph3,2026-01-01 00:00:00,2026-01-01,1,1,1,0,financial,1,person,4,financial_category
578531,5,616315,31536000,94.12,,,,,,,q1_graph3,2026-01-01 00:00:00,2026-01-01,1,1,1,0,financial,1,person,4,financial_category
578531,5,642329,31536000,842.49,,,,,,,q1_graph3,2026-01-01 00:00:00,2026-01-01,1,1,1,0,financial,1,person,4,financial_category
578531,5,503701,31536000,2131.32,,,,,,,q1_graph3,2026-01-01 00:00:00,2026-01-01,1,1,1,0,financial,1,person,4,financial_category
578531,5,632961,31536000,779.39,,,,,,,q1_graph3,2026-01-01 00:00:00,2026-01-01,1,1,1,0,financial,1,person,4,financial_category
578531,5,473173,31536000,979.19,,,,,,,q1_graph3,2026-01-01 00:00:00,2026-01-01,1,1,1,0,financial,1,person,4,financial_category
578531,5,620120,31536000,6814.56,,,,,,,q1_graph3,2026-01-01 00:00:00,2026-01-01,1,1,1,0,financial,1,person,4,financial_category
578531,5,575030,31536000,3994.14,,,,,,,q1_graph3,2026-01-01 00:00:00,2026-01-01,1,1,1,0,financial,1,person,4,financial_category
578531,5,621924,31536000,1367.71,,,,,,,q1_graph3,2026-01-01 00:00:00,2026-01-01,1,1,1,0,financial,1,person,4,financial_category
657076,5,640784,31536000,983.51,,,,,,,q1_graph3,2026-01-01 00:00:00,2026-01-01,1,1,1,0,financial,1,person,4,financial_category
657076,5,630626,31536000,4887.83,,,,,,,q1_graph3,2026-01-01 00:00:00,2026-01-01,1,1,1,0,financial,1,person,4,financial_category
552988,5,657076,31536000,36157.5,,,,,,,q1_graph3,2026-01-01 00:00:00,2026-01-01,1,1,1,0,financial,4,financial_category,1,person
657076,5,527449,31536000,384.3,,,,,,,q1_graph3,2026-01-01 00:00:00,2026-01-01,1,1,1,0,financial,1,person,4,financial_category
657076,5,459381,31536000,595.71,,,,,,,q1_graph3,2026-01-01 00:00:00,2026-01-01,1,1,1,0,financial,1,person,4,financial_category
657076,5,595298,31536000,2596.98,,,,,,,q1_graph3,2026-01-01 00:00:00,2026-01-01,1,1,1,0,financial,1,person,4,financial_category
657076,5,466907,31536000,458.72,,,,,,,q1_graph3,2026-01-01 00:00:00,2026-01-01,1,1,1,0,financial,1,person,4,financial_category
657076,5,589943,31536000,1950.69,,,,,,,q1_graph3,2026-01-01 00:00:00,2026-01-01,1,1,1,0,financial,1,person,4,financial_category
657076,5,537281,31536000,530.82,,,,,,,q1_graph3,2026-01-01 00:00:00,2026-01-01,1,1,1,0,financial,1,person,4,financial_category
657076,5,523927,31536000,1922.91,,,,,,,q1_graph3,2026-01-01 00:00:00,2026-01-01,1,1,1,0,financial,1,person,4,financial_category
657076,5,580426,31536000,501.28,,,,,,,q1_graph3,2026-01-01 00:00:00,2026-01-01,1,1,1,0,financial,1,person,4,financial_category
657076,5,616315,31536000,1384.47,,,,,,,q1_graph3,2026-01-01 00:00:00,2026-01-01,1,1,1,0,financial,1,person,4,financial_category
657076,5,642329,31536000,719.92,,,,,,,q1_graph3,2026-01-01 00:00:00,2026-01-01,1,1,1,0,financial,1,person,4,financial_category
657076,5,503701,31536000,180.6,,,,,,,q1_graph3,2026-01-01 00:00:00,2026-01-01,1,1,1,0,financial,1,person,4,financial_category
657076,5,473173,31536000,242.37,,,,,,,q1_graph3,2026-01-01 00:00:00,2026-01-01,1,1,1,0,financial,1,person,4,financial_category
657076,5,620120,31536000,5823.53,,,,,,,q1_graph3,2026-01-01 00:00:00,2026-01-01,1,1,1,0,financial,1,person,4,financial_category
657076,5,575030,31536000,7256.03,,,,,,,q1_graph3,2026-01-01 00:00:00,2026-01-01,1,1,1,0,financial,1,person,4,financial_category
657076,5,621924,31536000,1257.76,,,,,,,q1_graph3,2026-01-01 00:00:00,2026-01-01,1,1,1,0,financial,1,person,4,financial_category
478754,5,630626,31536000,6376.02,,,,,,,q1_graph3,2026-01-01 00:00:00,2026-01-01,1,1,1,0,financial,1,person,4,financial_category
510031,5,478754,31536000,197.45,,,,,,,q1_graph3,2026-01-01 00:00:00,2026-01-01,1,1,1,0,financial,4,financial_category,1,person
552988,5,478754,31536000,29465.3,,,,,,,q1_graph3,2026-01-01 00:00:00,2026-01-01,1,1,1,0,financial,4,financial_category,1,person
478754,5,527449,31536000,334.0,,,,,,,q1_graph3,2026-01-01 00:00:00,2026-01-01,1,1,1,0,financial,1,person,4,financial_category
478754,5,459381,31536000,546.44,,,,,,,q1_graph3,2026-01-01 00:00:00,2026-01-01,1,1,1,0,financial,1,person,4,financial_category
478754,5,595298,31536000,1567.57,,,,,,,q1_graph3,2026-01-01 00:00:00,2026-01-01,1,1,1,0,financial,1,person,4,financial_category
478754,5,466907,31536000,1232.64,,,,,,,q1_graph3,2026-01-01 00:00:00,2026-01-01,1,1,1,0,financial,1,person,4,financial_category
478754,5,589943,31536000,1763.76,,,,,,,q1_graph3,2026-01-01 00:00:00,2026-01-01,1,1,1,0,financial,1,person,4,financial_category
478754,5,577992,31536000,179.32,,,,,,,q1_graph3,2026-01-01 00:00:00,2026-01-01,1,1,1,0,financial,1,person,4,financial_category
478754,5,523927,31536000,904.42,,,,,,,q1_graph3,2026-01-01 00:00:00,2026-01-01,1,1,1,0,financial,1,person,4,financial_category
478754,5,616315,31536000,671.78,,,,,,,q1_graph3,2026-01-01 00:00:00,2026-01-01,1,1,1,0,financial,1,person,4,financial_category
478754,5,642329,31536000,885.78,,,,,,,q1_graph3,2026-01-01 00:00:00,2026-01-01,1,1,1,0,financial,1,person,4,financial_category
478754,5,571970,31536000,132.51,,,,,,,q1_graph3,2026-01-01 00:00:00,2026-01-01,1,1,1,0,financial,1,person,4,financial_category
478754,5,632961,31536000,105.23,,,,,,,q1_graph3,2026-01-01 00:00:00,2026-01-01,1,1,1,0,financial,1,person,4,financial_category
478754,5,473173,31536000,2312.74,,,,,,,q1_graph3,2026-01-01 00:00:00,2026-01-01,1,1,1,0,financial,1,person,4,financial_category
478754,5,620120,31536000,2277.9,,,,,,,q1_graph3,2026-01-01 00:00:00,2026-01-01,1,1,1,0,financial,1,person,4,financial_category
478754,5,621924,31536000,611.39,,,,,,,q1_graph3,2026-01-01 00:00:00,2026-01-01,1,1,1,0,financial,1,person,4,financial_category
575295,5,630626,31536000,1131.09,,,,,,,q1_graph3,2026-01-01 00:00:00,2026-01-01,1,1,1,0,financial,1,person,4,financial_category
552988,5,575295,31536000,25163.8,,,,,,,q1_graph3,2026-01-01 00:00:00,2026-01-01,1,1,1,0,financial,4,financial_category,1,person
575295,5,527449,31536000,516.47,,,,,,,q1_graph3,2026-01-01 00:00:00,2026-01-01,1,1,1,0,financial,1,person,4,financial_category
575295,5,459381,31536000,173.64,,,,,,,q1_graph3,2026-01-01 00:00:00,2026-01-01,1,1,1,0,financial,1,person,4,financial_category
575295,5,595298,31536000,1609.94,,,,,,,q1_graph3,2026-01-01 00:00:00,2026-01-01,1,1,1,0,financial,1,person,4,financial_category
575295,5,466907,31536000,429.42,,,,,,,q1_graph3,2026-01-01 00:00:00,2026-01-01,1,1,1,0,financial,1,person,4,financial_category
575295,5,577992,31536000,2117.18,,,,,,,q1_graph3,2026-01-01 00:00:00,2026-01-01,1,1,1,0,financial,1,person,4,financial_category
575295,5,537281,31536000,277.44,,,,,,,q1_graph3,2026-01-01 00:00:00,2026-01-01,1,1,1,0,financial,1,person,4,financial_category
575295,5,523927,31536000,1211.81,,,,,,,q1_graph3,2026-01-01 00:00:00,2026-01-01,1,1,1,0,financial,1,person,4,financial_category
575295,5,595581,31536000,1191.34,,,,,,,q1_graph3,2026-01-01 00:00:00,2026-01-01,1,1,1,0,financial,1,person,4,financial_category
575295,5,616315,31536000,2.91,,,,,,,q1_graph3,2026-01-01 00:00:00,2026-01-01,1,1,1,0,financial,1,person,4,financial_category
575295,5,642329,31536000,280.94,,,,,,,q1_graph3,2026-01-01 00:00:00,2026-01-01,1,1,1,0,financial,1,person,4,financial_category
575295,5,571970,31536000,60.24,,,,,,,q1_graph3,2026-01-01 00:00:00,2026-01-01,1,1,1,0,financial,1,person,4,financial_category
575295,5,632961,31536000,281.97,,,,,,,q1_graph3,2026-01-01 00:00:00,2026-01-01,1,1,1,0,financial,1,person,4,financial_category
575295,5,473173,31536000,2150.02,,,,,,,q1_graph3,2026-01-01 00:00:00,2026-01-01,1,1,1,0,financial,1,person,4,financial_category
575295,5,620120,31536000,1213.18,,,,,,,q1_graph3,2026-01-01 00:00:00,2026-01-01,1,1,1,0,financial,1,person,4,financial_category
575295,5,575030,31536000,5529.22,,,,,,,q1_graph3,2026-01-01 00:00:00,2026-01-01,1,1,1,0,financial,1,person,4,financial_category
575295,5,621924,31536000,1638.18,,,,,,,q1_graph3,2026-01-01 00:00:00,2026-01-01,1,1,1,0,financial,1,person,4,financial_category
568284,5,630626,31536000,5053.94,,,,,,,q1_graph3,2026-01-01 00:00:00,2026-01-01,1,1,1,0,financial,1,person,4,financial_category
552988,5,568284,31536000,7039.65,,,,,,,q1_graph3,2026-01-01 00:00:00,2026-01-01,1,1,1,0,financial,4,financial_category,1,person
568284,5,567195,31536000,1147.37,,,,,,,q1_graph3,2026-01-01 00:00:00,2026-01-01,1,1,1,0,financial,1,person,4,financial_category
568284,5,527449,31536000,285.7,,,,,,,q1_graph3,2026-01-01 00:00:00,2026-01-01,1,1,1,0,financial,1,person,4,financial_category
568284,5,459381,31536000,267.45,,,,,,,q1_graph3,2026-01-01 00:00:00,2026-01-01,1,1,1,0,financial,1,person,4,financial_category
568284,5,595298,31536000,3054.32,,,,,,,q1_graph3,2026-01-01 00:00:00,2026-01-01,1,1,1,0,financial,1,person,4,financial_category
568284,5,466907,31536000,701.36,,,,,,,q1_graph3,2026-01-01 00:00:00,2026-01-01,1,1,1,0,financial,1,person,4,financial_category
568284,5,589943,31536000,369.91,,,,,,,q1_graph3,2026-01-01 00:00:00,2026-01-01,1,1,1,0,financial,1,person,4,financial_category
568284,5,577992,31536000,279.83,,,,,,,q1_graph3,2026-01-01 00:00:00,2026-01-01,1,1,1,0,financial,1,person,4,financial_category
568284,5,537281,31536000,141.32,,,,,,,q1_graph3,2026-01-01 00:00:00,2026-01-01,1,1,1,0,financial,1,person,4,financial_category
568284,5,523927,31536000,584.34,,,,,,,q1_graph3,2026-01-01 00:00:00,2026-01-01,1,1,1,0,financial,1,person,4,financial_category
568284,5,595581,31536000,1772.19,,,,,,,q1_graph3,2026-01-01 00:00:00,2026-01-01,1,1,1,0,financial,1,person,4,financial_category
568284,5,616315,31536000,955.54,,,,,,,q1_graph3,2026-01-01 00:00:00,2026-01-01,1,1,1,0,financial,1,person,4,financial_category
568284,5,642329,31536000,818.09,,,,,,,q1_graph3,2026-01-01 00:00:00,2026-01-01,1,1,1,0,financial,1,person,4,financial_category
568284,5,503701,31536000,2456.28,,,,,,,q1_graph3,2026-01-01 00:00:00,2026-01-01,1,1,1,0,financial,1,person,4,financial_category
568284,5,571970,31536000,92.37,,,,,,,q1_graph3,2026-01-01 00:00:00,2026-01-01,1,1,1,0,financial,1,person,4,financial_category
568284,5,632961,31536000,439.2,,,,,,,q1_graph3,2026-01-01 00:00:00,2026-01-01,1,1,1,0,financial,1,person,4,financial_category
568284,5,473173,31536000,3084.78,,,,,,,q1_graph3,2026-01-01 00:00:00,2026-01-01,1,1,1,0,financial,1,person,4,financial_category
568284,5,620120,31536000,164.3,,,,,,,q1_graph3,2026-01-01 00:00:00,2026-01-01,1,1,1,0,financial,1,person,4,financial_category
568284,5,575030,31536000,3861.34,,,,,,,q1_graph3,2026-01-01 00:00:00,2026-01-01,1,1,1,0,financial,1,person,4,financial_category
568284,5,621924,31536000,817.27,,,,,,,q1_graph3,2026-01-01 00:00:00,2026-01-01,1,1,1,0,financial,1,person,4,financial_category
508898,5,503218,31536000,1437.55,,,,,,,q1_graph3,2026-01-01 00:00:00,2026-01-01,1,1,1,0,financial,1,person,4,financial_category
508898,5,630626,31536000,7216.68,,,,,,,q1_graph3,2026-01-01 00:00:00,2026-01-01,1,1,1,0,financial,1,person,4,financial_category
510031,5,508898,31536000,2664.62,,,,,,,q1_graph3,2026-01-01 00:00:00,2026-01-01,1,1,1,0,financial,4,financial_category,1,person
552988,5,508898,31536000,50214.1,,,,,,,q1_graph3,2026-01-01 00:00:00,2026-01-01,1,1,1,0,financial,4,financial_category,1,person
508898,5,567195,31536000,5377.2,,,,,,,q1_graph3,2026-01-01 00:00:00,2026-01-01,1,1,1,0,financial,1,person,4,financial_category
508898,5,527449,31536000,73.45,,,,,,,q1_graph3,2026-01-01 00:00:00,2026-01-01,1,1,1,0,financial,1,person,4,financial_category
508898,5,459381,31536000,624.98,,,,,,,q1_graph3,2026-01-01 00:00:00,2026-01-01,1,1,1,0,financial,1,person,4,financial_category
508898,5,595298,31536000,2939.52,,,,,,,q1_graph3,2026-01-01 00:00:00,2026-01-01,1,1,1,0,financial,1,person,4,financial_category
508898,5,466907,31536000,1068.85,,,,,,,q1_graph3,2026-01-01 00:00:00,2026-01-01,1,1,1,0,financial,1,person,4,financial_category
508898,5,589943,31536000,2951.76,,,,,,,q1_graph3,2026-01-01 00:00:00,2026-01-01,1,1,1,0,financial,1,person,4,financial_category
508898,5,537281,31536000,1414.3,,,,,,,q1_graph3,2026-01-01 00:00:00,2026-01-01,1,1,1,0,financial,1,person,4,financial_category
508898,5,523927,31536000,3035.49,,,,,,,q1_graph3,2026-01-01 00:00:00,2026-01-01,1,1,1,0,financial,1,person,4,financial_category
508898,5,580426,31536000,384.0,,,,,,,q1_graph3,2026-01-01 00:00:00,2026-01-01,1,1,1,0,financial,1,person,4,financial_category
508898,5,595581,31536000,1272.62,,,,,,,q1_graph3,2026-01-01 00:00:00,2026-01-01,1,1,1,0,financial,1,person,4,financial_category
508898,5,642329,31536000,187.12,,,,,,,q1_graph3,2026-01-01 00:00:00,2026-01-01,1,1,1,0,financial,1,person,4,financial_category
508898,5,503701,31536000,3744.72,,,,,,,q1_graph3,2026-01-01 00:00:00,2026-01-01,1,1,1,0,financial,1,person,4,financial_category
508898,5,473173,31536000,1245.58,,,,,,,q1_graph3,2026-01-01 00:00:00,2026-01-01,1,1,1,0,financial,1,person,4,financial_category
508898,5,620120,31536000,13481.8,,,,,,,q1_graph3,2026-01-01 00:00:00,2026-01-01,1,1,1,0,financial,1,person,4,financial_category
508898,5,575030,31536000,19974.0,,,,,,,q1_graph3,2026-01-01 00:00:00,2026-01-01,1,1,1,0,financial,1,person,4,financial_category
508898,5,621924,31536000,1053.33,,,,,,,q1_graph3,2026-01-01 00:00:00,2026-01-01,1,1,1,0,financial,1,person,4,financial_category
510031,5,538892,31536000,612.53,,,,,,,q1_graph3,2026-01-01 00:00:00,2026-01-01,1,1,1,0,financial,4,financial_category,1,person
552988,5,538892,31536000,7866.03,,,,,,,q1_graph3,2026-01-01 00:00:00,2026-01-01,1,1,1,0,financial,4,financial_category,1,person
538892,5,567195,31536000,804.6,,,,,,,q1_graph3,2026-01-01 00:00:00,2026-01-01,1,1,1,0,financial,1,person,4,financial_category
538892,5,527449,31536000,66.56,,,,,,,q1_graph3,2026-01-01 00:00:00,2026-01-01,1,1,1,0,financial,1,person,4,financial_category
538892,5,459381,31536000,206.85,,,,,,,q1_graph3,2026-01-01 00:00:00,2026-01-01,1,1,1,0,financial,1,person,4,financial_category
538892,5,595298,31536000,2929.23,,,,,,,q1_graph3,2026-01-01 00:00:00,2026-01-01,1,1,1,0,financial,1,person,4,financial_category
538892,5,466907,31536000,411.67,,,,,,,q1_graph3,2026-01-01 00:00:00,2026-01-01,1,1,1,0,financial,1,person,4,financial_category
538892,5,589943,31536000,1336.5,,,,,,,q1_graph3,2026-01-01 00:00:00,2026-01-01,1,1,1,0,financial,1,person,4,financial_category
538892,5,577992,31536000,2087.94,,,,,,,q1_graph3,2026-01-01 00:00:00,2026-01-01,1,1,1,0,financial,1,person,4,financial_category
538892,5,537281,31536000,115.09,,,,,,,q1_graph3,2026-01-01 00:00:00,2026-01-01,1,1,1,0,financial,1,person,4,financial_category
538892,5,523927,31536000,318.53,,,,,,,q1_graph3,2026-01-01 00:00:00,2026-01-01,1,1,1,0,financial,1,person,4,financial_category
538892,5,580426,31536000,287.96,,,,,,,q1_graph3,2026-01-01 00:00:00,2026-01-01,1,1,1,0,financial,1,person,4,financial_category
538892,5,642329,31536000,1700.68,,,,,,,q1_graph3,2026-01-01 00:00:00,2026-01-01,1,1,1,0,financial,1,person,4,financial_category
538892,5,632961,31536000,232.76,,,,,,,q1_graph3,2026-01-01 00:00:00,2026-01-01,1,1,1,0,financial,1,person,4,financial_category
538892,5,473173,31536000,397.53,,,,,,,q1_graph3,2026-01-01 00:00:00,2026-01-01,1,1,1,0,financial,1,person,4,financial_category
620120,5,538892,31536000,1256.32,,,,,,,q1_graph3,2026-01-01 00:00:00,2026-01-01,1,1,1,0,financial,4,financial_category,1,person
538892,5,575030,31536000,2011.04,,,,,,,q1_graph3,2026-01-01 00:00:00,2026-01-01,1,1,1,0,financial,1,person,4,financial_category
538892,5,621924,31536000,7084.51,,,,,,,q1_graph3,2026-01-01 00:00:00,2026-01-01,1,1,1,0,financial,1,person,4,financial_category
510031,5,572391,31536000,323.44,,,,,,,q1_graph3,2026-01-01 00:00:00,2026-01-01,1,1,1,0,financial,4,financial_category,1,person
552988,5,572391,31536000,9063.18,,,,,,,q1_graph3,2026-01-01 00:00:00,2026-01-01,1,1,1,0,financial,4,financial_category,1,person
572391,5,567195,31536000,593.37,,,,,,,q1_graph3,2026-01-01 00:00:00,2026-01-01,1,1,1,0,financial,1,person,4,financial_category
572391,5,527449,31536000,377.58,,,,,,,q1_graph3,2026-01-01 00:00:00,2026-01-01,1,1,1,0,financial,1,person,4,financial_category
572391,5,459381,31536000,330.92,,,,,,,q1_graph3,2026-01-01 00:00:00,2026-01-01,1,1,1,0,financial,1,person,4,financial_category
572391,5,595298,31536000,642.73,,,,,,,q1_graph3,2026-01-01 00:00:00,2026-01-01,1,1,1,0,financial,1,person,4,financial_category
572391,5,466907,31536000,288.38,,,,,,,q1_graph3,2026-01-01 00:00:00,2026-01-01,1,1,1,0,financial,1,person,4,financial_category
572391,5,589943,31536000,1117.58,,,,,,,q1_graph3,2026-01-01 00:00:00,2026-01-01,1,1,1,0,financial,1,person,4,financial_category
572391,5,577992,31536000,619.38,,,,,,,q1_graph3,2026-01-01 00:00:00,2026-01-01,1,1,1,0,financial,1,person,4,financial_category
572391,5,537281,31536000,315.44,,,,,,,q1_graph3,2026-01-01 00:00:00,2026-01-01,1,1,1,0,financial,1,person,4,financial_category
572391,5,580426,31536000,140.14,,,,,,,q1_graph3,2026-01-01 00:00:00,2026-01-01,1,1,1,0,financial,1,person,4,financial_category
572391,5,616315,31536000,253.64,,,,,,,q1_graph3,2026-01-01 00:00:00,2026-01-01,1,1,1,0,financial,1,person,4,financial_category
572391,5,503701,31536000,1960.88,,,,,,,q1_graph3,2026-01-01 00:00:00,2026-01-01,1,1,1,0,financial,1,person,4,financial_category
572391,5,632961,31536000,214.29,,,,,,,q1_graph3,2026-01-01 00:00:00,2026-01-01,1,1,1,0,financial,1,person,4,financial_category
572391,5,473173,31536000,787.03,,,,,,,q1_graph3,2026-01-01 00:00:00,2026-01-01,1,1,1,0,financial,1,person,4,financial_category
620120,5,572391,31536000,1472.17,,,,,,,q1_graph3,2026-01-01 00:00:00,2026-01-01,1,1,1,0,financial,4,financial_category,1,person
572391,5,575030,31536000,7690.99,,,,,,,q1_graph3,2026-01-01 00:00:00,2026-01-01,1,1,1,0,financial,1,person,4,financial_category
572391,5,621924,31536000,3433.52,,,,,,,q1_graph3,2026-01-01 00:00:00,2026-01-01,1,1,1,0,financial,1,person,4,financial_category
552988,5,542965,31536000,14865.8,,,,,,,q1_graph3,2026-01-01 00:00:00,2026-01-01,1,1,1,0,financial,4,financial_category,1,person
542965,5,567195,31536000,1031.52,,,,,,,q1_graph3,2026-01-01 00:00:00,2026-01-01,1,1,1,0,financial,1,person,4,financial_category
542965,5,527449,31536000,149.53,,,,,,,q1_graph3,2026-01-01 00:00:00,2026-01-01,1,1,1,0,financial,1,person,4,financial_category
542965,5,459381,31536000,737.83,,,,,,,q1_graph3,2026-01-01 00:00:00,2026-01-01,1,1,1,0,financial,1,person,4,financial_category
542965,5,595298,31536000,3375.37,,,,,,,q1_graph3,2026-01-01 00:00:00,2026-01-01,1,1,1,0,financial,1,person,4,financial_category
542965,5,466907,31536000,177.36,,,,,,,q1_graph3,2026-01-01 00:00:00,2026-01-01,1,1,1,0,financial,1,person,4,financial_category
542965,5,589943,31536000,232.68,,,,,,,q1_graph3,2026-01-01 00:00:00,2026-01-01,1,1,1,0,financial,1,person,4,financial_category
542965,5,537281,31536000,136.94,,,,,,,q1_graph3,2026-01-01 00:00:00,2026-01-01,1,1,1,0,financial,1,person,4,financial_category
542965,5,523927,31536000,1100.57,,,,,,,q1_graph3,2026-01-01 00:00:00,2026-01-01,1,1,1,0,financial,1,person,4,financial_category
542965,5,580426,31536000,613.8,,,,,,,q1_graph3,2026-01-01 00:00:00,2026-01-01,1,1,1,0,financial,1,person,4,financial_category
542965,5,595581,31536000,1637.51,,,,,,,q1_graph3,2026-01-01 00:00:00,2026-01-01,1,1,1,0,financial,1,person,4,financial_category
542965,5,616315,31536000,1420.57,,,,,,,q1_graph3,2026-01-01 00:00:00,2026-01-01,1,1,1,0,financial,1,person,4,financial_category
542965,5,642329,31536000,415.8,,,,,,,q1_graph3,2026-01-01 00:00:00,2026-01-01,1,1,1,0,financial,1,person,4,financial_category
542965,5,571970,31536000,210.09,,,,,,,q1_graph3,2026-01-01 00:00:00,2026-01-01,1,1,1,0,financial,1,person,4,financial_category
542965,5,632961,31536000,373.32,,,,,,,q1_graph3,2026-01-01 00:00:00,2026-01-01,1,1,1,0,financial,1,person,4,financial_category
542965,5,473173,31536000,310.96,,,,,,,q1_graph3,2026-01-01 00:00:00,2026-01-01,1,1,1,0,financial,1,person,4,financial_category
542965,5,620120,31536000,804.21,,,,,,,q1_graph3,2026-01-01 00:00:00,2026-01-01,1,1,1,0,financial,1,person,4,financial_category
542965,5,575030,31536000,8413.6,,,,,,,q1_graph3,2026-01-01 00:00:00,2026-01-01,1,1,1,0,financial,1,person,4,financial_category
542965,5,621924,31536000,798.15,,,,,,,q1_graph3,2026-01-01 00:00:00,2026-01-01,1,1,1,0,financial,1,person,4,financial_category
536951,5,503218,31536000,1252.81,,,,,,,q1_graph3,2026-01-01 00:00:00,2026-01-01,1,1,1,0,financial,1,person,4,financial_category
552988,5,536951,31536000,5234.64,,,,,,,q1_graph3,2026-01-01 00:00:00,2026-01-01,1,1,1,0,financial,4,financial_category,1,person
536951,5,567195,31536000,4019.67,,,,,,,q1_graph3,2026-01-01 00:00:00,2026-01-01,1,1,1,0,financial,1,person,4,financial_category
536951,5,527449,31536000,507.47,,,,,,,q1_graph3,2026-01-01 00:00:00,2026-01-01,1,1,1,0,financial,1,person,4,financial_category
536951,5,459381,31536000,200.63,,,,,,,q1_graph3,2026-01-01 00:00:00,2026-01-01,1,1,1,0,financial,1,person,4,financial_category
536951,5,595298,31536000,1391.04,,,,,,,q1_graph3,2026-01-01 00:00:00,2026-01-01,1,1,1,0,financial,1,person,4,financial_category
536951,5,466907,31536000,620.27,,,,,,,q1_graph3,2026-01-01 00:00:00,2026-01-01,1,1,1,0,financial,1,person,4,financial_category
536951,5,589943,31536000,449.32,,,,,,,q1_graph3,2026-01-01 00:00:00,2026-01-01,1,1,1,0,financial,1,person,4,financial_category
536951,5,577992,31536000,2552.28,,,,,,,q1_graph3,2026-01-01 00:00:00,2026-01-01,1,1,1,0,financial,1,person,4,financial_category
536951,5,537281,31536000,421.71,,,,,,,q1_graph3,2026-01-01 00:00:00,2026-01-01,1,1,1,0,financial,1,person,4,financial_category
536951,5,523927,31536000,475.36,,,,,,,q1_graph3,2026-01-01 00:00:00,2026-01-01,1,1,1,0,financial,1,person,4,financial_category
536951,5,580426,31536000,394.63,,,,,,,q1_graph3,2026-01-01 00:00:00,2026-01-01,1,1,1,0,financial,1,person,4,financial_category
536951,5,595581,31536000,954.38,,,,,,,q1_graph3,2026-01-01 00:00:00,2026-01-01,1,1,1,0,financial,1,person,4,financial_category
536951,5,616315,31536000,2141.56,,,,,,,q1_graph3,2026-01-01 00:00:00,2026-01-01,1,1,1,0,financial,1,person,4,financial_category
536951,5,642329,31536000,1414.94,,,,,,,q1_graph3,2026-01-01 00:00:00,2026-01-01,1,1,1,0,financial,1,person,4,financial_category
536951,5,503701,31536000,3296.54,,,,,,,q1_graph3,2026-01-01 00:00:00,2026-01-01,1,1,1,0,financial,1,person,4,financial_category
536951,5,473173,31536000,221.54,,,,,,,q1_graph3,2026-01-01 00:00:00,2026-01-01,1,1,1,0,financial,1,person,4,financial_category
536951,5,620120,31536000,1187.43,,,,,,,q1_graph3,2026-01-01 00:00:00,2026-01-01,1,1,1,0,financial,1,person,4,financial_category
536951,5,575030,31536000,4620.27,,,,,,,q1_graph3,2026-01-01 00:00:00,2026-01-01,1,1,1,0,financial,1,person,4,financial_category
552988,5,466976,31536000,38019.8,,,,,,,q1_graph3,2026-01-01 00:00:00,2026-01-01,1,1,1,0,financial,4,financial_category,1,person
466976,5,527449,31536000,640.95,,,,,,,q1_graph3,2026-01-01 00:00:00,2026-01-01,1,1,1,0,financial,1,person,4,financial_category
466976,5,459381,31536000,2249.28,,,,,,,q1_graph3,2026-01-01 00:00:00,2026-01-01,1,1,1,0,financial,1,person,4,financial_category
466976,5,595298,31536000,7533.16,,,,,,,q1_graph3,2026-01-01 00:00:00,2026-01-01,1,1,1,0,financial,1,person,4,financial_category
466976,5,466907,31536000,576.32,,,,,,,q1_graph3,2026-01-01 00:00:00,2026-01-01,1,1,1,0,financial,1,person,4,financial_category
466976,5,589943,31536000,3435.72,,,,,,,q1_graph3,2026-01-01 00:00:00,2026-01-01,1,1,1,0,financial,1,person,4,financial_category
466976,5,577992,31536000,3963.81,,,,,,,q1_graph3,2026-01-01 00:00:00,2026-01-01,1,1,1,0,financial,1,person,4,financial_category
466976,5,537281,31536000,848.82,,,,,,,q1_graph3,2026-01-01 00:00:00,2026-01-01,1,1,1,0,financial,1,person,4,financial_category
466976,5,523927,31536000,3202.79,,,,,,,q1_graph3,2026-01-01 00:00:00,2026-01-01,1,1,1,0,financial,1,person,4,financial_category
466976,5,642329,31536000,1652.08,,,,,,,q1_graph3,2026-01-01 00:00:00,2026-01-01,1,1,1,0,financial,1,person,4,financial_category
466976,5,503701,31536000,5169.73,,,,,,,q1_graph3,2026-01-01 00:00:00,2026-01-01,1,1,1,0,financial,1,person,4,financial_category
466976,5,571970,31536000,168.32,,,,,,,q1_graph3,2026-01-01 00:00:00,2026-01-01,1,1,1,0,financial,1,person,4,financial_category
466976,5,632961,31536000,723.89,,,,,,,q1_graph3,2026-01-01 00:00:00,2026-01-01,1,1,1,0,financial,1,person,4,financial_category
466976,5,473173,31536000,7146.89,,,,,,,q1_graph3,2026-01-01 00:00:00,2026-01-01,1,1,1,0,financial,1,person,4,financial_category
466976,5,620120,31536000,248.9,,,,,,,q1_graph3,2026-01-01 00:00:00,2026-01-01,1,1,1,0,financial,1,person,4,financial_category
466976,5,575030,31536000,5749.62,,,,,,,q1_graph3,2026-01-01 00:00:00,2026-01-01,1,1,1,0,financial,1,person,4,financial_category
466976,5,621924,31536000,3816.99,,,,,,,q1_graph3,2026-01-01 00:00:00,2026-01-01,1,1,1,0,financial,1,person,4,financial_category
510031,5,607386,31536000,915.56,,,,,,,q1_graph3,2026-01-01 00:00:00,2026-01-01,1,1,1,0,financial,4,financial_category,1,person
552988,5,607386,31536000,67455.8,,,,,,,q1_graph3,2026-01-01 00:00:00,2026-01-01,1,1,1,0,financial,4,financial_category,1,person
607386,5,567195,31536000,3985.69,,,,,,,q1_graph3,2026-01-01 00:00:00,2026-01-01,1,1,1,0,financial,1,person,4,financial_category
607386,5,527449,31536000,352.43,,,,,,,q1_graph3,2026-01-01 00:00:00,2026-01-01,1,1,1,0,financial,1,person,4,financial_category
607386,5,459381,31536000,174.81,,,,,,,q1_graph3,2026-01-01 00:00:00,2026-01-01,1,1,1,0,financial,1,person,4,financial_category
607386,5,595298,31536000,5638.62,,,,,,,q1_graph3,2026-01-01 00:00:00,2026-01-01,1,1,1,0,financial,1,person,4,financial_category
607386,5,466907,31536000,2396.91,,,,,,,q1_graph3,2026-01-01 00:00:00,2026-01-01,1,1,1,0,financial,1,person,4,financial_category
607386,5,589943,31536000,622.79,,,,,,,q1_graph3,2026-01-01 00:00:00,2026-01-01,1,1,1,0,financial,1,person,4,financial_category
607386,5,537281,31536000,170.71,,,,,,,q1_graph3,2026-01-01 00:00:00,2026-01-01,1,1,1,0,financial,1,person,4,financial_category
607386,5,523927,31536000,4129.17,,,,,,,q1_graph3,2026-01-01 00:00:00,2026-01-01,1,1,1,0,financial,1,person,4,financial_category
607386,5,580426,31536000,790.97,,,,,,,q1_graph3,2026-01-01 00:00:00,2026-01-01,1,1,1,0,financial,1,person,4,financial_category
607386,5,595581,31536000,618.59,,,,,,,q1_graph3,2026-01-01 00:00:00,2026-01-01,1,1,1,0,financial,1,person,4,financial_category
607386,5,642329,31536000,2377.76,,,,,,,q1_graph3,2026-01-01 00:00:00,2026-01-01,1,1,1,0,financial,1,person,4,financial_category
607386,5,503701,31536000,6084.53,,,,,,,q1_graph3,2026-01-01 00:00:00,2026-01-01,1,1,1,0,financial,1,person,4,financial_category
607386,5,632961,31536000,347.93,,,,,,,q1_graph3,2026-01-01 00:00:00,2026-01-01,1,1,1,0,financial,1,person,4,financial_category
607386,5,473173,31536000,3632.97,,,,,,,q1_graph3,2026-01-01 00:00:00,2026-01-01,1,1,1,0,financial,1,person,4,financial_category
620120,5,607386,31536000,601.22,,,,,,,q1_graph3,2026-01-01 00:00:00,2026-01-01,1,1,1,0,financial,4,financial_category,1,person
607386,5,575030,31536000,18698.1,,,,,,,q1_graph3,2026-01-01 00:00:00,2026-01-01,1,1,1,0,financial,1,person,4,financial_category
607386,5,621924,31536000,2016.27,,,,,,,q1_graph3,2026-01-01 00:00:00,2026-01-01,1,1,1,0,financial,1,person,4,financial_category
628223,5,503218,31536000,2582.67,,,,,,,q1_graph3,2026-01-01 00:00:00,2026-01-01,1,1,1,0,financial,1,person,4,financial_category
628223,5,630626,31536000,8091.25,,,,,,,q1_graph3,2026-01-01 00:00:00,2026-01-01,1,1,1,0,financial,1,person,4,financial_category
510031,5,628223,31536000,1129.49,,,,,,,q1_graph3,2026-01-01 00:00:00,2026-01-01,1,1,1,0,financial,4,financial_category,1,person
552988,5,628223,31536000,86251.6,,,,,,,q1_graph3,2026-01-01 00:00:00,2026-01-01,1,1,1,0,financial,4,financial_category,1,person
628223,5,567195,31536000,9336.13,,,,,,,q1_graph3,2026-01-01 00:00:00,2026-01-01,1,1,1,0,financial,1,person,4,financial_category
628223,5,527449,31536000,576.14,,,,,,,q1_graph3,2026-01-01 00:00:00,2026-01-01,1,1,1,0,financial,1,person,4,financial_category
628223,5,459381,31536000,978.47,,,,,,,q1_graph3,2026-01-01 00:00:00,2026-01-01,1,1,1,0,financial,1,person,4,financial_category
628223,5,595298,31536000,8384.06,,,,,,,q1_graph3,2026-01-01 00:00:00,2026-01-01,1,1,1,0,financial,1,person,4,financial_category
628223,5,466907,31536000,1096.37,,,,,,,q1_graph3,2026-01-01 00:00:00,2026-01-01,1,1,1,0,financial,1,person,4,financial_category
628223,5,606730,31536000,1846.53,,,,,,,q1_graph3,2026-01-01 00:00:00,2026-01-01,1,1,1,0,financial,1,person,4,financial_category
628223,5,537281,31536000,948.57,,,,,,,q1_graph3,2026-01-01 00:00:00,2026-01-01,1,1,1,0,financial,1,person,4,financial_category
628223,5,523927,31536000,4632.3,,,,,,,q1_graph3,2026-01-01 00:00:00,2026-01-01,1,1,1,0,financial,1,person,4,financial_category
628223,5,580426,31536000,30.83,,,,,,,q1_graph3,2026-01-01 00:00:00,2026-01-01,1,1,1,0,financial,1,person,4,financial_category
628223,5,595581,31536000,3739.59,,,,,,,q1_graph3,2026-01-01 00:00:00,2026-01-01,1,1,1,0,financial,1,person,4,financial_category
628223,5,642329,31536000,4394.98,,,,,,,q1_graph3,2026-01-01 00:00:00,2026-01-01,1,1,1,0,financial,1,person,4,financial_category
628223,5,503701,31536000,7443.2,,,,,,,q1_graph3,2026-01-01 00:00:00,2026-01-01,1,1,1,0,financial,1,person,4,financial_category
628223,5,571970,31536000,304.78,,,,,,,q1_graph3,2026-01-01 00:00:00,2026-01-01,1,1,1,0,financial,1,person,4,financial_category
628223,5,632961,31536000,520.28,,,,,,,q1_graph3,2026-01-01 00:00:00,2026-01-01,1,1,1,0,financial,1,person,4,financial_category
628223,5,473173,31536000,6636.04,,,,,,,q1_graph3,2026-01-01 00:00:00,2026-01-01,1,1,1,0,financial,1,person,4,financial_category
628223,5,620120,31536000,4485.42,,,,,,,q1_graph3,2026-01-01 00:00:00,2026-01-01,1,1,1,0,financial,1,person,4,financial_category
628223,5,575030,31536000,19153.4,,,,,,,q1_graph3,2026-01-01 00:00:00,2026-01-01,1,1,1,0,financial,1,person,4,financial_category
628223,5,621924,31536000,1117.73,,,,,,,q1_graph3,2026-01-01 00:00:00,2026-01-01,1,1,1,0,financial,1,person,4,financial_category
516236,5,630626,31536000,39291.8,,,,,,,q1_graph3,2026-01-01 00:00:00,2026-01-01,1,1,1,0,financial,1,person,4,financial_category
510031,5,516236,31536000,6908.27,,,,,,,q1_graph3,2026-01-01 00:00:00,2026-01-01,1,1,1,0,financial,4,financial_category,1,person
552988,5,516236,31536000,159997.0,,,,,,,q1_graph3,2026-01-01 00:00:00,2026-01-01,1,1,1,0,financial,4,financial_category,1,person
516236,5,567195,31536000,32142.3,,,,,,,q1_graph3,2026-01-01 00:00:00,2026-01-01,1,1,1,0,financial,1,person,4,financial_category
516236,5,527449,31536000,713.06,,,,,,,q1_graph3,2026-01-01 00:00:00,2026-01-01,1,1,1,0,financial,1,person,4,financial_category
516236,5,459381,31536000,1904.74,,,,,,,q1_graph3,2026-01-01 00:00:00,2026-01-01,1,1,1,0,financial,1,person,4,financial_category
516236,5,595298,31536000,1406.81,,,,,,,q1_graph3,2026-01-01 00:00:00,2026-01-01,1,1,1,0,financial,1,person,4,financial_category
516236,5,466907,31536000,1929.22,,,,,,,q1_graph3,2026-01-01 00:00:00,2026-01-01,1,1,1,0,financial,1,person,4,financial_category
516236,5,589943,31536000,6938.77,,,,,,,q1_graph3,2026-01-01 00:00:00,2026-01-01,1,1,1,0,financial,1,person,4,financial_category
516236,5,537281,31536000,5302.1,,,,,,,q1_graph3,2026-01-01 00:00:00,2026-01-01,1,1,1,0,financial,1,person,4,financial_category
516236,5,523927,31536000,2618.5,,,,,,,q1_graph3,2026-01-01 00:00:00,2026-01-01,1,1,1,0,financial,1,person,4,financial_category
516236,5,580426,31536000,8956.1,,,,,,,q1_graph3,2026-01-01 00:00:00,2026-01-01,1,1,1,0,financial,1,person,4,financial_category
516236,5,595581,31536000,11185.4,,,,,,,q1_graph3,2026-01-01 00:00:00,2026-01-01,1,1,1,0,financial,1,person,4,financial_category
516236,5,616315,31536000,4836.31,,,,,,,q1_graph3,2026-01-01 00:00:00,2026-01-01,1,1,1,0,financial,1,person,4,financial_category
516236,5,503701,31536000,2574.66,,,,,,,q1_graph3,2026-01-01 00:00:00,2026-01-01,1,1,1,0,financial,1,person,4,financial_category
516236,5,571970,31536000,280.38,,,,,,,q1_graph3,2026-01-01 00:00:00,2026-01-01,1,1,1,0,financial,1,person,4,financial_category
516236,5,632961,31536000,353.31,,,,,,,q1_graph3,2026-01-01 00:00:00,2026-01-01,1,1,1,0,financial,1,person,4,financial_category
516236,5,473173,31536000,2489.02,,,,,,,q1_graph3,2026-01-01 00:00:00,2026-01-01,1,1,1,0,financial,1,person,4,financial_category
516236,5,620120,31536000,146800.0,,,,,,,q1_graph3,2026-01-01 00:00:00,2026-01-01,1,1,1,0,financial,1,person,4,financial_category
516236,5,575030,31536000,41464.4,,,,,,,q1_graph3,2026-01-01 00:00:00,2026-01-01,1,1,1,0,financial,1,person,4,financial_category
516236,5,621924,31536000,47400.0,,,,,,,q1_graph3,2026-01-01 00:00:00,2026-01-01,1,1,1,0,financial,1,person,4,financial_category
492701,5,503218,31536000,1399.05,,,,,,,q1_graph3,2026-01-01 00:00:00,2026-01-01,1,1,1,0,financial,1,person,4,financial_category
492701,5,630626,31536000,9335.04,,,,,,,q1_graph3,2026-01-01 00:00:00,2026-01-01,1,1,1,0,financial,1,person,4,financial_category
492701,5,536346,31536000,6111.55,,,,,,,q1_graph3,2026-01-01 00:00:00,2026-01-01,1,1,1,0,financial,1,person,4,financial_category
492701,5,520660,31536000,4744.49,,,,,,,q1_graph3,2026-01-01 00:00:00,2026-01-01,1,1,1,0,financial,1,person,4,financial_category
552988,5,492701,31536000,39167.1,,,,,,,q1_graph3,2026-01-01 00:00:00,2026-01-01,1,1,1,0,financial,4,financial_category,1,person
492701,5,527449,31536000,170.12,,,,,,,q1_graph3,2026-01-01 00:00:00,2026-01-01,1,1,1,0,financial,1,person,4,financial_category
492701,5,459381,31536000,1819.6,,,,,,,q1_graph3,2026-01-01 00:00:00,2026-01-01,1,1,1,0,financial,1,person,4,financial_category
492701,5,595298,31536000,8665.54,,,,,,,q1_graph3,2026-01-01 00:00:00,2026-01-01,1,1,1,0,financial,1,person,4,financial_category
492701,5,466907,31536000,1433.99,,,,,,,q1_graph3,2026-01-01 00:00:00,2026-01-01,1,1,1,0,financial,1,person,4,financial_category
492701,5,589943,31536000,4463.25,,,,,,,q1_graph3,2026-01-01 00:00:00,2026-01-01,1,1,1,0,financial,1,person,4,financial_category
492701,5,523927,31536000,2261.47,,,,,,,q1_graph3,2026-01-01 00:00:00,2026-01-01,1,1,1,0,financial,1,person,4,financial_category
492701,5,595581,31536000,3006.51,,,,,,,q1_graph3,2026-01-01 00:00:00,2026-01-01,1,1,1,0,financial,1,person,4,financial_category
492701,5,616315,31536000,3052.63,,,,,,,q1_graph3,2026-01-01 00:00:00,2026-01-01,1,1,1,0,financial,1,person,4,financial_category
492701,5,642329,31536000,2193.96,,,,,,,q1_graph3,2026-01-01 00:00:00,2026-01-01,1,1,1,0,financial,1,person,4,financial_category
492701,5,571970,31536000,251.9,,,,,,,q1_graph3,2026-01-01 00:00:00,2026-01-01,1,1,1,0,financial,1,person,4,financial_category
492701,5,644226,31536000,2367.25,,,,,,,q1_graph3,2026-01-01 00:00:00,2026-01-01,1,1,1,0,financial,1,person,4,financial_category
492701,5,632961,31536000,532.37,,,,,,,q1_graph3,2026-01-01 00:00:00,2026-01-01,1,1,1,0,financial,1,person,4,financial_category
492701,5,473173,31536000,612.6,,,,,,,q1_graph3,2026-01-01 00:00:00,2026-01-01,1,1,1,0,financial,1,person,4,financial_category
492701,5,620120,31536000,4436.3,,,,,,,q1_graph3,2026-01-01 00:00:00,2026-01-01,1,1,1,0,financial,1,person,4,financial_category
492701,5,575030,31536000,16279.8,,,,,,,q1_graph3,2026-01-01 00:00:00,2026-01-01,1,1,1,0,financial,1,person,4,financial_category
584736,5,630626,31536000,19167.7,,,,,,,q1_graph3,2026-01-01 00:00:00,2026-01-01,1,1,1,0,financial,1,person,4,financial_category
552988,5,584736,31536000,134196.0,,,,,,,q1_graph3,2026-01-01 00:00:00,2026-01-01,1,1,1,0,financial,4,financial_category,1,person
584736,5,567195,31536000,26846.9,,,,,,,q1_graph3,2026-01-01 00:00:00,2026-01-01,1,1,1,0,financial,1,person,4,financial_category
584736,5,527449,31536000,494.71,,,,,,,q1_graph3,2026-01-01 00:00:00,2026-01-01,1,1,1,0,financial,1,person,4,financial_category
584736,5,459381,31536000,2778.19,,,,,,,q1_graph3,2026-01-01 00:00:00,2026-01-01,1,1,1,0,financial,1,person,4,financial_category
584736,5,595298,31536000,7045.08,,,,,,,q1_graph3,2026-01-01 00:00:00,2026-01-01,1,1,1,0,financial,1,person,4,financial_category
584736,5,466907,31536000,534.07,,,,,,,q1_graph3,2026-01-01 00:00:00,2026-01-01,1,1,1,0,financial,1,person,4,financial_category
584736,5,589943,31536000,12526.9,,,,,,,q1_graph3,2026-01-01 00:00:00,2026-01-01,1,1,1,0,financial,1,person,4,financial_category
584736,5,523927,31536000,6214.69,,,,,,,q1_graph3,2026-01-01 00:00:00,2026-01-01,1,1,1,0,financial,1,person,4,financial_category
584736,5,580426,31536000,1500.31,,,,,,,q1_graph3,2026-01-01 00:00:00,2026-01-01,1,1,1,0,financial,1,person,4,financial_category
584736,5,595581,31536000,15399.5,,,,,,,q1_graph3,2026-01-01 00:00:00,2026-01-01,1,1,1,0,financial,1,person,4,financial_category
584736,5,616315,31536000,535.85,,,,,,,q1_graph3,2026-01-01 00:00:00,2026-01-01,1,1,1,0,financial,1,person,4,financial_category
584736,5,642329,31536000,6650.38,,,,,,,q1_graph3,2026-01-01 00:00:00,2026-01-01,1,1,1,0,financial,1,person,4,financial_category
584736,5,503701,31536000,5190.51,,,,,,,q1_graph3,2026-01-01 00:00:00,2026-01-01,1,1,1,0,financial,1,person,4,financial_category
584736,5,571970,31536000,117.94,,,,,,,q1_graph3,2026-01-01 00:00:00,2026-01-01,1,1,1,0,financial,1,person,4,financial_category
584736,5,632961,31536000,1100.5,,,,,,,q1_graph3,2026-01-01 00:00:00,2026-01-01,1,1,1,0,financial,1,person,4,financial_category
584736,5,473173,31536000,8001.41,,,,,,,q1_graph3,2026-01-01 00:00:00,2026-01-01,1,1,1,0,financial,1,person,4,financial_category
584736,5,620120,31536000,11520.6,,,,,,,q1_graph3,2026-01-01 00:00:00,2026-01-01,1,1,1,0,financial,1,person,4,financial_category
584736,5,621924,31536000,15668.2,,,,,,,q1_graph3,2026-01-01 00:00:00,2026-01-01,1,1,1,0,financial,1,person,4,financial_category
520084,5,640784,31536000,1761.31,,,,,,,q1_graph3,2026-01-01 00:00:00,2026-01-01,1,1,1,0,financial,1,person,4,financial_category
520084,5,630626,31536000,10072.2,,,,,,,q1_graph3,2026-01-01 00:00:00,2026-01-01,1,1,1,0,financial,1,person,4,financial_category
520084,5,536346,31536000,3978.84,,,,,,,q1_graph3,2026-01-01 00:00:00,2026-01-01,1,1,1,0,financial,1,person,4,financial_category
510031,5,520084,31536000,2024.7,,,,,,,q1_graph3,2026-01-01 00:00:00,2026-01-01,1,1,1,0,financial,4,financial_category,1,person
520084,5,520660,31536000,11179.5,,,,,,,q1_graph3,2026-01-01 00:00:00,2026-01-01,1,1,1,0,financial,1,person,4,financial_category
552988,5,520084,31536000,129601.0,,,,,,,q1_graph3,2026-01-01 00:00:00,2026-01-01,1,1,1,0,financial,4,financial_category,1,person
520084,5,567195,31536000,17907.0,,,,,,,q1_graph3,2026-01-01 00:00:00,2026-01-01,1,1,1,0,financial,1,person,4,financial_category
520084,5,527449,31536000,522.39,,,,,,,q1_graph3,2026-01-01 00:00:00,2026-01-01,1,1,1,0,financial,1,person,4,financial_category
520084,5,459381,31536000,994.25,,,,,,,q1_graph3,2026-01-01 00:00:00,2026-01-01,1,1,1,0,financial,1,person,4,financial_category
520084,5,595298,31536000,2315.62,,,,,,,q1_graph3,2026-01-01 00:00:00,2026-01-01,1,1,1,0,financial,1,person,4,financial_category
520084,5,466907,31536000,1531.51,,,,,,,q1_graph3,2026-01-01 00:00:00,2026-01-01,1,1,1,0,financial,1,person,4,financial_category
520084,5,589943,31536000,15080.3,,,,,,,q1_graph3,2026-01-01 00:00:00,2026-01-01,1,1,1,0,financial,1,person,4,financial_category
520084,5,577992,31536000,8845.36,,,,,,,q1_graph3,2026-01-01 00:00:00,2026-01-01,1,1,1,0,financial,1,person,4,financial_category
520084,5,537281,31536000,2262.18,,,,,,,q1_graph3,2026-01-01 00:00:00,2026-01-01,1,1,1,0,financial,1,person,4,financial_category
520084,5,523927,31536000,5343.67,,,,,,,q1_graph3,2026-01-01 00:00:00,2026-01-01,1,1,1,0,financial,1,person,4,financial_category
520084,5,580426,31536000,2588.29,,,,,,,q1_graph3,2026-01-01 00:00:00,2026-01-01,1,1,1,0,financial,1,person,4,financial_category
520084,5,595581,31536000,13260.7,,,,,,,q1_graph3,2026-01-01 00:00:00,2026-01-01,1,1,1,0,financial,1,person,4,financial_category
520084,5,642329,31536000,2230.88,,,,,,,q1_graph3,2026-01-01 00:00:00,2026-01-01,1,1,1,0,financial,1,person,4,financial_category
520084,5,503701,31536000,16249.6,,,,,,,q1_graph3,2026-01-01 00:00:00,2026-01-01,1,1,1,0,financial,1,person,4,financial_category
520084,5,644226,31536000,2347.91,,,,,,,q1_graph3,2026-01-01 00:00:00,2026-01-01,1,1,1,0,financial,1,person,4,financial_category
520084,5,632961,31536000,2580.06,,,,,,,q1_graph3,2026-01-01 00:00:00,2026-01-01,1,1,1,0,financial,1,person,4,financial_category
520084,5,473173,31536000,530.03,,,,,,,q1_graph3,2026-01-01 00:00:00,2026-01-01,1,1,1,0,financial,1,person,4,financial_category
520084,5,620120,31536000,20358.5,,,,,,,q1_graph3,2026-01-01 00:00:00,2026-01-01,1,1,1,0,financial,1,person,4,financial_category
520084,5,575030,31536000,30415.8,,,,,,,q1_graph3,2026-01-01 00:00:00,2026-01-01,1,1,1,0,financial,1,person,4,financial_category
529433,5,640784,31536000,3538.33,,,,,,,q1_graph3,2026-01-01 00:00:00,2026-01-01,1,1,1,0,financial,1,person,4,financial_category
529433,5,630626,31536000,13854.7,,,,,,,q1_graph3,2026-01-01 00:00:00,2026-01-01,1,1,1,0,financial,1,person,4,financial_category
529433,5,536346,31536000,4349.74,,,,,,,q1_graph3,2026-01-01 00:00:00,2026-01-01,1,1,1,0,financial,1,person,4,financial_category
510031,5,529433,31536000,1284.37,,,,,,,q1_graph3,2026-01-01 00:00:00,2026-01-01,1,1,1,0,financial,4,financial_category,1,person
529433,5,520660,31536000,10862.7,,,,,,,q1_graph3,2026-01-01 00:00:00,2026-01-01,1,1,1,0,financial,1,person,4,financial_category
552988,5,529433,31536000,121408.0,,,,,,,q1_graph3,2026-01-01 00:00:00,2026-01-01,1,1,1,0,financial,4,financial_category,1,person
529433,5,567195,31536000,6540.34,,,,,,,q1_graph3,2026-01-01 00:00:00,2026-01-01,1,1,1,0,financial,1,person,4,financial_category
529433,5,527449,31536000,1415.99,,,,,,,q1_graph3,2026-01-01 00:00:00,2026-01-01,1,1,1,0,financial,1,person,4,financial_category
529433,5,459381,31536000,1597.54,,,,,,,q1_graph3,2026-01-01 00:00:00,2026-01-01,1,1,1,0,financial,1,person,4,financial_category
529433,5,595298,31536000,1812.17,,,,,,,q1_graph3,2026-01-01 00:00:00,2026-01-01,1,1,1,0,financial,1,person,4,financial_category
529433,5,466907,31536000,2716.27,,,,,,,q1_graph3,2026-01-01 00:00:00,2026-01-01,1,1,1,0,financial,1,person,4,financial_category
529433,5,606730,31536000,3419.82,,,,,,,q1_graph3,2026-01-01 00:00:00,2026-01-01,1,1,1,0,financial,1,person,4,financial_category
529433,5,589943,31536000,3143.13,,,,,,,q1_graph3,2026-01-01 00:00:00,2026-01-01,1,1,1,0,financial,1,person,4,financial_category
529433,5,577992,31536000,8060.6,,,,,,,q1_graph3,2026-01-01 00:00:00,2026-01-01,1,1,1,0,financial,1,person,4,financial_category
529433,5,537281,31536000,460.34,,,,,,,q1_graph3,2026-01-01 00:00:00,2026-01-01,1,1,1,0,financial,1,person,4,financial_category
529433,5,523927,31536000,5167.03,,,,,,,q1_graph3,2026-01-01 00:00:00,2026-01-01,1,1,1,0,financial,1,person,4,financial_category
529433,5,580426,31536000,2514.63,,,,,,,q1_graph3,2026-01-01 00:00:00,2026-01-01,1,1,1,0,financial,1,person,4,financial_category
529433,5,616315,31536000,4385.38,,,,,,,q1_graph3,2026-01-01 00:00:00,2026-01-01,1,1,1,0,financial,1,person,4,financial_category
529433,5,642329,31536000,684.27,,,,,,,q1_graph3,2026-01-01 00:00:00,2026-01-01,1,1,1,0,financial,1,person,4,financial_category
529433,5,503701,31536000,210.5,,,,,,,q1_graph3,2026-01-01 00:00:00,2026-01-01,1,1,1,0,financial,1,person,4,financial_category
529433,5,644226,31536000,2158.6,,,,,,,q1_graph3,2026-01-01 00:00:00,2026-01-01,1,1,1,0,financial,1,person,4,financial_category
529433,5,632961,31536000,1017.67,,,,,,,q1_graph3,2026-01-01 00:00:00,2026-01-01,1,1,1,0,financial,1,person,4,financial_category
529433,5,473173,31536000,6453.51,,,,,,,q1_graph3,2026-01-01 00:00:00,2026-01-01,1,1,1,0,financial,1,person,4,financial_category
529433,5,620120,31536000,13393.6,,,,,,,q1_graph3,2026-01-01 00:00:00,2026-01-01,1,1,1,0,financial,1,person,4,financial_category
529433,5,575030,31536000,15821.9,,,,,,,q1_graph3,2026-01-01 00:00:00,2026-01-01,1,1,1,0,financial,1,person,4,financial_category
529433,5,621924,31536000,6900.2,,,,,,,q1_graph3,2026-01-01 00:00:00,2026-01-01,1,1,1,0,financial,1,person,4,financial_category
493094,5,630626,31536000,10157.6,,,,,,,q1_graph3,2026-01-01 00:00:00,2026-01-01,1,1,1,0,financial,1,person,4,financial_category
552988,5,493094,31536000,79413.8,,,,,,,q1_graph3,2026-01-01 00:00:00,2026-01-01,1,1,1,0,financial,4,financial_category,1,person
493094,5,567195,31536000,6315.32,,,,,,,q1_graph3,2026-01-01 00:00:00,2026-01-01,1,1,1,0,financial,1,person,4,financial_category
493094,5,527449,31536000,1159.64,,,,,,,q1_graph3,2026-01-01 00:00:00,2026-01-01,1,1,1,0,financial,1,person,4,financial_category
493094,5,459381,31536000,1793.02,,,,,,,q1_graph3,2026-01-01 00:00:00,2026-01-01,1,1,1,0,financial,1,person,4,financial_category
493094,5,595298,31536000,2799.86,,,,,,,q1_graph3,2026-01-01 00:00:00,2026-01-01,1,1,1,0,financial,1,person,4,financial_category
493094,5,466907,31536000,1723.73,,,,,,,q1_graph3,2026-01-01 00:00:00,2026-01-01,1,1,1,0,financial,1,person,4,financial_category
493094,5,589943,31536000,4391.21,,,,,,,q1_graph3,2026-01-01 00:00:00,2026-01-01,1,1,1,0,financial,1,person,4,financial_category
493094,5,577992,31536000,78.87,,,,,,,q1_graph3,2026-01-01 00:00:00,2026-01-01,1,1,1,0,financial,1,person,4,financial_category
493094,5,523927,31536000,10214.8,,,,,,,q1_graph3,2026-01-01 00:00:00,2026-01-01,1,1,1,0,financial,1,person,4,financial_category
493094,5,580426,31536000,1173.68,,,,,,,q1_graph3,2026-01-01 00:00:00,2026-01-01,1,1,1,0,financial,1,person,4,financial_category
493094,5,616315,31536000,1631.93,,,,,,,q1_graph3,2026-01-01 00:00:00,2026-01-01,1,1,1,0,financial,1,person,4,financial_category
493094,5,642329,31536000,4803.92,,,,,,,q1_graph3,2026-01-01 00:00:00,2026-01-01,1,1,1,0,financial,1,person,4,financial_category
493094,5,503701,31536000,3163.52,,,,,,,q1_graph3,2026-01-01 00:00:00,2026-01-01,1,1,1,0,financial,1,person,4,financial_category
493094,5,571970,31536000,616.21,,,,,,,q1_graph3,2026-01-01 00:00:00,2026-01-01,1,1,1,0,financial,1,person,4,financial_category
493094,5,473173,31536000,3725.96,,,,,,,q1_graph3,2026-01-01 00:00:00,2026-01-01,1,1,1,0,financial,1,person,4,financial_category
493094,5,620120,31536000,3582.65,,,,,,,q1_graph3,2026-01-01 00:00:00,2026-01-01,1,1,1,0,financial,1,person,4,financial_category
493094,5,621924,31536000,2441.93,,,,,,,q1_graph3,2026-01-01 00:00:00,2026-01-01,1,1,1,0,financial,1,person,4,financial_category
510031,5,604113,31536000,115.29,,,,,,,q1_graph3,2026-01-01 00:00:00,2026-01-01,1,1,1,0,financial,4,financial_category,1,person
552988,5,604113,31536000,2933.47,,,,,,,q1_graph3,2026-01-01 00:00:00,2026-01-01,1,1,1,0,financial,4,financial_category,1,person
604113,5,567195,31536000,102.25,,,,,,,q1_graph3,2026-01-01 00:00:00,2026-01-01,1,1,1,0,financial,1,person,4,financial_category
604113,5,527449,31536000,153.88,,,,,,,q1_graph3,2026-01-01 00:00:00,2026-01-01,1,1,1,0,financial,1,person,4,financial_category
604113,5,459381,31536000,698.03,,,,,,,q1_graph3,2026-01-01 00:00:00,2026-01-01,1,1,1,0,financial,1,person,4,financial_category
604113,5,595298,31536000,926.2,,,,,,,q1_graph3,2026-01-01 00:00:00,2026-01-01,1,1,1,0,financial,1,person,4,financial_category
604113,5,466907,31536000,233.46,,,,,,,q1_graph3,2026-01-01 00:00:00,2026-01-01,1,1,1,0,financial,1,person,4,financial_category
604113,5,537281,31536000,539.3,,,,,,,q1_graph3,2026-01-01 00:00:00,2026-01-01,1,1,1,0,financial,1,person,4,financial_category
604113,5,523927,31536000,323.11,,,,,,,q1_graph3,2026-01-01 00:00:00,2026-01-01,1,1,1,0,financial,1,person,4,financial_category
604113,5,580426,31536000,53.94,,,,,,,q1_graph3,2026-01-01 00:00:00,2026-01-01,1,1,1,0,financial,1,person,4,financial_category
604113,5,616315,31536000,437.88,,,,,,,q1_graph3,2026-01-01 00:00:00,2026-01-01,1,1,1,0,financial,1,person,4,financial_category
604113,5,642329,31536000,402.74,,,,,,,q1_graph3,2026-01-01 00:00:00,2026-01-01,1,1,1,0,financial,1,person,4,financial_category
604113,5,503701,31536000,449.99,,,,,,,q1_graph3,2026-01-01 00:00:00,2026-01-01,1,1,1,0,financial,1,person,4,financial_category
604113,5,632961,31536000,1.53,,,,,,,q1_graph3,2026-01-01 00:00:00,2026-01-01,1,1,1,0,financial,1,person,4,financial_category
604113,5,473173,31536000,435.11,,,,,,,q1_graph3,2026-01-01 00:00:00,2026-01-01,1,1,1,0,financial,1,person,4,financial_category
620120,5,604113,31536000,154.55,,,,,,,q1_graph3,2026-01-01 00:00:00,2026-01-01,1,1,1,0,financial,4,financial_category,1,person
604113,5,621924,31536000,796.54,,,,,,,q1_graph3,2026-01-01 00:00:00,2026-01-01,1,1,1,0,financial,1,person,4,financial_category
510031,5,493652,31536000,735.72,,,,,,,q1_graph3,2026-01-01 00:00:00,2026-01-01,1,1,1,0,financial,4,financial_category,1,person
552988,5,493652,31536000,15445.8,,,,,,,q1_graph3,2026-01-01 00:00:00,2026-01-01,1,1,1,0,financial,4,financial_category,1,person
493652,5,567195,31536000,2055.58,,,,,,,q1_graph3,2026-01-01 00:00:00,2026-01-01,1,1,1,0,financial,1,person,4,financial_category
493652,5,527449,31536000,142.76,,,,,,,q1_graph3,2026-01-01 00:00:00,2026-01-01,1,1,1,0,financial,1,person,4,financial_category
493652,5,459381,31536000,156.76,,,,,,,q1_graph3,2026-01-01 00:00:00,2026-01-01,1,1,1,0,financial,1,person,4,financial_category
493652,5,595298,31536000,1299.03,,,,,,,q1_graph3,2026-01-01 00:00:00,2026-01-01,1,1,1,0,financial,1,person,4,financial_category
493652,5,466907,31536000,336.29,,,,,,,q1_graph3,2026-01-01 00:00:00,2026-01-01,1,1,1,0,financial,1,person,4,financial_category
493652,5,577992,31536000,120.27,,,,,,,q1_graph3,2026-01-01 00:00:00,2026-01-01,1,1,1,0,financial,1,person,4,financial_category
493652,5,537281,31536000,304.65,,,,,,,q1_graph3,2026-01-01 00:00:00,2026-01-01,1,1,1,0,financial,1,person,4,financial_category
493652,5,523927,31536000,1011.58,,,,,,,q1_graph3,2026-01-01 00:00:00,2026-01-01,1,1,1,0,financial,1,person,4,financial_category
493652,5,595581,31536000,214.43,,,,,,,q1_graph3,2026-01-01 00:00:00,2026-01-01,1,1,1,0,financial,1,person,4,financial_category
493652,5,616315,31536000,284.93,,,,,,,q1_graph3,2026-01-01 00:00:00,2026-01-01,1,1,1,0,financial,1,person,4,financial_category
493652,5,642329,31536000,490.95,,,,,,,q1_graph3,2026-01-01 00:00:00,2026-01-01,1,1,1,0,financial,1,person,4,financial_category
493652,5,503701,31536000,1132.0,,,,,,,q1_graph3,2026-01-01 00:00:00,2026-01-01,1,1,1,0,financial,1,person,4,financial_category
493652,5,571970,31536000,38.67,,,,,,,q1_graph3,2026-01-01 00:00:00,2026-01-01,1,1,1,0,financial,1,person,4,financial_category
493652,5,632961,31536000,78.12,,,,,,,q1_graph3,2026-01-01 00:00:00,2026-01-01,1,1,1,0,financial,1,person,4,financial_category
493652,5,473173,31536000,1651.44,,,,,,,q1_graph3,2026-01-01 00:00:00,2026-01-01,1,1,1,0,financial,1,person,4,financial_category
493652,5,620120,31536000,1018.22,,,,,,,q1_graph3,2026-01-01 00:00:00,2026-01-01,1,1,1,0,financial,1,person,4,financial_category
493652,5,575030,31536000,8492.89,,,,,,,q1_graph3,2026-01-01 00:00:00,2026-01-01,1,1,1,0,financial,1,person,4,financial_category
493652,5,621924,31536000,85.67,,,,,,,q1_graph3,2026-01-01 00:00:00,2026-01-01,1,1,1,0,financial,1,person,4,financial_category
510031,5,544074,31536000,173.45,,,,,,,q1_graph3,2026-01-01 00:00:00,2026-01-01,1,1,1,0,financial,4,financial_category,1,person
552988,5,544074,31536000,5639.96,,,,,,,q1_graph3,2026-01-01 00:00:00,2026-01-01,1,1,1,0,financial,4,financial_category,1,person
544074,5,567195,31536000,1003.13,,,,,,,q1_graph3,2026-01-01 00:00:00,2026-01-01,1,1,1,0,financial,1,person,4,financial_category
544074,5,527449,31536000,139.33,,,,,,,q1_graph3,2026-01-01 00:00:00,2026-01-01,1,1,1,0,financial,1,person,4,financial_category
544074,5,459381,31536000,259.1,,,,,,,q1_graph3,2026-01-01 00:00:00,2026-01-01,1,1,1,0,financial,1,person,4,financial_category
544074,5,595298,31536000,370.86,,,,,,,q1_graph3,2026-01-01 00:00:00,2026-01-01,1,1,1,0,financial,1,person,4,financial_category
544074,5,466907,31536000,132.61,,,,,,,q1_graph3,2026-01-01 00:00:00,2026-01-01,1,1,1,0,financial,1,person,4,financial_category
544074,5,589943,31536000,233.7,,,,,,,q1_graph3,2026-01-01 00:00:00,2026-01-01,1,1,1,0,financial,1,person,4,financial_category
544074,5,577992,31536000,73.43,,,,,,,q1_graph3,2026-01-01 00:00:00,2026-01-01,1,1,1,0,financial,1,person,4,financial_category
544074,5,537281,31536000,114.21,,,,,,,q1_graph3,2026-01-01 00:00:00,2026-01-01,1,1,1,0,financial,1,person,4,financial_category
544074,5,523927,31536000,382.88,,,,,,,q1_graph3,2026-01-01 00:00:00,2026-01-01,1,1,1,0,financial,1,person,4,financial_category
544074,5,580426,31536000,18.12,,,,,,,q1_graph3,2026-01-01 00:00:00,2026-01-01,1,1,1,0,financial,1,person,4,financial_category
544074,5,595581,31536000,376.4,,,,,,,q1_graph3,2026-01-01 00:00:00,2026-01-01,1,1,1,0,financial,1,person,4,financial_category
544074,5,616315,31536000,447.16,,,,,,,q1_graph3,2026-01-01 00:00:00,2026-01-01,1,1,1,0,financial,1,person,4,financial_category
544074,5,503701,31536000,567.43,,,,,,,q1_graph3,2026-01-01 00:00:00,2026-01-01,1,1,1,0,financial,1,person,4,financial_category
544074,5,632961,31536000,4.52,,,,,,,q1_graph3,2026-01-01 00:00:00,2026-01-01,1,1,1,0,financial,1,person,4,financial_category
544074,5,473173,31536000,592.22,,,,,,,q1_graph3,2026-01-01 00:00:00,2026-01-01,1,1,1,0,financial,1,person,4,financial_category
544074,5,620120,31536000,243.68,,,,,,,q1_graph3,2026-01-01 00:00:00,2026-01-01,1,1,1,0,financial,1,person,4,financial_category
544074,5,575030,31536000,2345.31,,,,,,,q1_graph3,2026-01-01 00:00:00,2026-01-01,1,1,1,0,financial,1,person,4,financial_category
541619,5,630626,31536000,1088.77,,,,,,,q1_graph3,2026-01-01 00:00:00,2026-01-01,1,1,1,0,financial,1,person,4,financial_category
541619,5,536346,31536000,444.32,,,,,,,q1_graph3,2026-01-01 00:00:00,2026-01-01,1,1,1,0,financial,1,person,4,financial_category
541619,5,520660,31536000,713.5,,,,,,,q1_graph3,2026-01-01 00:00:00,2026-01-01,1,1,1,0,financial,1,person,4,financial_category
552988,5,541619,31536000,4553.79,,,,,,,q1_graph3,2026-01-01 00:00:00,2026-01-01,1,1,1,0,financial,4,financial_category,1,person
541619,5,567195,31536000,26.11,,,,,,,q1_graph3,2026-01-01 00:00:00,2026-01-01,1,1,1,0,financial,1,person,4,financial_category
541619,5,527449,31536000,75.27,,,,,,,q1_graph3,2026-01-01 00:00:00,2026-01-01,1,1,1,0,financial,1,person,4,financial_category
541619,5,459381,31536000,218.46,,,,,,,q1_graph3,2026-01-01 00:00:00,2026-01-01,1,1,1,0,financial,1,person,4,financial_category
541619,5,595298,31536000,208.62,,,,,,,q1_graph3,2026-01-01 00:00:00,2026-01-01,1,1,1,0,financial,1,person,4,financial_category
541619,5,466907,31536000,231.44,,,,,,,q1_graph3,2026-01-01 00:00:00,2026-01-01,1,1,1,0,financial,1,person,4,financial_category
541619,5,589943,31536000,577.37,,,,,,,q1_graph3,2026-01-01 00:00:00,2026-01-01,1,1,1,0,financial,1,person,4,financial_category
541619,5,577992,31536000,16.34,,,,,,,q1_graph3,2026-01-01 00:00:00,2026-01-01,1,1,1,0,financial,1,person,4,financial_category
541619,5,537281,31536000,92.3,,,,,,,q1_graph3,2026-01-01 00:00:00,2026-01-01,1,1,1,0,financial,1,person,4,financial_category
541619,5,523927,31536000,263.52,,,,,,,q1_graph3,2026-01-01 00:00:00,2026-01-01,1,1,1,0,financial,1,person,4,financial_category
541619,5,580426,31536000,125.82,,,,,,,q1_graph3,2026-01-01 00:00:00,2026-01-01,1,1,1,0,financial,1,person,4,financial_category
541619,5,595581,31536000,588.78,,,,,,,q1_graph3,2026-01-01 00:00:00,2026-01-01,1,1,1,0,financial,1,person,4,financial_category
541619,5,616315,31536000,669.26,,,,,,,q1_graph3,2026-01-01 00:00:00,2026-01-01,1,1,1,0,financial,1,person,4,financial_category
541619,5,642329,31536000,21.65,,,,,,,q1_graph3,2026-01-01 00:00:00,2026-01-01,1,1,1,0,financial,1,person,4,financial_category
541619,5,503701,31536000,574.32,,,,,,,q1_graph3,2026-01-01 00:00:00,2026-01-01,1,1,1,0,financial,1,person,4,financial_category
541619,5,571970,31536000,4.93,,,,,,,q1_graph3,2026-01-01 00:00:00,2026-01-01,1,1,1,0,financial,1,person,4,financial_category
541619,5,644226,31536000,146.4,,,,,,,q1_graph3,2026-01-01 00:00:00,2026-01-01,1,1,1,0,financial,1,person,4,financial_category
541619,5,632961,31536000,85.13,,,,,,,q1_graph3,2026-01-01 00:00:00,2026-01-01,1,1,1,0,financial,1,person,4,financial_category
541619,5,473173,31536000,1085.42,,,,,,,q1_graph3,2026-01-01 00:00:00,2026-01-01,1,1,1,0,financial,1,person,4,financial_category
541619,5,620120,31536000,72.99,,,,,,,q1_graph3,2026-01-01 00:00:00,2026-01-01,1,1,1,0,financial,1,person,4,financial_category
541619,5,575030,31536000,2793.29,,,,,,,q1_graph3,2026-01-01 00:00:00,2026-01-01,1,1,1,0,financial,1,person,4,financial_category
541619,5,621924,31536000,283.97,,,,,,,q1_graph3,2026-01-01 00:00:00,2026-01-01,1,1,1,0,financial,1,person,4,financial_category
614761,5,630626,31536000,4471.64,,,,,,,q1_graph3,2026-01-01 00:00:00,2026-01-01,1,1,1,0,financial,1,person,4,financial_category
510031,5,614761,31536000,2505.35,,,,,,,q1_graph3,2026-01-01 00:00:00,2026-01-01,1,1,1,0,financial,4,financial_category,1,person
552988,5,614761,31536000,24662.9,,,,,,,q1_graph3,2026-01-01 00:00:00,2026-01-01,1,1,1,0,financial,4,financial_category,1,person
614761,5,527449,31536000,11.82,,,,,,,q1_graph3,2026-01-01 00:00:00,2026-01-01,1,1,1,0,financial,1,person,4,financial_category
614761,5,459381,31536000,663.33,,,,,,,q1_graph3,2026-01-01 00:00:00,2026-01-01,1,1,1,0,financial,1,person,4,financial_category
614761,5,595298,31536000,1026.74,,,,,,,q1_graph3,2026-01-01 00:00:00,2026-01-01,1,1,1,0,financial,1,person,4,financial_category
614761,5,466907,31536000,584.32,,,,,,,q1_graph3,2026-01-01 00:00:00,2026-01-01,1,1,1,0,financial,1,person,4,financial_category
614761,5,577992,31536000,847.85,,,,,,,q1_graph3,2026-01-01 00:00:00,2026-01-01,1,1,1,0,financial,1,person,4,financial_category
614761,5,537281,31536000,425.54,,,,,,,q1_graph3,2026-01-01 00:00:00,2026-01-01,1,1,1,0,financial,1,person,4,financial_category
614761,5,523927,31536000,3508.3,,,,,,,q1_graph3,2026-01-01 00:00:00,2026-01-01,1,1,1,0,financial,1,person,4,financial_category
614761,5,580426,31536000,17.14,,,,,,,q1_graph3,2026-01-01 00:00:00,2026-01-01,1,1,1,0,financial,1,person,4,financial_category
614761,5,616315,31536000,460.73,,,,,,,q1_graph3,2026-01-01 00:00:00,2026-01-01,1,1,1,0,financial,1,person,4,financial_category
614761,5,642329,31536000,532.11,,,,,,,q1_graph3,2026-01-01 00:00:00,2026-01-01,1,1,1,0,financial,1,person,4,financial_category
614761,5,503701,31536000,1698.46,,,,,,,q1_graph3,2026-01-01 00:00:00,2026-01-01,1,1,1,0,financial,1,person,4,financial_category
614761,5,632961,31536000,489.33,,,,,,,q1_graph3,2026-01-01 00:00:00,2026-01-01,1,1,1,0,financial,1,person,4,financial_category
614761,5,473173,31536000,2501.87,,,,,,,q1_graph3,2026-01-01 00:00:00,2026-01-01,1,1,1,0,financial,1,person,4,financial_category
614761,5,620120,31536000,2556.09,,,,,,,q1_graph3,2026-01-01 00:00:00,2026-01-01,1,1,1,0,financial,1,person,4,financial_category
614761,5,575030,31536000,5740.1,,,,,,,q1_graph3,2026-01-01 00:00:00,2026-01-01,1,1,1,0,financial,1,person,4,financial_category
500813,5,640784,31536000,185.98,,,,,,,q1_graph3,2026-01-01 00:00:00,2026-01-01,1,1,1,0,financial,1,person,4,financial_category
500813,5,630626,31536000,3233.06,,,,,,,q1_graph3,2026-01-01 00:00:00,2026-01-01,1,1,1,0,financial,1,person,4,financial_category
500813,5,536346,31536000,1861.41,,,,,,,q1_graph3,2026-01-01 00:00:00,2026-01-01,1,1,1,0,financial,1,person,4,financial_category
500813,5,520660,31536000,1208.09,,,,,,,q1_graph3,2026-01-01 00:00:00,2026-01-01,1,1,1,0,financial,1,person,4,financial_category
552988,5,500813,31536000,26707.8,,,,,,,q1_graph3,2026-01-01 00:00:00,2026-01-01,1,1,1,0,financial,4,financial_category,1,person
500813,5,567195,31536000,3517.64,,,,,,,q1_graph3,2026-01-01 00:00:00,2026-01-01,1,1,1,0,financial,1,person,4,financial_category
500813,5,527449,31536000,162.65,,,,,,,q1_graph3,2026-01-01 00:00:00,2026-01-01,1,1,1,0,financial,1,person,4,financial_category
500813,5,459381,31536000,340.32,,,,,,,q1_graph3,2026-01-01 00:00:00,2026-01-01,1,1,1,0,financial,1,person,4,financial_category
500813,5,595298,31536000,703.66,,,,,,,q1_graph3,2026-01-01 00:00:00,2026-01-01,1,1,1,0,financial,1,person,4,financial_category
500813,5,466907,31536000,243.26,,,,,,,q1_graph3,2026-01-01 00:00:00,2026-01-01,1,1,1,0,financial,1,person,4,financial_category
500813,5,577992,31536000,2066.72,,,,,,,q1_graph3,2026-01-01 00:00:00,2026-01-01,1,1,1,0,financial,1,person,4,financial_category
500813,5,537281,31536000,635.44,,,,,,,q1_graph3,2026-01-01 00:00:00,2026-01-01,1,1,1,0,financial,1,person,4,financial_category
500813,5,523927,31536000,2511.22,,,,,,,q1_graph3,2026-01-01 00:00:00,2026-01-01,1,1,1,0,financial,1,person,4,financial_category
500813,5,580426,31536000,249.16,,,,,,,q1_graph3,2026-01-01 00:00:00,2026-01-01,1,1,1,0,financial,1,person,4,financial_category
500813,5,616315,31536000,708.12,,,,,,,q1_graph3,2026-01-01 00:00:00,2026-01-01,1,1,1,0,financial,1,person,4,financial_category
500813,5,642329,31536000,1122.43,,,,,,,q1_graph3,2026-01-01 00:00:00,2026-01-01,1,1,1,0,financial,1,person,4,financial_category
500813,5,503701,31536000,1552.37,,,,,,,q1_graph3,2026-01-01 00:00:00,2026-01-01,1,1,1,0,financial,1,person,4,financial_category
500813,5,571970,31536000,161.16,,,,,,,q1_graph3,2026-01-01 00:00:00,2026-01-01,1,1,1,0,financial,1,person,4,financial_category
500813,5,644226,31536000,1241.29,,,,,,,q1_graph3,2026-01-01 00:00:00,2026-01-01,1,1,1,0,financial,1,person,4,financial_category
500813,5,632961,31536000,285.6,,,,,,,q1_graph3,2026-01-01 00:00:00,2026-01-01,1,1,1,0,financial,1,person,4,financial_category
500813,5,473173,31536000,1413.05,,,,,,,q1_graph3,2026-01-01 00:00:00,2026-01-01,1,1,1,0,financial,1,person,4,financial_category
500813,5,620120,31536000,2892.02,,,,,,,q1_graph3,2026-01-01 00:00:00,2026-01-01,1,1,1,0,financial,1,person,4,financial_category
500813,5,575030,31536000,7926.69,,,,,,,q1_graph3,2026-01-01 00:00:00,2026-01-01,1,1,1,0,financial,1,person,4,financial_category
500813,5,621924,31536000,930.98,,,,,,,q1_graph3,2026-01-01 00:00:00,2026-01-01,1,1,1,0,financial,1,person,4,financial_category
636721,2,585417,98586,1398.0,,,,,,,q1_graph4,2025-01-02 03:23:06,2025-01-02,2,1,1,3,sell,1,person,2,product_category
628320,1,557269,186326,1.0,4.0,4.0,0.224078,-163.624,2.40053,-161.288,q1_graph4,2025-01-03 03:45:26,2025-01-03,3,1,1,3,phone,1,person,1,person
546593,1,492850,211842,1.0,0.0,3.0,32.2146,-42.6609,-24.9904,-111.346,q1_graph4,2025-01-03 10:50:42,2025-01-03,3,1,1,10,phone,1,person,1,person
536906,0,569329,925206,1.0,,,,,,,q1_graph4,2025-01-11 17:00:06,2025-01-11,11,2,1,17,email,1,person,1,person
483005,0,655963,1214644,1.0,,,,,,,q1_graph4,2025-01-15 01:24:04,2025-01-15,15,3,1,1,email,1,person,1,person
601496,0,557269,1233608,1.0,,,,,,,q1_graph4,2025-01-15 06:40:08,2025-01-15,15,3,1,6,email,1,person,1,person
580798,6,625756,1296000,5.0,2.0,3.0,-22.0,91.0,-25.0,-111.0,q1_graph4,2025-01-16 00:00:00,2025-01-16,16,3,1,0,travels_to,1,person,5,country
580798,6,625756,1296000,5.0,2.0,3.0,-22.0,91.0,-25.0,-111.0,q1_graph4,2025-01-16 00:00:00,2025-01-16,16,3,1,0,travels_to,1,person,5,country
580798,6,625756,1296000,5.0,2.0,3.0,-22.0,91.0,-25.0,-111.0,q1_graph4,2025-01-16 00:00:00,2025-01-16,16,3,1,0,travels_to,1,person,5,country
580798,6,625756,1296000,5.0,2.0,3.0,-22.0,91.0,-25.0,-111.0,q1_graph4,2025-01-16 00:00:00,2025-01-16,16,3,1,0,travels_to,1,person,5,country
580798,6,625756,1296000,5.0,2.0,3.0,-22.0,91.0,-25.0,-111.0,q1_graph4,2025-01-16 00:00:00,2025-01-16,16,3,1,0,travels_to,1,person,5,country
492850,6,625756,1641600,-1.0,5.0,3.0,22.0,156.0,-25.0,-111.0,q1_graph4,2025-01-20 00:00:00,2025-01-20,20,4,1,0,travels_to,1,person,5,country
492850,6,625756,1641600,-1.0,5.0,3.0,22.0,156.0,-25.0,-111.0,q1_graph4,2025-01-20 00:00:00,2025-01-20,20,4,1,0,travels_to,1,person,5,country
492850,6,625756,1641600,-1.0,5.0,3.0,22.0,156.0,-25.0,-111.0,q1_graph4,2025-01-20 00:00:00,2025-01-20,20,4,1,0,travels_to,1,person,5,country
492850,6,625756,1641600,-1.0,5.0,3.0,22.0,156.0,-25.0,-111.0,q1_graph4,2025-01-20 00:00:00,2025-01-20,20,4,1,0,travels_to,1,person,5,country
492850,6,625756,1641600,-1.0,5.0,3.0,22.0,156.0,-25.0,-111.0,q1_graph4,2025-01-20 00:00:00,2025-01-20,20,4,1,0,travels_to,1,person,5,country
639642,1,639642,1648114,1.0,5.0,5.0,21.5434,154.279,21.5434,154.279,q1_graph4,2025-01-20 01:48:34,2025-01-20,20,4,1,1,phone,1,person,1,person
636721,3,461577,1669171,8.0,,,,,,,q1_graph4,2025-01-20 07:39:31,2025-01-20,20,4,1,7,buy,1,person,2,product_category
636721,3,629826,1775557,230.0,,,,,,,q1_graph4,2025-01-21 13:12:37,2025-01-21,21,4,1,13,buy,1,person,2,product_category
557269,1,544636,1821416,1.0,4.0,3.0,2.40053,-161.288,-23.8755,-111.541,q1_graph4,2025-01-22 01:56:56,2025-01-22,22,4,1,1,phone,1,person,1,person
636721,3,618398,1854984,14.0,,,,,,,q1_graph4,2025-01-22 11:16:24,2025-01-22,22,4,1,11,buy,1,person,2,product_category
579305,1,544636,1993324,1.0,0.0,3.0,39.8886,-41.778,-23.8755,-111.541,q1_graph4,2025-01-24 01:42:04,2025-01-24,24,4,1,1,phone,1,person,1,person
584457,0,639642,2333783,1.0,,,,,,,q1_graph4,2025-01-28 00:16:23,2025-01-28,28,5,1,0,email,1,person,1,person
636721,2,655265,2776828,724.0,,,,,,,q1_graph4,2025-02-02 03:20:28,2025-02-02,33,5,2,3,sell,1,person,2,product_category
636721,3,588802,2852810,596.0,,,,,,,q1_graph4,2025-02-03 00:26:50,2025-02-03,34,6,2,0,buy,1,person,2,product_category
516873,0,483005,2888446,1.0,,,,,,,q1_graph4,2025-02-03 10:20:46,2025-02-03,34,6,2,10,email,1,person,1,person
492850,0,580798,2983830,1.0,,,,,,,q1_graph4,2025-02-04 12:50:30,2025-02-04,35,6,2,12,email,1,person,1,person
636721,3,499177,3136351,1.0,,,,,,,q1_graph4,2025-02-06 07:12:31,2025-02-06,37,6,2,7,buy,1,person,2,product_category
536906,0,584457,3979471,1.0,,,,,,,q1_graph4,2025-02-16 01:24:31,2025-02-16,47,7,2,1,email,1,person,1,person
569329,1,482012,4426243,1.0,0.0,3.0,28.7426,-41.4508,-24.5756,-110.945,q1_graph4,2025-02-21 05:30:43,2025-02-21,52,8,2,5,phone,1,person,1,person
536906,1,492850,4618802,1.0,5.0,3.0,22.429,154.859,-24.9904,-111.346,q1_graph4,2025-02-23 11:00:02,2025-02-23,54,8,2,11,phone,1,person,1,person
544636,0,544636,5097789,1.0,,,,,,,q1_graph4,2025-03-01 00:03:09,2025-03-01,60,9,3,0,email,1,person,1,person
580798,0,482012,5399751,1.0,,,,,,,q1_graph4,2025-03-04 11:55:51,2025-03-04,63,10,3,11,email,1,person,1,person
546593,0,580798,5802122,1.0,,,,,,,q1_graph4,2025-03-09 03:42:02,2025-03-09,68,10,3,3,email,1,person,1,person
536906,0,541907,5962332,1.0,,,,,,,q1_graph4,2025-03-11 00:12:12,2025-03-11,70,11,3,0,email,1,person,1,person
464579,0,611572,6753983,1.0,,,,,,,q1_graph4,2025-03-20 04:06:23,2025-03-20,79,12,3,4,email,1,person,1,person
584457,0,601496,6765740,1.0,,,,,,,q1_graph4,2025-03-20 07:22:20,2025-03-20,79,12,3,7,email,1,person,1,person
546593,1,588172,6834265,1.0,0.0,4.0,32.2146,-42.6609,3.00486,-159.23,q1_graph4,2025-03-21 02:24:25,2025-03-21,80,12,3,2,phone,1,person,1,person
584457,0,639642,6834450,1.0,,,,,,,q1_graph4,2025-03-21 02:27:30,2025-03-21,80,12,3,2,email,1,person,1,person
579305,1,639642,6849146,1.0,0.0,5.0,39.8886,-41.778,21.5434,154.279,q1_graph4,2025-03-21 06:32:26,2025-03-21,80,12,3,6,phone,1,person,1,person
569329,6,561157,6912000,-1.0,0.0,0.0,33.0,-41.0,33.0,-41.0,q1_graph4,2025-03-22 00:00:00,2025-03-22,81,12,3,0,travels_to,1,person,5,country
569329,6,561157,6912000,-1.0,0.0,0.0,33.0,-41.0,33.0,-41.0,q1_graph4,2025-03-22 00:00:00,2025-03-22,81,12,3,0,travels_to,1,person,5,country
569329,6,561157,6912000,-1.0,0.0,0.0,33.0,-41.0,33.0,-41.0,q1_graph4,2025-03-22 00:00:00,2025-03-22,81,12,3,0,travels_to,1,person,5,country
569329,6,561157,6912000,-1.0,0.0,0.0,33.0,-41.0,33.0,-41.0,q1_graph4,2025-03-22 00:00:00,2025-03-22,81,12,3,0,travels_to,1,person,5,country
569329,6,561157,6912000,-1.0,0.0,0.0,33.0,-41.0,33.0,-41.0,q1_graph4,2025-03-22 00:00:00,2025-03-22,81,12,3,0,travels_to,1,person,5,country
636721,0,546593,7373660,1.0,,,,,,,q1_graph4,2025-03-27 08:14:20,2025-03-27,86,13,3,8,email,1,person,1,person
536906,1,516873,7396962,1.0,5.0,2.0,22.429,154.859,-22.066,93.129,q1_graph4,2025-03-27 14:42:42,2025-03-27,86,13,3,14,phone,1,person,1,person
536906,0,585606,8143055,1.0,,,,,,,q1_graph4,2025-04-05 05:57:35,2025-04-05,95,14,4,5,email,1,person,1,person
579305,0,584457,8577969,1.0,,,,,,,q1_graph4,2025-04-10 06:46:09,2025-04-10,100,15,4,6,email,1,person,1,person
580798,6,509607,8640000,1.0,2.0,4.0,-22.0,91.0,1.0,-165.0,q1_graph4,2025-04-11 00:00:00,2025-04-11,101,15,4,0,travels_to,1,person,5,country
580798,6,509607,8640000,1.0,2.0,4.0,-22.0,91.0,1.0,-165.0,q1_graph4,2025-04-11 00:00:00,2025-04-11,101,15,4,0,travels_to,1,person,5,country
580798,6,509607,8640000,1.0,2.0,4.0,-22.0,91.0,1.0,-165.0,q1_graph4,2025-04-11 00:00:00,2025-04-11,101,15,4,0,travels_to,1,person,5,country
580798,6,509607,8640000,1.0,2.0,4.0,-22.0,91.0,1.0,-165.0,q1_graph4,2025-04-11 00:00:00,2025-04-11,101,15,4,0,travels_to,1,person,5,country
580798,6,509607,8640000,1.0,2.0,4.0,-22.0,91.0,1.0,-165.0,q1_graph4,2025-04-11 00:00:00,2025-04-11,101,15,4,0,travels_to,1,person,5,country
464579,1,580237,8830805,1.0,0.0,1.0,33.7833,-45.4927,-32.7065,-10.3259,q1_graph4,2025-04-13 05:00:05,2025-04-13,103,15,4,5,phone,1,person,1,person
482012,6,561157,8985600,3.0,5.0,0.0,22.0,156.0,33.0,-41.0,q1_graph4,2025-04-15 00:00:00,2025-04-15,105,16,4,0,travels_to,1,person,5,country
482012,6,561157,8985600,3.0,5.0,0.0,22.0,156.0,33.0,-41.0,q1_graph4,2025-04-15 00:00:00,2025-04-15,105,16,4,0,travels_to,1,person,5,country
482012,6,561157,8985600,3.0,5.0,0.0,22.0,156.0,33.0,-41.0,q1_graph4,2025-04-15 00:00:00,2025-04-15,105,16,4,0,travels_to,1,person,5,country
482012,6,561157,8985600,3.0,5.0,0.0,22.0,156.0,33.0,-41.0,q1_graph4,2025-04-15 00:00:00,2025-04-15,105,16,4,0,travels_to,1,person,5,country
482012,6,561157,8985600,3.0,5.0,0.0,22.0,156.0,33.0,-41.0,q1_graph4,2025-04-15 00:00:00,2025-04-15,105,16,4,0,travels_to,1,person,5,country
566580,0,584457,8989733,1.0,,,,,,,q1_graph4,2025-04-15 01:08:53,2025-04-15,105,16,4,1,email,1,person,1,person
492850,6,625756,9504000,-1.0,0.0,3.0,33.0,-41.0,-25.0,-111.0,q1_graph4,2025-04-21 00:00:00,2025-04-21,111,17,4,0,travels_to,1,person,5,country
492850,6,625756,9504000,-1.0,0.0,3.0,33.0,-41.0,-25.0,-111.0,q1_graph4,2025-04-21 00:00:00,2025-04-21,111,17,4,0,travels_to,1,person,5,country
492850,6,625756,9504000,-1.0,0.0,3.0,33.0,-41.0,-25.0,-111.0,q1_graph4,2025-04-21 00:00:00,2025-04-21,111,17,4,0,travels_to,1,person,5,country
492850,6,625756,9504000,-1.0,0.0,3.0,33.0,-41.0,-25.0,-111.0,q1_graph4,2025-04-21 00:00:00,2025-04-21,111,17,4,0,travels_to,1,person,5,country
492850,6,625756,9504000,-1.0,0.0,3.0,33.0,-41.0,-25.0,-111.0,q1_graph4,2025-04-21 00:00:00,2025-04-21,111,17,4,0,travels_to,1,person,5,country
557269,0,639642,9592069,1.0,,,,,,,q1_graph4,2025-04-22 00:27:49,2025-04-22,112,17,4,0,email,1,person,1,person
636721,3,482579,9689338,24.0,,,,,,,q1_graph4,2025-04-23 03:28:58,2025-04-23,113,17,4,3,buy,1,person,2,product_category
657526,1,536906,9720039,1.0,1.0,5.0,-25.7329,-14.9697,22.429,154.859,q1_graph4,2025-04-23 12:00:39,2025-04-23,113,17,4,12,phone,1,person,1,person
636721,2,655265,10115448,2.0,,,,,,,q1_graph4,2025-04-28 01:50:48,2025-04-28,118,18,4,1,sell,1,person,2,product_category
536906,1,579305,10144850,1.0,5.0,0.0,22.429,154.859,39.8886,-41.778,q1_graph4,2025-04-28 10:00:50,2025-04-28,118,18,4,10,phone,1,person,1,person
482012,6,509607,10454400,3.0,3.0,4.0,-25.0,-111.0,1.0,-165.0,q1_graph4,2025-05-02 00:00:00,2025-05-02,122,18,5,0,travels_to,1,person,5,country
482012,6,509607,10454400,3.0,3.0,4.0,-25.0,-111.0,1.0,-165.0,q1_graph4,2025-05-02 00:00:00,2025-05-02,122,18,5,0,travels_to,1,person,5,country
482012,6,509607,10454400,3.0,3.0,4.0,-25.0,-111.0,1.0,-165.0,q1_graph4,2025-05-02 00:00:00,2025-05-02,122,18,5,0,travels_to,1,person,5,country
482012,6,509607,10454400,3.0,3.0,4.0,-25.0,-111.0,1.0,-165.0,q1_graph4,2025-05-02 00:00:00,2025-05-02,122,18,5,0,travels_to,1,person,5,country
482012,6,509607,10454400,3.0,3.0,4.0,-25.0,-111.0,1.0,-165.0,q1_graph4,2025-05-02 00:00:00,2025-05-02,122,18,5,0,travels_to,1,person,5,country
636721,2,655265,10807225,1312.0,,,,,,,q1_graph4,2025-05-06 02:00:25,2025-05-06,126,19,5,2,sell,1,person,2,product_category
536906,1,628320,10813210,1.0,5.0,4.0,22.429,154.859,0.224078,-163.624,q1_graph4,2025-05-06 03:40:10,2025-05-06,126,19,5,3,phone,1,person,1,person
536906,0,571369,10822678,1.0,,,,,,,q1_graph4,2025-05-06 06:17:58,2025-05-06,126,19,5,6,email,1,person,1,person
544636,1,557269,10844499,1.0,3.0,4.0,-23.8755,-111.541,2.40053,-161.288,q1_graph4,2025-05-06 12:21:39,2025-05-06,126,19,5,12,phone,1,person,1,person
464579,1,579305,10899026,1.0,0.0,0.0,33.7833,-45.4927,39.8886,-41.778,q1_graph4,2025-05-07 03:30:26,2025-05-07,127,19,5,3,phone,1,person,1,person
557269,1,544636,11156529,1.0,4.0,3.0,2.40053,-161.288,-23.8755,-111.541,q1_graph4,2025-05-10 03:02:09,2025-05-10,130,19,5,3,phone,1,person,1,person
482012,6,625756,11232000,-1.0,2.0,3.0,-22.0,91.0,-25.0,-111.0,q1_graph4,2025-05-11 00:00:00,2025-05-11,131,19,5,0,travels_to,1,person,5,country
482012,6,625756,11232000,-1.0,2.0,3.0,-22.0,91.0,-25.0,-111.0,q1_graph4,2025-05-11 00:00:00,2025-05-11,131,19,5,0,travels_to,1,person,5,country
482012,6,625756,11232000,-1.0,2.0,3.0,-22.0,91.0,-25.0,-111.0,q1_graph4,2025-05-11 00:00:00,2025-05-11,131,19,5,0,travels_to,1,person,5,country
482012,6,625756,11232000,-1.0,2.0,3.0,-22.0,91.0,-25.0,-111.0,q1_graph4,2025-05-11 00:00:00,2025-05-11,131,19,5,0,travels_to,1,person,5,country
482012,6,625756,11232000,-1.0,2.0,3.0,-22.0,91.0,-25.0,-111.0,q1_graph4,2025-05-11 00:00:00,2025-05-11,131,19,5,0,travels_to,1,person,5,country
636721,3,638734,11233222,191.0,,,,,,,q1_graph4,2025-05-11 00:20:22,2025-05-11,131,19,5,0,buy,1,person,2,product_category
464579,0,596726,11410310,1.0,,,,,,,q1_graph4,2025-05-13 01:31:50,2025-05-13,133,20,5,1,email,1,person,1,person
464579,1,537816,11928506,1.0,0.0,3.0,33.7833,-45.4927,-25.1781,-110.144,q1_graph4,2025-05-19 01:28:26,2025-05-19,139,21,5,1,phone,1,person,1,person
544636,1,579305,12131001,1.0,3.0,0.0,-23.8755,-111.541,39.8886,-41.778,q1_graph4,2025-05-21 09:43:21,2025-05-21,141,21,5,9,phone,1,person,1,person
588172,1,569329,12196958,1.0,4.0,0.0,3.00486,-159.23,28.7426,-41.4508,q1_graph4,2025-05-22 04:02:38,2025-05-22,142,21,5,4,phone,1,person,1,person
636721,3,557626,12293584,134.0,,,,,,,q1_graph4,2025-05-23 06:53:04,2025-05-23,143,21,5,6,buy,1,person,2,product_category
536906,1,655963,12538827,1.0,5.0,0.0,22.429,154.859,29.4162,-45.8675,q1_graph4,2025-05-26 03:00:27,2025-05-26,146,22,5,3,phone,1,person,1,person
569329,6,657173,12614400,1.0,0.0,1.0,33.0,-41.0,-29.0,-13.0,q1_graph4,2025-05-27 00:00:00,2025-05-27,147,22,5,0,travels_to,1,person,5,country
569329,6,657173,12614400,1.0,0.0,1.0,33.0,-41.0,-29.0,-13.0,q1_graph4,2025-05-27 00:00:00,2025-05-27,147,22,5,0,travels_to,1,person,5,country
569329,6,657173,12614400,1.0,0.0,1.0,33.0,-41.0,-29.0,-13.0,q1_graph4,2025-05-27 00:00:00,2025-05-27,147,22,5,0,travels_to,1,person,5,country
569329,6,657173,12614400,1.0,0.0,1.0,33.0,-41.0,-29.0,-13.0,q1_graph4,2025-05-27 00:00:00,2025-05-27,147,22,5,0,travels_to,1,person,5,country
569329,6,657173,12614400,1.0,0.0,1.0,33.0,-41.0,-29.0,-13.0,q1_graph4,2025-05-27 00:00:00,2025-05-27,147,22,5,0,travels_to,1,person,5,country
628320,1,584457,12672587,1.0,4.0,3.0,0.224078,-163.624,-24.475,-111.147,q1_graph4,2025-05-27 16:09:47,2025-05-27,147,22,5,16,phone,1,person,1,person
546593,0,657526,12700843,1.0,,,,,,,q1_graph4,2025-05-28 00:00:43,2025-05-28,148,22,5,0,email,1,person,1,person
636721,0,464579,12996152,1.0,,,,,,,q1_graph4,2025-05-31 10:02:32,2025-05-31,151,22,5,10,email,1,person,1,person
588172,1,482012,13309424,1.0,4.0,3.0,3.00486,-159.23,-24.5756,-110.945,q1_graph4,2025-06-04 01:03:44,2025-06-04,155,23,6,1,phone,1,person,1,person
639642,0,557269,13333142,1.0,,,,,,,q1_graph4,2025-06-04 07:39:02,2025-06-04,155,23,6,7,email,1,person,1,person
464579,1,558089,13764174,1.0,0.0,3.0,33.7833,-45.4927,-24.0376,-110.73,q1_graph4,2025-06-09 07:22:54,2025-06-09,160,24,6,7,phone,1,person,1,person
639642,0,557269,13924472,1.0,,,,,,,q1_graph4,2025-06-11 03:54:32,2025-06-11,162,24,6,3,email,1,person,1,person
569329,6,561157,14169600,-1.0,4.0,0.0,1.0,-165.0,33.0,-41.0,q1_graph4,2025-06-14 00:00:00,2025-06-14,165,24,6,0,travels_to,1,person,5,country
569329,6,561157,14169600,-1.0,4.0,0.0,1.0,-165.0,33.0,-41.0,q1_graph4,2025-06-14 00:00:00,2025-06-14,165,24,6,0,travels_to,1,person,5,country
569329,6,561157,14169600,-1.0,4.0,0.0,1.0,-165.0,33.0,-41.0,q1_graph4,2025-06-14 00:00:00,2025-06-14,165,24,6,0,travels_to,1,person,5,country
569329,6,561157,14169600,-1.0,4.0,0.0,1.0,-165.0,33.0,-41.0,q1_graph4,2025-06-14 00:00:00,2025-06-14,165,24,6,0,travels_to,1,person,5,country
569329,6,561157,14169600,-1.0,4.0,0.0,1.0,-165.0,33.0,-41.0,q1_graph4,2025-06-14 00:00:00,2025-06-14,165,24,6,0,travels_to,1,person,5,country
464579,0,459726,14434570,1.0,,,,,,,q1_graph4,2025-06-17 01:36:10,2025-06-17,168,25,6,1,email,1,person,1,person
585606,1,544636,14637506,1.0,3.0,3.0,-25.2324,-110.18,-23.8755,-111.541,q1_graph4,2025-06-19 09:58:26,2025-06-19,170,25,6,9,phone,1,person,1,person
580798,6,499467,14774400,-1.0,1.0,2.0,-29.0,-13.0,-22.0,91.0,q1_graph4,2025-06-21 00:00:00,2025-06-21,172,25,6,0,travels_to,1,person,5,country
580798,6,499467,14774400,-1.0,1.0,2.0,-29.0,-13.0,-22.0,91.0,q1_graph4,2025-06-21 00:00:00,2025-06-21,172,25,6,0,travels_to,1,person,5,country
580798,6,499467,14774400,-1.0,1.0,2.0,-29.0,-13.0,-22.0,91.0,q1_graph4,2025-06-21 00:00:00,2025-06-21,172,25,6,0,travels_to,1,person,5,country
580798,6,499467,14774400,-1.0,1.0,2.0,-29.0,-13.0,-22.0,91.0,q1_graph4,2025-06-21 00:00:00,2025-06-21,172,25,6,0,travels_to,1,person,5,country
580798,6,499467,14774400,-1.0,1.0,2.0,-29.0,-13.0,-22.0,91.0,q1_graph4,2025-06-21 00:00:00,2025-06-21,172,25,6,0,travels_to,1,person,5,country
636721,1,580798,15145416,1.0,1.0,2.0,-29.6764,-11.6307,-21.1545,88.0749,q1_graph4,2025-06-25 07:03:36,2025-06-25,176,26,6,7,phone,1,person,1,person
464579,6,625756,15206400,5.0,0.0,3.0,33.0,-41.0,-25.0,-111.0,q1_graph4,2025-06-26 00:00:00,2025-06-26,177,26,6,0,travels_to,1,person,5,country
464579,6,625756,15206400,5.0,0.0,3.0,33.0,-41.0,-25.0,-111.0,q1_graph4,2025-06-26 00:00:00,2025-06-26,177,26,6,0,travels_to,1,person,5,country
464579,6,625756,15206400,5.0,0.0,3.0,33.0,-41.0,-25.0,-111.0,q1_graph4,2025-06-26 00:00:00,2025-06-26,177,26,6,0,travels_to,1,person,5,country
464579,6,625756,15206400,5.0,0.0,3.0,33.0,-41.0,-25.0,-111.0,q1_graph4,2025-06-26 00:00:00,2025-06-26,177,26,6,0,travels_to,1,person,5,country
464579,6,625756,15206400,5.0,0.0,3.0,33.0,-41.0,-25.0,-111.0,q1_graph4,2025-06-26 00:00:00,2025-06-26,177,26,6,0,travels_to,1,person,5,country
464579,1,578749,15433302,1.0,0.0,1.0,33.7833,-45.4927,-35.6034,-11.7988,q1_graph4,2025-06-28 15:01:42,2025-06-28,179,26,6,15,phone,1,person,1,person
639642,0,557269,15489015,1.0,,,,,,,q1_graph4,2025-06-29 06:30:15,2025-06-29,180,26,6,6,email,1,person,1,person
569329,6,561157,15897600,-1.0,3.0,0.0,-25.0,-111.0,33.0,-41.0,q1_graph4,2025-07-04 00:00:00,2025-07-04,185,27,7,0,travels_to,1,person,5,country
569329,6,561157,15897600,-1.0,3.0,0.0,-25.0,-111.0,33.0,-41.0,q1_graph4,2025-07-04 00:00:00,2025-07-04,185,27,7,0,travels_to,1,person,5,country
569329,6,561157,15897600,-1.0,3.0,0.0,-25.0,-111.0,33.0,-41.0,q1_graph4,2025-07-04 00:00:00,2025-07-04,185,27,7,0,travels_to,1,person,5,country
569329,6,561157,15897600,-1.0,3.0,0.0,-25.0,-111.0,33.0,-41.0,q1_graph4,2025-07-04 00:00:00,2025-07-04,185,27,7,0,travels_to,1,person,5,country
569329,6,561157,15897600,-1.0,3.0,0.0,-25.0,-111.0,33.0,-41.0,q1_graph4,2025-07-04 00:00:00,2025-07-04,185,27,7,0,travels_to,1,person,5,country
636721,3,492039,16031937,1.0,,,,,,,q1_graph4,2025-07-05 13:18:57,2025-07-05,186,27,7,13,buy,1,person,2,product_category
536906,1,601496,16050163,1.0,5.0,3.0,22.429,154.859,-24.9297,-111.014,q1_graph4,2025-07-05 18:22:43,2025-07-05,186,27,7,18,phone,1,person,1,person
536906,0,483005,16175332,1.0,,,,,,,q1_graph4,2025-07-07 05:08:52,2025-07-07,188,28,7,5,email,1,person,1,person
579305,1,601496,16449641,1.0,0.0,3.0,39.8886,-41.778,-24.9297,-111.014,q1_graph4,2025-07-10 09:20:41,2025-07-10,191,28,7,9,phone,1,person,1,person
557269,1,655963,16775149,1.0,4.0,0.0,2.40053,-161.288,29.4162,-45.8675,q1_graph4,2025-07-14 03:45:49,2025-07-14,195,29,7,3,phone,1,person,1,person
557269,0,601496,16848023,1.0,,,,,,,q1_graph4,2025-07-15 00:00:23,2025-07-15,196,29,7,0,email,1,person,1,person
655963,0,579305,17214748,1.0,,,,,,,q1_graph4,2025-07-19 05:52:28,2025-07-19,200,29,7,5,email,1,person,1,person
636721,0,492850,17810319,1.0,,,,,,,q1_graph4,2025-07-26 03:18:39,2025-07-26,207,30,7,3,email,1,person,1,person
464579,1,571670,17895063,1.0,0.0,4.0,33.7833,-45.4927,5.33031,-168.957,q1_graph4,2025-07-27 02:51:03,2025-07-27,208,30,7,2,phone,1,person,1,person
655963,1,579305,18096375,1.0,0.0,0.0,29.4162,-45.8675,39.8886,-41.778,q1_graph4,2025-07-29 10:46:15,2025-07-29,210,31,7,10,phone,1,person,1,person
482012,6,616453,18230400,2.0,3.0,5.0,-25.0,-111.0,22.0,156.0,q1_graph4,2025-07-31 00:00:00,2025-07-31,212,31,7,0,travels_to,1,person,5,country
482012,6,616453,18230400,2.0,3.0,5.0,-25.0,-111.0,22.0,156.0,q1_graph4,2025-07-31 00:00:00,2025-07-31,212,31,7,0,travels_to,1,person,5,country
482012,6,616453,18230400,2.0,3.0,5.0,-25.0,-111.0,22.0,156.0,q1_graph4,2025-07-31 00:00:00,2025-07-31,212,31,7,0,travels_to,1,person,5,country
482012,6,616453,18230400,2.0,3.0,5.0,-25.0,-111.0,22.0,156.0,q1_graph4,2025-07-31 00:00:00,2025-07-31,212,31,7,0,travels_to,1,person,5,country
482012,6,616453,18230400,2.0,3.0,5.0,-25.0,-111.0,22.0,156.0,q1_graph4,2025-07-31 00:00:00,2025-07-31,212,31,7,0,travels_to,1,person,5,country
579305,0,584457,18419436,1.0,,,,,,,q1_graph4,2025-08-02 04:30:36,2025-08-02,214,31,8,4,email,1,person,1,person
584457,1,579305,18451117,1.0,3.0,0.0,-24.475,-111.147,39.8886,-41.778,q1_graph4,2025-08-02 13:18:37,2025-08-02,214,31,8,13,phone,1,person,1,person
569329,6,509607,18489600,4.0,0.0,4.0,33.0,-41.0,1.0,-165.0,q1_graph4,2025-08-03 00:00:00,2025-08-03,215,31,8,0,travels_to,1,person,5,country
569329,6,509607,18489600,4.0,0.0,4.0,33.0,-41.0,1.0,-165.0,q1_graph4,2025-08-03 00:00:00,2025-08-03,215,31,8,0,travels_to,1,person,5,country
569329,6,509607,18489600,4.0,0.0,4.0,33.0,-41.0,1.0,-165.0,q1_graph4,2025-08-03 00:00:00,2025-08-03,215,31,8,0,travels_to,1,person,5,country
569329,6,509607,18489600,4.0,0.0,4.0,33.0,-41.0,1.0,-165.0,q1_graph4,2025-08-03 00:00:00,2025-08-03,215,31,8,0,travels_to,1,person,5,country
569329,6,509607,18489600,4.0,0.0,4.0,33.0,-41.0,1.0,-165.0,q1_graph4,2025-08-03 00:00:00,2025-08-03,215,31,8,0,travels_to,1,person,5,country
655963,1,601496,18505443,1.0,0.0,3.0,29.4162,-45.8675,-24.9297,-111.014,q1_graph4,2025-08-03 04:24:03,2025-08-03,215,31,8,4,phone,1,person,1,person
536906,1,639642,18780504,1.0,5.0,5.0,22.429,154.859,21.5434,154.279,q1_graph4,2025-08-06 08:48:24,2025-08-06,218,32,8,8,phone,1,person,1,person
492850,0,464579,19217486,1.0,,,,,,,q1_graph4,2025-08-11 10:11:26,2025-08-11,223,33,8,10,email,1,person,1,person
579305,1,639642,19337771,1.0,0.0,5.0,39.8886,-41.778,21.5434,154.279,q1_graph4,2025-08-12 19:36:11,2025-08-12,224,33,8,19,phone,1,person,1,person
541907,0,628320,19810824,1.0,,,,,,,q1_graph4,2025-08-18 07:00:24,2025-08-18,230,34,8,7,email,1,person,1,person
636721,3,588802,20247857,62.0,,,,,,,q1_graph4,2025-08-23 08:24:17,2025-08-23,235,34,8,8,buy,1,person,2,product_category
464579,0,588172,20483291,1.0,,,,,,,q1_graph4,2025-08-26 01:48:11,2025-08-26,238,35,8,1,email,1,person,1,person
585606,0,516873,20737235,1.0,,,,,,,q1_graph4,2025-08-29 00:20:35,2025-08-29,241,35,8,0,email,1,person,1,person
655963,1,655963,20926012,1.0,0.0,0.0,29.4162,-45.8675,29.4162,-45.8675,q1_graph4,2025-08-31 04:46:52,2025-08-31,243,35,8,4,phone,1,person,1,person
492850,1,569329,21377528,1.0,3.0,0.0,-24.9904,-111.346,28.7426,-41.4508,q1_graph4,2025-09-05 10:12:08,2025-09-05,248,36,9,10,phone,1,person,1,person
464579,1,500336,21428024,1.0,0.0,5.0,33.7833,-45.4927,20.7839,156.256,q1_graph4,2025-09-06 00:13:44,2025-09-06,249,36,9,0,phone,1,person,1,person
580798,0,588172,22137620,1.0,,,,,,,q1_graph4,2025-09-14 05:20:20,2025-09-14,257,37,9,5,email,1,person,1,person
536906,1,566580,22206280,1.0,5.0,3.0,22.429,154.859,-24.0661,-111.936,q1_graph4,2025-09-15 00:24:40,2025-09-15,258,38,9,0,phone,1,person,1,person
569329,0,588172,22225957,1.0,,,,,,,q1_graph4,2025-09-15 05:52:37,2025-09-15,258,38,9,5,email,1,person,1,person
569329,0,636721,22325784,1.0,,,,,,,q1_graph4,2025-09-16 09:36:24,2025-09-16,259,38,9,9,email,1,person,1,person
482012,1,492850,22474096,1.0,3.0,3.0,-24.5756,-110.945,-24.9904,-111.346,q1_graph4,2025-09-18 02:48:16,2025-09-18,261,38,9,2,phone,1,person,1,person
544636,1,579305,22922666,1.0,3.0,0.0,-23.8755,-111.541,39.8886,-41.778,q1_graph4,2025-09-23 07:24:26,2025-09-23,266,39,9,7,phone,1,person,1,person
636721,3,605235,23173937,1.0,,,,,,,q1_graph4,2025-09-26 05:12:17,2025-09-26,269,39,9,5,buy,1,person,2,product_category
464579,0,623468,24036025,1.0,,,,,,,q1_graph4,2025-10-06 04:40:25,2025-10-06,279,41,10,4,email,1,person,1,person
588172,0,636721,24118217,1.0,,,,,,,q1_graph4,2025-10-07 03:30:17,2025-10-07,280,41,10,3,email,1,person,1,person
536906,1,477374,24135034,1.0,5.0,5.0,22.429,154.859,20.1005,154.004,q1_graph4,2025-10-07 08:10:34,2025-10-07,280,41,10,8,phone,1,person,1,person
579305,0,639642,24195600,1.0,,,,,,,q1_graph4,2025-10-08 01:00:00,2025-10-08,281,41,10,1,email,1,person,1,person
483005,1,579305,24206542,1.0,5.0,0.0,19.1386,155.099,39.8886,-41.778,q1_graph4,2025-10-08 04:02:22,2025-10-08,281,41,10,4,phone,1,person,1,person
483005,1,579305,24255941,1.0,5.0,0.0,19.1386,155.099,39.8886,-41.778,q1_graph4,2025-10-08 17:45:41,2025-10-08,281,41,10,17,phone,1,person,1,person
588172,1,464579,24926025,1.0,4.0,0.0,3.00486,-159.23,33.7833,-45.4927,q1_graph4,2025-10-16 11:53:45,2025-10-16,289,42,10,11,phone,1,person,1,person
636721,1,536906,25235524,1.0,1.0,5.0,-29.6764,-11.6307,22.429,154.859,q1_graph4,2025-10-20 01:52:04,2025-10-20,293,43,10,1,phone,1,person,1,person
639642,0,639642,25753347,1.0,,,,,,,q1_graph4,2025-10-26 01:42:27,2025-10-26,299,43,10,1,email,1,person,1,person
492850,1,588172,25926522,1.0,3.0,4.0,-24.9904,-111.346,3.00486,-159.23,q1_graph4,2025-10-28 01:48:42,2025-10-28,301,44,10,1,phone,1,person,1,person
492850,1,588172,25945503,1.0,3.0,4.0,-24.9904,-111.346,3.00486,-159.23,q1_graph4,2025-10-28 07:05:03,2025-10-28,301,44,10,7,phone,1,person,1,person
464579,1,611238,26271897,1.0,0.0,1.0,33.7833,-45.4927,-27.0582,-10.3526,q1_graph4,2025-11-01 01:44:57,2025-11-01,305,44,11,1,phone,1,person,1,person
636721,3,590595,26476581,277.0,,,,,,,q1_graph4,2025-11-03 10:36:21,2025-11-03,307,45,11,10,buy,1,person,2,product_category
464579,0,536906,26706183,1.0,,,,,,,q1_graph4,2025-11-06 02:23:03,2025-11-06,310,45,11,2,email,1,person,1,person
557269,1,639642,26912434,1.0,4.0,5.0,2.40053,-161.288,21.5434,154.279,q1_graph4,2025-11-08 11:40:34,2025-11-08,312,45,11,11,phone,1,person,1,person
536906,1,544636,26977263,1.0,5.0,3.0,22.429,154.859,-23.8755,-111.541,q1_graph4,2025-11-09 05:41:03,2025-11-09,313,45,11,5,phone,1,person,1,person
492850,6,616453,27129600,4.0,3.0,5.0,-25.0,-111.0,22.0,156.0,q1_graph4,2025-11-11 00:00:00,2025-11-11,315,46,11,0,travels_to,1,person,5,country
492850,6,616453,27129600,4.0,3.0,5.0,-25.0,-111.0,22.0,156.0,q1_graph4,2025-11-11 00:00:00,2025-11-11,315,46,11,0,travels_to,1,person,5,country
492850,6,616453,27129600,4.0,3.0,5.0,-25.0,-111.0,22.0,156.0,q1_graph4,2025-11-11 00:00:00,2025-11-11,315,46,11,0,travels_to,1,person,5,country
492850,6,616453,27129600,4.0,3.0,5.0,-25.0,-111.0,22.0,156.0,q1_graph4,2025-11-11 00:00:00,2025-11-11,315,46,11,0,travels_to,1,person,5,country
492850,6,616453,27129600,4.0,3.0,5.0,-25.0,-111.0,22.0,156.0,q1_graph4,2025-11-11 00:00:00,2025-11-11,315,46,11,0,travels_to,1,person,5,country
569329,6,499467,27129600,5.0,0.0,2.0,33.0,-41.0,-22.0,91.0,q1_graph4,2025-11-11 00:00:00,2025-11-11,315,46,11,0,travels_to,1,person,5,country
569329,6,499467,27129600,5.0,0.0,2.0,33.0,-41.0,-22.0,91.0,q1_graph4,2025-11-11 00:00:00,2025-11-11,315,46,11,0,travels_to,1,person,5,country
569329,6,499467,27129600,5.0,0.0,2.0,33.0,-41.0,-22.0,91.0,q1_graph4,2025-11-11 00:00:00,2025-11-11,315,46,11,0,travels_to,1,person,5,country
569329,6,499467,27129600,5.0,0.0,2.0,33.0,-41.0,-22.0,91.0,q1_graph4,2025-11-11 00:00:00,2025-11-11,315,46,11,0,travels_to,1,person,5,country
569329,6,499467,27129600,5.0,0.0,2.0,33.0,-41.0,-22.0,91.0,q1_graph4,2025-11-11 00:00:00,2025-11-11,315,46,11,0,travels_to,1,person,5,country
464579,1,521673,27271090,1.0,0.0,0.0,33.7833,-45.4927,39.4571,-48.424,q1_graph4,2025-11-12 15:18:10,2025-11-12,316,46,11,15,phone,1,person,1,person
492850,6,616453,27302400,6.0,3.0,5.0,-25.0,-111.0,22.0,156.0,q1_graph4,2025-11-13 00:00:00,2025-11-13,317,46,11,0,travels_to,1,person,5,country
492850,6,616453,27302400,6.0,3.0,5.0,-25.0,-111.0,22.0,156.0,q1_graph4,2025-11-13 00:00:00,2025-11-13,317,46,11,0,travels_to,1,person,5,country
492850,6,616453,27302400,6.0,3.0,5.0,-25.0,-111.0,22.0,156.0,q1_graph4,2025-11-13 00:00:00,2025-11-13,317,46,11,0,travels_to,1,person,5,country
492850,6,616453,27302400,6.0,3.0,5.0,-25.0,-111.0,22.0,156.0,q1_graph4,2025-11-13 00:00:00,2025-11-13,317,46,11,0,travels_to,1,person,5,country
492850,6,616453,27302400,6.0,3.0,5.0,-25.0,-111.0,22.0,156.0,q1_graph4,2025-11-13 00:00:00,2025-11-13,317,46,11,0,travels_to,1,person,5,country
464579,1,516393,27475931,1.0,0.0,3.0,33.7833,-45.4927,-24.3748,-111.257,q1_graph4,2025-11-15 00:12:11,2025-11-15,319,46,11,0,phone,1,person,1,person
569329,6,616453,28339200,1.0,0.0,5.0,33.0,-41.0,22.0,156.0,q1_graph4,2025-11-25 00:00:00,2025-11-25,329,48,11,0,travels_to,1,person,5,country
569329,6,616453,28339200,1.0,0.0,5.0,33.0,-41.0,22.0,156.0,q1_graph4,2025-11-25 00:00:00,2025-11-25,329,48,11,0,travels_to,1,person,5,country
569329,6,616453,28339200,1.0,0.0,5.0,33.0,-41.0,22.0,156.0,q1_graph4,2025-11-25 00:00:00,2025-11-25,329,48,11,0,travels_to,1,person,5,country
569329,6,616453,28339200,1.0,0.0,5.0,33.0,-41.0,22.0,156.0,q1_graph4,2025-11-25 00:00:00,2025-11-25,329,48,11,0,travels_to,1,person,5,country
569329,6,616453,28339200,1.0,0.0,5.0,33.0,-41.0,22.0,156.0,q1_graph4,2025-11-25 00:00:00,2025-11-25,329,48,11,0,travels_to,1,person,5,country
580798,6,657173,28339200,4.0,2.0,1.0,-22.0,91.0,-29.0,-13.0,q1_graph4,2025-11-25 00:00:00,2025-11-25,329,48,11,0,travels_to,1,person,5,country
580798,6,657173,28339200,4.0,2.0,1.0,-22.0,91.0,-29.0,-13.0,q1_graph4,2025-11-25 00:00:00,2025-11-25,329,48,11,0,travels_to,1,person,5,country
580798,6,657173,28339200,4.0,2.0,1.0,-22.0,91.0,-29.0,-13.0,q1_graph4,2025-11-25 00:00:00,2025-11-25,329,48,11,0,travels_to,1,person,5,country
580798,6,657173,28339200,4.0,2.0,1.0,-22.0,91.0,-29.0,-13.0,q1_graph4,2025-11-25 00:00:00,2025-11-25,329,48,11,0,travels_to,1,person,5,country
580798,6,657173,28339200,4.0,2.0,1.0,-22.0,91.0,-29.0,-13.0,q1_graph4,2025-11-25 00:00:00,2025-11-25,329,48,11,0,travels_to,1,person,5,country
569329,6,625756,28771200,4.0,1.0,3.0,-29.0,-13.0,-25.0,-111.0,q1_graph4,2025-11-30 00:00:00,2025-11-30,334,48,11,0,travels_to,1,person,5,country
569329,6,625756,28771200,4.0,1.0,3.0,-29.0,-13.0,-25.0,-111.0,q1_graph4,2025-11-30 00:00:00,2025-11-30,334,48,11,0,travels_to,1,person,5,country
569329,6,625756,28771200,4.0,1.0,3.0,-29.0,-13.0,-25.0,-111.0,q1_graph4,2025-11-30 00:00:00,2025-11-30,334,48,11,0,travels_to,1,person,5,country
569329,6,625756,28771200,4.0,1.0,3.0,-29.0,-13.0,-25.0,-111.0,q1_graph4,2025-11-30 00:00:00,2025-11-30,334,48,11,0,travels_to,1,person,5,country
569329,6,625756,28771200,4.0,1.0,3.0,-29.0,-13.0,-25.0,-111.0,q1_graph4,2025-11-30 00:00:00,2025-11-30,334,48,11,0,travels_to,1,person,5,country
492850,6,625756,28944000,-1.0,4.0,3.0,1.0,-165.0,-25.0,-111.0,q1_graph4,2025-12-02 00:00:00,2025-12-02,336,49,12,0,travels_to,1,person,5,country
492850,6,625756,28944000,-1.0,4.0,3.0,1.0,-165.0,-25.0,-111.0,q1_graph4,2025-12-02 00:00:00,2025-12-02,336,49,12,0,travels_to,1,person,5,country
492850,6,625756,28944000,-1.0,4.0,3.0,1.0,-165.0,-25.0,-111.0,q1_graph4,2025-12-02 00:00:00,2025-12-02,336,49,12,0,travels_to,1,person,5,country
492850,6,625756,28944000,-1.0,4.0,3.0,1.0,-165.0,-25.0,-111.0,q1_graph4,2025-12-02 00:00:00,2025-12-02,336,49,12,0,travels_to,1,person,5,country
492850,6,625756,28944000,-1.0,4.0,3.0,1.0,-165.0,-25.0,-111.0,q1_graph4,2025-12-02 00:00:00,2025-12-02,336,49,12,0,travels_to,1,person,5,country
536906,1,557269,29212368,1.0,5.0,4.0,22.429,154.859,2.40053,-161.288,q1_graph4,2025-12-05 02:32:48,2025-12-05,339,49,12,2,phone,1,person,1,person
584457,1,585606,29318786,1.0,3.0,3.0,-24.475,-111.147,-25.2324,-110.18,q1_graph4,2025-12-06 08:06:26,2025-12-06,340,49,12,8,phone,1,person,1,person
464579,6,561157,29894400,-1.0,1.0,0.0,-29.0,-13.0,33.0,-41.0,q1_graph4,2025-12-13 00:00:00,2025-12-13,347,50,12,0,travels_to,1,person,5,country
464579,6,561157,29894400,-1.0,1.0,0.0,-29.0,-13.0,33.0,-41.0,q1_graph4,2025-12-13 00:00:00,2025-12-13,347,50,12,0,travels_to,1,person,5,country
464579,6,561157,29894400,-1.0,1.0,0.0,-29.0,-13.0,33.0,-41.0,q1_graph4,2025-12-13 00:00:00,2025-12-13,347,50,12,0,travels_to,1,person,5,country
464579,6,561157,29894400,-1.0,1.0,0.0,-29.0,-13.0,33.0,-41.0,q1_graph4,2025-12-13 00:00:00,2025-12-13,347,50,12,0,travels_to,1,person,5,country
464579,6,561157,29894400,-1.0,1.0,0.0,-29.0,-13.0,33.0,-41.0,q1_graph4,2025-12-13 00:00:00,2025-12-13,347,50,12,0,travels_to,1,person,5,country
492850,1,580798,29917227,1.0,3.0,2.0,-24.9904,-111.346,-21.1545,88.0749,q1_graph4,2025-12-13 06:20:27,2025-12-13,347,50,12,6,phone,1,person,1,person
639642,1,557269,30082351,1.0,5.0,4.0,21.5434,154.279,2.40053,-161.288,q1_graph4,2025-12-15 04:12:31,2025-12-15,349,51,12,4,phone,1,person,1,person
639642,0,655963,30173088,1.0,,,,,,,q1_graph4,2025-12-16 05:24:48,2025-12-16,350,51,12,5,email,1,person,1,person
464579,1,645371,30250956,1.0,0.0,4.0,33.7833,-45.4927,-3.35086,-162.18,q1_graph4,2025-12-17 03:02:36,2025-12-17,351,51,12,3,phone,1,person,1,person
655963,1,579305,30703951,1.0,0.0,0.0,29.4162,-45.8675,39.8886,-41.778,q1_graph4,2025-12-22 08:52:31,2025-12-22,356,52,12,8,phone,1,person,1,person
636721,2,655265,31106062,118.0,,,,,,,q1_graph4,2025-12-27 00:34:22,2025-12-27,361,52,12,0,sell,1,person,2,product_category
579305,1,655963,31126132,1.0,0.0,0.0,39.8886,-41.778,29.4162,-45.8675,q1_graph4,2025-12-27 06:08:52,2025-12-27,361,52,12,6,phone,1,person,1,person
464579,5,536346,31536000,5352.39,,,,,,,q1_graph4,2026-01-01 00:00:00,2026-01-01,1,1,1,0,financial,1,person,4,financial_category
464579,5,567195,31536000,1900.95,,,,,,,q1_graph4,2026-01-01 00:00:00,2026-01-01,1,1,1,0,financial,1,person,4,financial_category
464579,5,527449,31536000,1574.64,,,,,,,q1_graph4,2026-01-01 00:00:00,2026-01-01,1,1,1,0,financial,1,person,4,financial_category
464579,5,459381,31536000,1363.77,,,,,,,q1_graph4,2026-01-01 00:00:00,2026-01-01,1,1,1,0,financial,1,person,4,financial_category
464579,5,595298,31536000,9000.7,,,,,,,q1_graph4,2026-01-01 00:00:00,2026-01-01,1,1,1,0,financial,1,person,4,financial_category
464579,5,466907,31536000,1294.57,,,,,,,q1_graph4,2026-01-01 00:00:00,2026-01-01,1,1,1,0,financial,1,person,4,financial_category
464579,5,577992,31536000,1895.87,,,,,,,q1_graph4,2026-01-01 00:00:00,2026-01-01,1,1,1,0,financial,1,person,4,financial_category
464579,5,537281,31536000,741.67,,,,,,,q1_graph4,2026-01-01 00:00:00,2026-01-01,1,1,1,0,financial,1,person,4,financial_category
464579,5,523927,31536000,5666.86,,,,,,,q1_graph4,2026-01-01 00:00:00,2026-01-01,1,1,1,0,financial,1,person,4,financial_category
464579,5,595581,31536000,1840.03,,,,,,,q1_graph4,2026-01-01 00:00:00,2026-01-01,1,1,1,0,financial,1,person,4,financial_category
464579,5,642329,31536000,1267.62,,,,,,,q1_graph4,2026-01-01 00:00:00,2026-01-01,1,1,1,0,financial,1,person,4,financial_category
464579,5,503701,31536000,7921.31,,,,,,,q1_graph4,2026-01-01 00:00:00,2026-01-01,1,1,1,0,financial,1,person,4,financial_category
464579,5,571970,31536000,119.85,,,,,,,q1_graph4,2026-01-01 00:00:00,2026-01-01,1,1,1,0,financial,1,person,4,financial_category
464579,5,644226,31536000,4204.22,,,,,,,q1_graph4,2026-01-01 00:00:00,2026-01-01,1,1,1,0,financial,1,person,4,financial_category
464579,5,632961,31536000,950.28,,,,,,,q1_graph4,2026-01-01 00:00:00,2026-01-01,1,1,1,0,financial,1,person,4,financial_category
464579,5,473173,31536000,1737.76,,,,,,,q1_graph4,2026-01-01 00:00:00,2026-01-01,1,1,1,0,financial,1,person,4,financial_category
464579,5,620120,31536000,6540.04,,,,,,,q1_graph4,2026-01-01 00:00:00,2026-01-01,1,1,1,0,financial,1,person,4,financial_category
464579,5,575030,31536000,5627.55,,,,,,,q1_graph4,2026-01-01 00:00:00,2026-01-01,1,1,1,0,financial,1,person,4,financial_category
482012,5,630626,31536000,5124.17,,,,,,,q1_graph4,2026-01-01 00:00:00,2026-01-01,1,1,1,0,financial,1,person,4,financial_category
482012,5,527449,31536000,283.45,,,,,,,q1_graph4,2026-01-01 00:00:00,2026-01-01,1,1,1,0,financial,1,person,4,financial_category
482012,5,459381,31536000,369.53,,,,,,,q1_graph4,2026-01-01 00:00:00,2026-01-01,1,1,1,0,financial,1,person,4,financial_category
482012,5,595298,31536000,1267.93,,,,,,,q1_graph4,2026-01-01 00:00:00,2026-01-01,1,1,1,0,financial,1,person,4,financial_category
482012,5,466907,31536000,696.89,,,,,,,q1_graph4,2026-01-01 00:00:00,2026-01-01,1,1,1,0,financial,1,person,4,financial_category
482012,5,577992,31536000,988.82,,,,,,,q1_graph4,2026-01-01 00:00:00,2026-01-01,1,1,1,0,financial,1,person,4,financial_category
482012,5,537281,31536000,114.8,,,,,,,q1_graph4,2026-01-01 00:00:00,2026-01-01,1,1,1,0,financial,1,person,4,financial_category
482012,5,580426,31536000,512.19,,,,,,,q1_graph4,2026-01-01 00:00:00,2026-01-01,1,1,1,0,financial,1,person,4,financial_category
482012,5,595581,31536000,133.42,,,,,,,q1_graph4,2026-01-01 00:00:00,2026-01-01,1,1,1,0,financial,1,person,4,financial_category
482012,5,616315,31536000,772.3,,,,,,,q1_graph4,2026-01-01 00:00:00,2026-01-01,1,1,1,0,financial,1,person,4,financial_category
482012,5,642329,31536000,447.06,,,,,,,q1_graph4,2026-01-01 00:00:00,2026-01-01,1,1,1,0,financial,1,person,4,financial_category
482012,5,503701,31536000,2688.4,,,,,,,q1_graph4,2026-01-01 00:00:00,2026-01-01,1,1,1,0,financial,1,person,4,financial_category
482012,5,571970,31536000,41.22,,,,,,,q1_graph4,2026-01-01 00:00:00,2026-01-01,1,1,1,0,financial,1,person,4,financial_category
482012,5,632961,31536000,100.2,,,,,,,q1_graph4,2026-01-01 00:00:00,2026-01-01,1,1,1,0,financial,1,person,4,financial_category
482012,5,473173,31536000,3734.96,,,,,,,q1_graph4,2026-01-01 00:00:00,2026-01-01,1,1,1,0,financial,1,person,4,financial_category
482012,5,620120,31536000,2516.93,,,,,,,q1_graph4,2026-01-01 00:00:00,2026-01-01,1,1,1,0,financial,1,person,4,financial_category
482012,5,575030,31536000,6672.05,,,,,,,q1_graph4,2026-01-01 00:00:00,2026-01-01,1,1,1,0,financial,1,person,4,financial_category
492850,5,536346,31536000,1243.11,,,,,,,q1_graph4,2026-01-01 00:00:00,2026-01-01,1,1,1,0,financial,1,person,4,financial_category
492850,5,520660,31536000,500.25,,,,,,,q1_graph4,2026-01-01 00:00:00,2026-01-01,1,1,1,0,financial,1,person,4,financial_category
492850,5,567195,31536000,1663.24,,,,,,,q1_graph4,2026-01-01 00:00:00,2026-01-01,1,1,1,0,financial,1,person,4,financial_category
492850,5,527449,31536000,49.18,,,,,,,q1_graph4,2026-01-01 00:00:00,2026-01-01,1,1,1,0,financial,1,person,4,financial_category
492850,5,459381,31536000,380.93,,,,,,,q1_graph4,2026-01-01 00:00:00,2026-01-01,1,1,1,0,financial,1,person,4,financial_category
492850,5,595298,31536000,1598.86,,,,,,,q1_graph4,2026-01-01 00:00:00,2026-01-01,1,1,1,0,financial,1,person,4,financial_category
492850,5,466907,31536000,355.75,,,,,,,q1_graph4,2026-01-01 00:00:00,2026-01-01,1,1,1,0,financial,1,person,4,financial_category
492850,5,589943,31536000,2215.63,,,,,,,q1_graph4,2026-01-01 00:00:00,2026-01-01,1,1,1,0,financial,1,person,4,financial_category
492850,5,537281,31536000,392.32,,,,,,,q1_graph4,2026-01-01 00:00:00,2026-01-01,1,1,1,0,financial,1,person,4,financial_category
492850,5,523927,31536000,344.5,,,,,,,q1_graph4,2026-01-01 00:00:00,2026-01-01,1,1,1,0,financial,1,person,4,financial_category
492850,5,580426,31536000,512.35,,,,,,,q1_graph4,2026-01-01 00:00:00,2026-01-01,1,1,1,0,financial,1,person,4,financial_category
492850,5,595581,31536000,15.21,,,,,,,q1_graph4,2026-01-01 00:00:00,2026-01-01,1,1,1,0,financial,1,person,4,financial_category
492850,5,503701,31536000,1845.5,,,,,,,q1_graph4,2026-01-01 00:00:00,2026-01-01,1,1,1,0,financial,1,person,4,financial_category
492850,5,571970,31536000,136.34,,,,,,,q1_graph4,2026-01-01 00:00:00,2026-01-01,1,1,1,0,financial,1,person,4,financial_category
492850,5,644226,31536000,734.04,,,,,,,q1_graph4,2026-01-01 00:00:00,2026-01-01,1,1,1,0,financial,1,person,4,financial_category
492850,5,473173,31536000,311.58,,,,,,,q1_graph4,2026-01-01 00:00:00,2026-01-01,1,1,1,0,financial,1,person,4,financial_category
492850,5,620120,31536000,1039.37,,,,,,,q1_graph4,2026-01-01 00:00:00,2026-01-01,1,1,1,0,financial,1,person,4,financial_category
492850,5,575030,31536000,10152.6,,,,,,,q1_graph4,2026-01-01 00:00:00,2026-01-01,1,1,1,0,financial,1,person,4,financial_category
510031,5,569329,31536000,498.36,,,,,,,q1_graph4,2026-01-01 00:00:00,2026-01-01,1,1,1,0,financial,4,financial_category,1,person
510031,5,588172,31536000,450.54,,,,,,,q1_graph4,2026-01-01 00:00:00,2026-01-01,1,1,1,0,financial,4,financial_category,1,person
510031,5,492850,31536000,630.62,,,,,,,q1_graph4,2026-01-01 00:00:00,2026-01-01,1,1,1,0,financial,4,financial_category,1,person
510031,5,636721,31536000,32.96,,,,,,,q1_graph4,2026-01-01 00:00:00,2026-01-01,1,1,1,0,financial,4,financial_category,1,person
510031,5,580798,31536000,792.79,,,,,,,q1_graph4,2026-01-01 00:00:00,2026-01-01,1,1,1,0,financial,4,financial_category,1,person
510031,5,546593,31536000,1878.82,,,,,,,q1_graph4,2026-01-01 00:00:00,2026-01-01,1,1,1,0,financial,4,financial_category,1,person
510031,5,536906,31536000,115.42,,,,,,,q1_graph4,2026-01-01 00:00:00,2026-01-01,1,1,1,0,financial,4,financial_category,1,person
536906,5,630626,31536000,1844.96,,,,,,,q1_graph4,2026-01-01 00:00:00,2026-01-01,1,1,1,0,financial,1,person,4,financial_category
536906,5,567195,31536000,1525.27,,,,,,,q1_graph4,2026-01-01 00:00:00,2026-01-01,1,1,1,0,financial,1,person,4,financial_category
536906,5,527449,31536000,173.56,,,,,,,q1_graph4,2026-01-01 00:00:00,2026-01-01,1,1,1,0,financial,1,person,4,financial_category
536906,5,459381,31536000,165.42,,,,,,,q1_graph4,2026-01-01 00:00:00,2026-01-01,1,1,1,0,financial,1,person,4,financial_category
536906,5,595298,31536000,309.24,,,,,,,q1_graph4,2026-01-01 00:00:00,2026-01-01,1,1,1,0,financial,1,person,4,financial_category
536906,5,466907,31536000,392.75,,,,,,,q1_graph4,2026-01-01 00:00:00,2026-01-01,1,1,1,0,financial,1,person,4,financial_category
536906,5,606730,31536000,351.2,,,,,,,q1_graph4,2026-01-01 00:00:00,2026-01-01,1,1,1,0,financial,1,person,4,financial_category
536906,5,589943,31536000,852.11,,,,,,,q1_graph4,2026-01-01 00:00:00,2026-01-01,1,1,1,0,financial,1,person,4,financial_category
536906,5,577992,31536000,3283.68,,,,,,,q1_graph4,2026-01-01 00:00:00,2026-01-01,1,1,1,0,financial,1,person,4,financial_category
536906,5,537281,31536000,278.73,,,,,,,q1_graph4,2026-01-01 00:00:00,2026-01-01,1,1,1,0,financial,1,person,4,financial_category
536906,5,616315,31536000,166.04,,,,,,,q1_graph4,2026-01-01 00:00:00,2026-01-01,1,1,1,0,financial,1,person,4,financial_category
536906,5,642329,31536000,724.28,,,,,,,q1_graph4,2026-01-01 00:00:00,2026-01-01,1,1,1,0,financial,1,person,4,financial_category
536906,5,632961,31536000,334.44,,,,,,,q1_graph4,2026-01-01 00:00:00,2026-01-01,1,1,1,0,financial,1,person,4,financial_category
536906,5,473173,31536000,158.92,,,,,,,q1_graph4,2026-01-01 00:00:00,2026-01-01,1,1,1,0,financial,1,person,4,financial_category
536906,5,620120,31536000,97.12,,,,,,,q1_graph4,2026-01-01 00:00:00,2026-01-01,1,1,1,0,financial,1,person,4,financial_category
546593,5,630626,31536000,9245.31,,,,,,,q1_graph4,2026-01-01 00:00:00,2026-01-01,1,1,1,0,financial,1,person,4,financial_category
546593,5,567195,31536000,4241.32,,,,,,,q1_graph4,2026-01-01 00:00:00,2026-01-01,1,1,1,0,financial,1,person,4,financial_category
546593,5,527449,31536000,667.15,,,,,,,q1_graph4,2026-01-01 00:00:00,2026-01-01,1,1,1,0,financial,1,person,4,financial_category
546593,5,459381,31536000,1042.23,,,,,,,q1_graph4,2026-01-01 00:00:00,2026-01-01,1,1,1,0,financial,1,person,4,financial_category
546593,5,595298,31536000,1011.45,,,,,,,q1_graph4,2026-01-01 00:00:00,2026-01-01,1,1,1,0,financial,1,person,4,financial_category
546593,5,466907,31536000,679.18,,,,,,,q1_graph4,2026-01-01 00:00:00,2026-01-01,1,1,1,0,financial,1,person,4,financial_category
546593,5,589943,31536000,4144.21,,,,,,,q1_graph4,2026-01-01 00:00:00,2026-01-01,1,1,1,0,financial,1,person,4,financial_category
546593,5,577992,31536000,5961.09,,,,,,,q1_graph4,2026-01-01 00:00:00,2026-01-01,1,1,1,0,financial,1,person,4,financial_category
546593,5,537281,31536000,1102.59,,,,,,,q1_graph4,2026-01-01 00:00:00,2026-01-01,1,1,1,0,financial,1,person,4,financial_category
546593,5,580426,31536000,1259.95,,,,,,,q1_graph4,2026-01-01 00:00:00,2026-01-01,1,1,1,0,financial,1,person,4,financial_category
546593,5,595581,31536000,1277.66,,,,,,,q1_graph4,2026-01-01 00:00:00,2026-01-01,1,1,1,0,financial,1,person,4,financial_category
546593,5,642329,31536000,1527.56,,,,,,,q1_graph4,2026-01-01 00:00:00,2026-01-01,1,1,1,0,financial,1,person,4,financial_category
546593,5,503701,31536000,6321.04,,,,,,,q1_graph4,2026-01-01 00:00:00,2026-01-01,1,1,1,0,financial,1,person,4,financial_category
546593,5,473173,31536000,2378.14,,,,,,,q1_graph4,2026-01-01 00:00:00,2026-01-01,1,1,1,0,financial,1,person,4,financial_category
546593,5,620120,31536000,1986.66,,,,,,,q1_graph4,2026-01-01 00:00:00,2026-01-01,1,1,1,0,financial,1,person,4,financial_category
552988,5,569329,31536000,9478.52,,,,,,,q1_graph4,2026-01-01 00:00:00,2026-01-01,1,1,1,0,financial,4,financial_category,1,person
552988,5,482012,31536000,18450.2,,,,,,,q1_graph4,2026-01-01 00:00:00,2026-01-01,1,1,1,0,financial,4,financial_category,1,person
552988,5,588172,31536000,4410.78,,,,,,,q1_graph4,2026-01-01 00:00:00,2026-01-01,1,1,1,0,financial,4,financial_category,1,person
552988,5,492850,31536000,19821.5,,,,,,,q1_graph4,2026-01-01 00:00:00,2026-01-01,1,1,1,0,financial,4,financial_category,1,person
552988,5,636721,31536000,13157.7,,,,,,,q1_graph4,2026-01-01 00:00:00,2026-01-01,1,1,1,0,financial,4,financial_category,1,person
552988,5,580798,31536000,8773.28,,,,,,,q1_graph4,2026-01-01 00:00:00,2026-01-01,1,1,1,0,financial,4,financial_category,1,person
552988,5,546593,31536000,7720.52,,,,,,,q1_graph4,2026-01-01 00:00:00,2026-01-01,1,1,1,0,financial,4,financial_category,1,person
552988,5,657526,31536000,37449.4,,,,,,,q1_graph4,2026-01-01 00:00:00,2026-01-01,1,1,1,0,financial,4,financial_category,1,person
552988,5,536906,31536000,2614.97,,,,,,,q1_graph4,2026-01-01 00:00:00,2026-01-01,1,1,1,0,financial,4,financial_category,1,person
552988,5,464579,31536000,20352.5,,,,,,,q1_graph4,2026-01-01 00:00:00,2026-01-01,1,1,1,0,financial,4,financial_category,1,person
569329,5,536346,31536000,115.79,,,,,,,q1_graph4,2026-01-01 00:00:00,2026-01-01,1,1,1,0,financial,1,person,4,financial_category
569329,5,567195,31536000,4210.97,,,,,,,q1_graph4,2026-01-01 00:00:00,2026-01-01,1,1,1,0,financial,1,person,4,financial_category
569329,5,527449,31536000,775.94,,,,,,,q1_graph4,2026-01-01 00:00:00,2026-01-01,1,1,1,0,financial,1,person,4,financial_category
569329,5,459381,31536000,615.23,,,,,,,q1_graph4,2026-01-01 00:00:00,2026-01-01,1,1,1,0,financial,1,person,4,financial_category
569329,5,595298,31536000,3991.31,,,,,,,q1_graph4,2026-01-01 00:00:00,2026-01-01,1,1,1,0,financial,1,person,4,financial_category
569329,5,466907,31536000,1168.89,,,,,,,q1_graph4,2026-01-01 00:00:00,2026-01-01,1,1,1,0,financial,1,person,4,financial_category
569329,5,577992,31536000,2970.54,,,,,,,q1_graph4,2026-01-01 00:00:00,2026-01-01,1,1,1,0,financial,1,person,4,financial_category
569329,5,523927,31536000,2.39,,,,,,,q1_graph4,2026-01-01 00:00:00,2026-01-01,1,1,1,0,financial,1,person,4,financial_category
569329,5,580426,31536000,1021.95,,,,,,,q1_graph4,2026-01-01 00:00:00,2026-01-01,1,1,1,0,financial,1,person,4,financial_category
569329,5,595581,31536000,720.96,,,,,,,q1_graph4,2026-01-01 00:00:00,2026-01-01,1,1,1,0,financial,1,person,4,financial_category
569329,5,616315,31536000,609.94,,,,,,,q1_graph4,2026-01-01 00:00:00,2026-01-01,1,1,1,0,financial,1,person,4,financial_category
569329,5,503701,31536000,1790.61,,,,,,,q1_graph4,2026-01-01 00:00:00,2026-01-01,1,1,1,0,financial,1,person,4,financial_category
569329,5,644226,31536000,2061.71,,,,,,,q1_graph4,2026-01-01 00:00:00,2026-01-01,1,1,1,0,financial,1,person,4,financial_category
569329,5,473173,31536000,2165.12,,,,,,,q1_graph4,2026-01-01 00:00:00,2026-01-01,1,1,1,0,financial,1,person,4,financial_category
569329,5,620120,31536000,1452.84,,,,,,,q1_graph4,2026-01-01 00:00:00,2026-01-01,1,1,1,0,financial,1,person,4,financial_category
569329,5,575030,31536000,14649.5,,,,,,,q1_graph4,2026-01-01 00:00:00,2026-01-01,1,1,1,0,financial,1,person,4,financial_category
580798,5,536346,31536000,426.21,,,,,,,q1_graph4,2026-01-01 00:00:00,2026-01-01,1,1,1,0,financial,1,person,4,financial_category
580798,5,567195,31536000,109.02,,,,,,,q1_graph4,2026-01-01 00:00:00,2026-01-01,1,1,1,0,financial,1,person,4,financial_category
580798,5,527449,31536000,48.73,,,,,,,q1_graph4,2026-01-01 00:00:00,2026-01-01,1,1,1,0,financial,1,person,4,financial_category
580798,5,459381,31536000,4.44,,,,,,,q1_graph4,2026-01-01 00:00:00,2026-01-01,1,1,1,0,financial,1,person,4,financial_category
580798,5,595298,31536000,21.11,,,,,,,q1_graph4,2026-01-01 00:00:00,2026-01-01,1,1,1,0,financial,1,person,4,financial_category
580798,5,466907,31536000,146.95,,,,,,,q1_graph4,2026-01-01 00:00:00,2026-01-01,1,1,1,0,financial,1,person,4,financial_category
580798,5,577992,31536000,1975.82,,,,,,,q1_graph4,2026-01-01 00:00:00,2026-01-01,1,1,1,0,financial,1,person,4,financial_category
580798,5,537281,31536000,168.32,,,,,,,q1_graph4,2026-01-01 00:00:00,2026-01-01,1,1,1,0,financial,1,person,4,financial_category
580798,5,523927,31536000,17.58,,,,,,,q1_graph4,2026-01-01 00:00:00,2026-01-01,1,1,1,0,financial,1,person,4,financial_category
580798,5,580426,31536000,262.83,,,,,,,q1_graph4,2026-01-01 00:00:00,2026-01-01,1,1,1,0,financial,1,person,4,financial_category
580798,5,616315,31536000,1334.54,,,,,,,q1_graph4,2026-01-01 00:00:00,2026-01-01,1,1,1,0,financial,1,person,4,financial_category
580798,5,642329,31536000,187.42,,,,,,,q1_graph4,2026-01-01 00:00:00,2026-01-01,1,1,1,0,financial,1,person,4,financial_category
580798,5,503701,31536000,1514.53,,,,,,,q1_graph4,2026-01-01 00:00:00,2026-01-01,1,1,1,0,financial,1,person,4,financial_category
580798,5,644226,31536000,993.98,,,,,,,q1_graph4,2026-01-01 00:00:00,2026-01-01,1,1,1,0,financial,1,person,4,financial_category
580798,5,473173,31536000,713.31,,,,,,,q1_graph4,2026-01-01 00:00:00,2026-01-01,1,1,1,0,financial,1,person,4,financial_category
580798,5,575030,31536000,4659.92,,,,,,,q1_graph4,2026-01-01 00:00:00,2026-01-01,1,1,1,0,financial,1,person,4,financial_category
588172,5,630626,31536000,1670.19,,,,,,,q1_graph4,2026-01-01 00:00:00,2026-01-01,1,1,1,0,financial,1,person,4,financial_category
588172,5,567195,31536000,509.54,,,,,,,q1_graph4,2026-01-01 00:00:00,2026-01-01,1,1,1,0,financial,1,person,4,financial_category
588172,5,527449,31536000,187.26,,,,,,,q1_graph4,2026-01-01 00:00:00,2026-01-01,1,1,1,0,financial,1,person,4,financial_category
588172,5,459381,31536000,198.14,,,,,,,q1_graph4,2026-01-01 00:00:00,2026-01-01,1,1,1,0,financial,1,person,4,financial_category
588172,5,595298,31536000,594.06,,,,,,,q1_graph4,2026-01-01 00:00:00,2026-01-01,1,1,1,0,financial,1,person,4,financial_category
588172,5,466907,31536000,209.5,,,,,,,q1_graph4,2026-01-01 00:00:00,2026-01-01,1,1,1,0,financial,1,person,4,financial_category
588172,5,577992,31536000,413.23,,,,,,,q1_graph4,2026-01-01 00:00:00,2026-01-01,1,1,1,0,financial,1,person,4,financial_category
588172,5,537281,31536000,18.64,,,,,,,q1_graph4,2026-01-01 00:00:00,2026-01-01,1,1,1,0,financial,1,person,4,financial_category
588172,5,523927,31536000,706.54,,,,,,,q1_graph4,2026-01-01 00:00:00,2026-01-01,1,1,1,0,financial,1,person,4,financial_category
588172,5,616315,31536000,331.34,,,,,,,q1_graph4,2026-01-01 00:00:00,2026-01-01,1,1,1,0,financial,1,person,4,financial_category
588172,5,642329,31536000,177.9,,,,,,,q1_graph4,2026-01-01 00:00:00,2026-01-01,1,1,1,0,financial,1,person,4,financial_category
588172,5,571970,31536000,14.11,,,,,,,q1_graph4,2026-01-01 00:00:00,2026-01-01,1,1,1,0,financial,1,person,4,financial_category
588172,5,632961,31536000,188.27,,,,,,,q1_graph4,2026-01-01 00:00:00,2026-01-01,1,1,1,0,financial,1,person,4,financial_category
588172,5,473173,31536000,119.39,,,,,,,q1_graph4,2026-01-01 00:00:00,2026-01-01,1,1,1,0,financial,1,person,4,financial_category
588172,5,620120,31536000,661.16,,,,,,,q1_graph4,2026-01-01 00:00:00,2026-01-01,1,1,1,0,financial,1,person,4,financial_category
588172,5,621924,31536000,224.71,,,,,,,q1_graph4,2026-01-01 00:00:00,2026-01-01,1,1,1,0,financial,1,person,4,financial_category
620120,5,636721,31536000,486.33,,,,,,,q1_graph4,2026-01-01 00:00:00,2026-01-01,1,1,1,0,financial,4,financial_category,1,person
620120,5,580798,31536000,1502.52,,,,,,,q1_graph4,2026-01-01 00:00:00,2026-01-01,1,1,1,0,financial,4,financial_category,1,person
636721,5,630626,31536000,1639.51,,,,,,,q1_graph4,2026-01-01 00:00:00,2026-01-01,1,1,1,0,financial,1,person,4,financial_category
636721,5,567195,31536000,646.98,,,,,,,q1_graph4,2026-01-01 00:00:00,2026-01-01,1,1,1,0,financial,1,person,4,financial_category
636721,5,527449,31536000,240.67,,,,,,,q1_graph4,2026-01-01 00:00:00,2026-01-01,1,1,1,0,financial,1,person,4,financial_category
636721,5,459381,31536000,569.33,,,,,,,q1_graph4,2026-01-01 00:00:00,2026-01-01,1,1,1,0,financial,1,person,4,financial_category
636721,5,595298,31536000,1862.42,,,,,,,q1_graph4,2026-01-01 00:00:00,2026-01-01,1,1,1,0,financial,1,person,4,financial_category
636721,5,466907,31536000,400.82,,,,,,,q1_graph4,2026-01-01 00:00:00,2026-01-01,1,1,1,0,financial,1,person,4,financial_category
636721,5,589943,31536000,2841.47,,,,,,,q1_graph4,2026-01-01 00:00:00,2026-01-01,1,1,1,0,financial,1,person,4,financial_category
636721,5,595581,31536000,433.38,,,,,,,q1_graph4,2026-01-01 00:00:00,2026-01-01,1,1,1,0,financial,1,person,4,financial_category
636721,5,616315,31536000,1235.58,,,,,,,q1_graph4,2026-01-01 00:00:00,2026-01-01,1,1,1,0,financial,1,person,4,financial_category
636721,5,642329,31536000,252.2,,,,,,,q1_graph4,2026-01-01 00:00:00,2026-01-01,1,1,1,0,financial,1,person,4,financial_category
636721,5,503701,31536000,1518.22,,,,,,,q1_graph4,2026-01-01 00:00:00,2026-01-01,1,1,1,0,financial,1,person,4,financial_category
636721,5,571970,31536000,149.78,,,,,,,q1_graph4,2026-01-01 00:00:00,2026-01-01,1,1,1,0,financial,1,person,4,financial_category
636721,5,632961,31536000,44.14,,,,,,,q1_graph4,2026-01-01 00:00:00,2026-01-01,1,1,1,0,financial,1,person,4,financial_category
636721,5,473173,31536000,983.64,,,,,,,q1_graph4,2026-01-01 00:00:00,2026-01-01,1,1,1,0,financial,1,person,4,financial_category
636721,5,621924,31536000,796.16,,,,,,,q1_graph4,2026-01-01 00:00:00,2026-01-01,1,1,1,0,financial,1,person,4,financial_category
657526,5,503218,31536000,864.13,,,,,,,q1_graph4,2026-01-01 00:00:00,2026-01-01,1,1,1,0,financial,1,person,4,financial_category
657526,5,536346,31536000,432.71,,,,,,,q1_graph4,2026-01-01 00:00:00,2026-01-01,1,1,1,0,financial,1,person,4,financial_category
657526,5,520660,31536000,3697.33,,,,,,,q1_graph4,2026-01-01 00:00:00,2026-01-01,1,1,1,0,financial,1,person,4,financial_category
657526,5,567195,31536000,6893.61,,,,,,,q1_graph4,2026-01-01 00:00:00,2026-01-01,1,1,1,0,financial,1,person,4,financial_category
657526,5,527449,31536000,102.03,,,,,,,q1_graph4,2026-01-01 00:00:00,2026-01-01,1,1,1,0,financial,1,person,4,financial_category
657526,5,459381,31536000,649.81,,,,,,,q1_graph4,2026-01-01 00:00:00,2026-01-01,1,1,1,0,financial,1,person,4,financial_category
657526,5,595298,31536000,1237.39,,,,,,,q1_graph4,2026-01-01 00:00:00,2026-01-01,1,1,1,0,financial,1,person,4,financial_category
657526,5,466907,31536000,377.67,,,,,,,q1_graph4,2026-01-01 00:00:00,2026-01-01,1,1,1,0,financial,1,person,4,financial_category
657526,5,589943,31536000,6387.94,,,,,,,q1_graph4,2026-01-01 00:00:00,2026-01-01,1,1,1,0,financial,1,person,4,financial_category
657526,5,577992,31536000,1444.46,,,,,,,q1_graph4,2026-01-01 00:00:00,2026-01-01,1,1,1,0,financial,1,person,4,financial_category
657526,5,537281,31536000,896.12,,,,,,,q1_graph4,2026-01-01 00:00:00,2026-01-01,1,1,1,0,financial,1,person,4,financial_category
657526,5,580426,31536000,2708.62,,,,,,,q1_graph4,2026-01-01 00:00:00,2026-01-01,1,1,1,0,financial,1,person,4,financial_category
657526,5,595581,31536000,984.37,,,,,,,q1_graph4,2026-01-01 00:00:00,2026-01-01,1,1,1,0,financial,1,person,4,financial_category
657526,5,616315,31536000,691.57,,,,,,,q1_graph4,2026-01-01 00:00:00,2026-01-01,1,1,1,0,financial,1,person,4,financial_category
657526,5,503701,31536000,2152.02,,,,,,,q1_graph4,2026-01-01 00:00:00,2026-01-01,1,1,1,0,financial,1,person,4,financial_category
657526,5,644226,31536000,1133.34,,,,,,,q1_graph4,2026-01-01 00:00:00,2026-01-01,1,1,1,0,financial,1,person,4,financial_category
657526,5,473173,31536000,417.98,,,,,,,q1_graph4,2026-01-01 00:00:00,2026-01-01,1,1,1,0,financial,1,person,4,financial_category
657526,5,620120,31536000,7935.6,,,,,,,q1_graph4,2026-01-01 00:00:00,2026-01-01,1,1,1,0,financial,1,person,4,financial_category
657526,5,621924,31536000,317.61,,,,,,,q1_graph4,2026-01-01 00:00:00,2026-01-01,1,1,1,0,financial,1,person,4,financial_category
557269,5,536346,31536000,655.13,,,,,,,q1_graph4,2026-01-01 00:00:00,2026-01-01,1,1,1,0,financial,1,person,4,financial_category
557269,5,520660,31536000,730.33,,,,,,,q1_graph4,2026-01-01 00:00:00,2026-01-01,1,1,1,0,financial,1,person,4,financial_category
557269,5,567195,31536000,422.1,,,,,,,q1_graph4,2026-01-01 00:00:00,2026-01-01,1,1,1,0,financial,1,person,4,financial_category
557269,5,527449,31536000,49.47,,,,,,,q1_graph4,2026-01-01 00:00:00,2026-01-01,1,1,1,0,financial,1,person,4,financial_category
557269,5,459381,31536000,203.94,,,,,,,q1_graph4,2026-01-01 00:00:00,2026-01-01,1,1,1,0,financial,1,person,4,financial_category
557269,5,595298,31536000,603.25,,,,,,,q1_graph4,2026-01-01 00:00:00,2026-01-01,1,1,1,0,financial,1,person,4,financial_category
557269,5,466907,31536000,103.21,,,,,,,q1_graph4,2026-01-01 00:00:00,2026-01-01,1,1,1,0,financial,1,person,4,financial_category
557269,5,606730,31536000,114.05,,,,,,,q1_graph4,2026-01-01 00:00:00,2026-01-01,1,1,1,0,financial,1,person,4,financial_category
557269,5,537281,31536000,121.83,,,,,,,q1_graph4,2026-01-01 00:00:00,2026-01-01,1,1,1,0,financial,1,person,4,financial_category
557269,5,523927,31536000,478.86,,,,,,,q1_graph4,2026-01-01 00:00:00,2026-01-01,1,1,1,0,financial,1,person,4,financial_category
557269,5,580426,31536000,226.22,,,,,,,q1_graph4,2026-01-01 00:00:00,2026-01-01,1,1,1,0,financial,1,person,4,financial_category
557269,5,595581,31536000,326.47,,,,,,,q1_graph4,2026-01-01 00:00:00,2026-01-01,1,1,1,0,financial,1,person,4,financial_category
557269,5,503701,31536000,1070.35,,,,,,,q1_graph4,2026-01-01 00:00:00,2026-01-01,1,1,1,0,financial,1,person,4,financial_category
557269,5,644226,31536000,517.84,,,,,,,q1_graph4,2026-01-01 00:00:00,2026-01-01,1,1,1,0,financial,1,person,4,financial_category
557269,5,473173,31536000,85.76,,,,,,,q1_graph4,2026-01-01 00:00:00,2026-01-01,1,1,1,0,financial,1,person,4,financial_category
557269,5,621924,31536000,1351.44,,,,,,,q1_graph4,2026-01-01 00:00:00,2026-01-01,1,1,1,0,financial,1,person,4,financial_category
552988,5,557269,31536000,4724.3,,,,,,,q1_graph4,2026-01-01 00:00:00,2026-01-01,1,1,1,0,financial,4,financial_category,1,person
620120,5,557269,31536000,35.87,,,,,,,q1_graph4,2026-01-01 00:00:00,2026-01-01,1,1,1,0,financial,4,financial_category,1,person
655963,5,640784,31536000,296.85,,,,,,,q1_graph4,2026-01-01 00:00:00,2026-01-01,1,1,1,0,financial,1,person,4,financial_category
655963,5,630626,31536000,23697.1,,,,,,,q1_graph4,2026-01-01 00:00:00,2026-01-01,1,1,1,0,financial,1,person,4,financial_category
655963,5,567195,31536000,7517.28,,,,,,,q1_graph4,2026-01-01 00:00:00,2026-01-01,1,1,1,0,financial,1,person,4,financial_category
655963,5,527449,31536000,905.62,,,,,,,q1_graph4,2026-01-01 00:00:00,2026-01-01,1,1,1,0,financial,1,person,4,financial_category
655963,5,459381,31536000,1515.98,,,,,,,q1_graph4,2026-01-01 00:00:00,2026-01-01,1,1,1,0,financial,1,person,4,financial_category
655963,5,595298,31536000,7064.27,,,,,,,q1_graph4,2026-01-01 00:00:00,2026-01-01,1,1,1,0,financial,1,person,4,financial_category
655963,5,466907,31536000,3416.1,,,,,,,q1_graph4,2026-01-01 00:00:00,2026-01-01,1,1,1,0,financial,1,person,4,financial_category
655963,5,589943,31536000,4569.15,,,,,,,q1_graph4,2026-01-01 00:00:00,2026-01-01,1,1,1,0,financial,1,person,4,financial_category
655963,5,577992,31536000,4425.31,,,,,,,q1_graph4,2026-01-01 00:00:00,2026-01-01,1,1,1,0,financial,1,person,4,financial_category
655963,5,523927,31536000,5185.15,,,,,,,q1_graph4,2026-01-01 00:00:00,2026-01-01,1,1,1,0,financial,1,person,4,financial_category
655963,5,580426,31536000,3230.1,,,,,,,q1_graph4,2026-01-01 00:00:00,2026-01-01,1,1,1,0,financial,1,person,4,financial_category
655963,5,616315,31536000,1483.75,,,,,,,q1_graph4,2026-01-01 00:00:00,2026-01-01,1,1,1,0,financial,1,person,4,financial_category
655963,5,642329,31536000,3670.14,,,,,,,q1_graph4,2026-01-01 00:00:00,2026-01-01,1,1,1,0,financial,1,person,4,financial_category
655963,5,571970,31536000,524.95,,,,,,,q1_graph4,2026-01-01 00:00:00,2026-01-01,1,1,1,0,financial,1,person,4,financial_category
655963,5,632961,31536000,1960.36,,,,,,,q1_graph4,2026-01-01 00:00:00,2026-01-01,1,1,1,0,financial,1,person,4,financial_category
655963,5,473173,31536000,2511.28,,,,,,,q1_graph4,2026-01-01 00:00:00,2026-01-01,1,1,1,0,financial,1,person,4,financial_category
655963,5,620120,31536000,15948.0,,,,,,,q1_graph4,2026-01-01 00:00:00,2026-01-01,1,1,1,0,financial,1,person,4,financial_category
655963,5,575030,31536000,15436.2,,,,,,,q1_graph4,2026-01-01 00:00:00,2026-01-01,1,1,1,0,financial,1,person,4,financial_category
655963,5,621924,31536000,3952.68,,,,,,,q1_graph4,2026-01-01 00:00:00,2026-01-01,1,1,1,0,financial,1,person,4,financial_category
510031,5,655963,31536000,2502.66,,,,,,,q1_graph4,2026-01-01 00:00:00,2026-01-01,1,1,1,0,financial,4,financial_category,1,person
552988,5,655963,31536000,109907.0,,,,,,,q1_graph4,2026-01-01 00:00:00,2026-01-01,1,1,1,0,financial,4,financial_category,1,person
639642,5,536346,31536000,854.36,,,,,,,q1_graph4,2026-01-01 00:00:00,2026-01-01,1,1,1,0,financial,1,person,4,financial_category
639642,5,520660,31536000,907.2,,,,,,,q1_graph4,2026-01-01 00:00:00,2026-01-01,1,1,1,0,financial,1,person,4,financial_category
639642,5,567195,31536000,3262.45,,,,,,,q1_graph4,2026-01-01 00:00:00,2026-01-01,1,1,1,0,financial,1,person,4,financial_category
639642,5,527449,31536000,355.3,,,,,,,q1_graph4,2026-01-01 00:00:00,2026-01-01,1,1,1,0,financial,1,person,4,financial_category
639642,5,459381,31536000,782.44,,,,,,,q1_graph4,2026-01-01 00:00:00,2026-01-01,1,1,1,0,financial,1,person,4,financial_category
639642,5,595298,31536000,692.16,,,,,,,q1_graph4,2026-01-01 00:00:00,2026-01-01,1,1,1,0,financial,1,person,4,financial_category
639642,5,466907,31536000,553.99,,,,,,,q1_graph4,2026-01-01 00:00:00,2026-01-01,1,1,1,0,financial,1,person,4,financial_category
639642,5,577992,31536000,419.38,,,,,,,q1_graph4,2026-01-01 00:00:00,2026-01-01,1,1,1,0,financial,1,person,4,financial_category
639642,5,523927,31536000,1965.25,,,,,,,q1_graph4,2026-01-01 00:00:00,2026-01-01,1,1,1,0,financial,1,person,4,financial_category
639642,5,580426,31536000,277.86,,,,,,,q1_graph4,2026-01-01 00:00:00,2026-01-01,1,1,1,0,financial,1,person,4,financial_category
639642,5,595581,31536000,1346.99,,,,,,,q1_graph4,2026-01-01 00:00:00,2026-01-01,1,1,1,0,financial,1,person,4,financial_category
639642,5,642329,31536000,1379.15,,,,,,,q1_graph4,2026-01-01 00:00:00,2026-01-01,1,1,1,0,financial,1,person,4,financial_category
639642,5,503701,31536000,2033.67,,,,,,,q1_graph4,2026-01-01 00:00:00,2026-01-01,1,1,1,0,financial,1,person,4,financial_category
639642,5,571970,31536000,75.2,,,,,,,q1_graph4,2026-01-01 00:00:00,2026-01-01,1,1,1,0,financial,1,person,4,financial_category
639642,5,644226,31536000,1415.71,,,,,,,q1_graph4,2026-01-01 00:00:00,2026-01-01,1,1,1,0,financial,1,person,4,financial_category
639642,5,632961,31536000,8.34,,,,,,,q1_graph4,2026-01-01 00:00:00,2026-01-01,1,1,1,0,financial,1,person,4,financial_category
639642,5,473173,31536000,1451.89,,,,,,,q1_graph4,2026-01-01 00:00:00,2026-01-01,1,1,1,0,financial,1,person,4,financial_category
639642,5,620120,31536000,1983.78,,,,,,,q1_graph4,2026-01-01 00:00:00,2026-01-01,1,1,1,0,financial,1,person,4,financial_category
639642,5,575030,31536000,3458.5,,,,,,,q1_graph4,2026-01-01 00:00:00,2026-01-01,1,1,1,0,financial,1,person,4,financial_category
639642,5,621924,31536000,450.07,,,,,,,q1_graph4,2026-01-01 00:00:00,2026-01-01,1,1,1,0,financial,1,person,4,financial_category
510031,5,639642,31536000,850.33,,,,,,,q1_graph4,2026-01-01 00:00:00,2026-01-01,1,1,1,0,financial,4,financial_category,1,person
552988,5,639642,31536000,17549.4,,,,,,,q1_graph4,2026-01-01 00:00:00,2026-01-01,1,1,1,0,financial,4,financial_category,1,person
585606,5,503218,31536000,636.46,,,,,,,q1_graph4,2026-01-01 00:00:00,2026-01-01,1,1,1,0,financial,1,person,4,financial_category
585606,5,536346,31536000,1624.18,,,,,,,q1_graph4,2026-01-01 00:00:00,2026-01-01,1,1,1,0,financial,1,person,4,financial_category
585606,5,527449,31536000,25.63,,,,,,,q1_graph4,2026-01-01 00:00:00,2026-01-01,1,1,1,0,financial,1,person,4,financial_category
585606,5,459381,31536000,705.58,,,,,,,q1_graph4,2026-01-01 00:00:00,2026-01-01,1,1,1,0,financial,1,person,4,financial_category
585606,5,595298,31536000,979.7,,,,,,,q1_graph4,2026-01-01 00:00:00,2026-01-01,1,1,1,0,financial,1,person,4,financial_category
585606,5,466907,31536000,56.59,,,,,,,q1_graph4,2026-01-01 00:00:00,2026-01-01,1,1,1,0,financial,1,person,4,financial_category
585606,5,589943,31536000,531.78,,,,,,,q1_graph4,2026-01-01 00:00:00,2026-01-01,1,1,1,0,financial,1,person,4,financial_category
585606,5,537281,31536000,317.77,,,,,,,q1_graph4,2026-01-01 00:00:00,2026-01-01,1,1,1,0,financial,1,person,4,financial_category
585606,5,595581,31536000,611.41,,,,,,,q1_graph4,2026-01-01 00:00:00,2026-01-01,1,1,1,0,financial,1,person,4,financial_category
585606,5,616315,31536000,1133.39,,,,,,,q1_graph4,2026-01-01 00:00:00,2026-01-01,1,1,1,0,financial,1,person,4,financial_category
585606,5,503701,31536000,1002.26,,,,,,,q1_graph4,2026-01-01 00:00:00,2026-01-01,1,1,1,0,financial,1,person,4,financial_category
585606,5,571970,31536000,67.06,,,,,,,q1_graph4,2026-01-01 00:00:00,2026-01-01,1,1,1,0,financial,1,person,4,financial_category
585606,5,644226,31536000,395.03,,,,,,,q1_graph4,2026-01-01 00:00:00,2026-01-01,1,1,1,0,financial,1,person,4,financial_category
585606,5,632961,31536000,61.78,,,,,,,q1_graph4,2026-01-01 00:00:00,2026-01-01,1,1,1,0,financial,1,person,4,financial_category
585606,5,473173,31536000,1396.83,,,,,,,q1_graph4,2026-01-01 00:00:00,2026-01-01,1,1,1,0,financial,1,person,4,financial_category
585606,5,620120,31536000,426.85,,,,,,,q1_graph4,2026-01-01 00:00:00,2026-01-01,1,1,1,0,financial,1,person,4,financial_category
585606,5,575030,31536000,6110.68,,,,,,,q1_graph4,2026-01-01 00:00:00,2026-01-01,1,1,1,0,financial,1,person,4,financial_category
585606,5,621924,31536000,4660.12,,,,,,,q1_graph4,2026-01-01 00:00:00,2026-01-01,1,1,1,0,financial,1,person,4,financial_category
510031,5,585606,31536000,563.88,,,,,,,q1_graph4,2026-01-01 00:00:00,2026-01-01,1,1,1,0,financial,4,financial_category,1,person
552988,5,585606,31536000,3906.88,,,,,,,q1_graph4,2026-01-01 00:00:00,2026-01-01,1,1,1,0,financial,4,financial_category,1,person
571369,5,640784,31536000,1746.28,,,,,,,q1_graph4,2026-01-01 00:00:00,2026-01-01,1,1,1,0,financial,1,person,4,financial_category
571369,5,536346,31536000,4328.33,,,,,,,q1_graph4,2026-01-01 00:00:00,2026-01-01,1,1,1,0,financial,1,person,4,financial_category
571369,5,527449,31536000,580.13,,,,,,,q1_graph4,2026-01-01 00:00:00,2026-01-01,1,1,1,0,financial,1,person,4,financial_category
571369,5,459381,31536000,1403.61,,,,,,,q1_graph4,2026-01-01 00:00:00,2026-01-01,1,1,1,0,financial,1,person,4,financial_category
571369,5,595298,31536000,6710.84,,,,,,,q1_graph4,2026-01-01 00:00:00,2026-01-01,1,1,1,0,financial,1,person,4,financial_category
571369,5,466907,31536000,2069.84,,,,,,,q1_graph4,2026-01-01 00:00:00,2026-01-01,1,1,1,0,financial,1,person,4,financial_category
571369,5,577992,31536000,1752.47,,,,,,,q1_graph4,2026-01-01 00:00:00,2026-01-01,1,1,1,0,financial,1,person,4,financial_category
571369,5,595581,31536000,4033.83,,,,,,,q1_graph4,2026-01-01 00:00:00,2026-01-01,1,1,1,0,financial,1,person,4,financial_category
571369,5,616315,31536000,6237.13,,,,,,,q1_graph4,2026-01-01 00:00:00,2026-01-01,1,1,1,0,financial,1,person,4,financial_category
571369,5,642329,31536000,2505.02,,,,,,,q1_graph4,2026-01-01 00:00:00,2026-01-01,1,1,1,0,financial,1,person,4,financial_category
571369,5,503701,31536000,13236.0,,,,,,,q1_graph4,2026-01-01 00:00:00,2026-01-01,1,1,1,0,financial,1,person,4,financial_category
571369,5,571970,31536000,1469.8,,,,,,,q1_graph4,2026-01-01 00:00:00,2026-01-01,1,1,1,0,financial,1,person,4,financial_category
571369,5,644226,31536000,5371.76,,,,,,,q1_graph4,2026-01-01 00:00:00,2026-01-01,1,1,1,0,financial,1,person,4,financial_category
571369,5,632961,31536000,1665.05,,,,,,,q1_graph4,2026-01-01 00:00:00,2026-01-01,1,1,1,0,financial,1,person,4,financial_category
571369,5,473173,31536000,2302.65,,,,,,,q1_graph4,2026-01-01 00:00:00,2026-01-01,1,1,1,0,financial,1,person,4,financial_category
571369,5,620120,31536000,25968.1,,,,,,,q1_graph4,2026-01-01 00:00:00,2026-01-01,1,1,1,0,financial,1,person,4,financial_category
571369,5,575030,31536000,39565.6,,,,,,,q1_graph4,2026-01-01 00:00:00,2026-01-01,1,1,1,0,financial,1,person,4,financial_category
571369,5,621924,31536000,4412.93,,,,,,,q1_graph4,2026-01-01 00:00:00,2026-01-01,1,1,1,0,financial,1,person,4,financial_category
510031,5,571369,31536000,7855.5,,,,,,,q1_graph4,2026-01-01 00:00:00,2026-01-01,1,1,1,0,financial,4,financial_category,1,person
552988,5,571369,31536000,141744.0,,,,,,,q1_graph4,2026-01-01 00:00:00,2026-01-01,1,1,1,0,financial,4,financial_category,1,person
516873,5,640784,31536000,1118.65,,,,,,,q1_graph4,2026-01-01 00:00:00,2026-01-01,1,1,1,0,financial,1,person,4,financial_category
516873,5,536346,31536000,1367.23,,,,,,,q1_graph4,2026-01-01 00:00:00,2026-01-01,1,1,1,0,financial,1,person,4,financial_category
516873,5,527449,31536000,364.94,,,,,,,q1_graph4,2026-01-01 00:00:00,2026-01-01,1,1,1,0,financial,1,person,4,financial_category
516873,5,459381,31536000,875.9,,,,,,,q1_graph4,2026-01-01 00:00:00,2026-01-01,1,1,1,0,financial,1,person,4,financial_category
516873,5,595298,31536000,2110.77,,,,,,,q1_graph4,2026-01-01 00:00:00,2026-01-01,1,1,1,0,financial,1,person,4,financial_category
516873,5,466907,31536000,1033.21,,,,,,,q1_graph4,2026-01-01 00:00:00,2026-01-01,1,1,1,0,financial,1,person,4,financial_category
516873,5,589943,31536000,4952.46,,,,,,,q1_graph4,2026-01-01 00:00:00,2026-01-01,1,1,1,0,financial,1,person,4,financial_category
516873,5,577992,31536000,4771.52,,,,,,,q1_graph4,2026-01-01 00:00:00,2026-01-01,1,1,1,0,financial,1,person,4,financial_category
516873,5,537281,31536000,552.41,,,,,,,q1_graph4,2026-01-01 00:00:00,2026-01-01,1,1,1,0,financial,1,person,4,financial_category
516873,5,523927,31536000,9585.05,,,,,,,q1_graph4,2026-01-01 00:00:00,2026-01-01,1,1,1,0,financial,1,person,4,financial_category
516873,5,580426,31536000,3966.64,,,,,,,q1_graph4,2026-01-01 00:00:00,2026-01-01,1,1,1,0,financial,1,person,4,financial_category
516873,5,616315,31536000,3586.36,,,,,,,q1_graph4,2026-01-01 00:00:00,2026-01-01,1,1,1,0,financial,1,person,4,financial_category
516873,5,642329,31536000,3838.17,,,,,,,q1_graph4,2026-01-01 00:00:00,2026-01-01,1,1,1,0,financial,1,person,4,financial_category
516873,5,503701,31536000,2835.05,,,,,,,q1_graph4,2026-01-01 00:00:00,2026-01-01,1,1,1,0,financial,1,person,4,financial_category
516873,5,644226,31536000,3068.77,,,,,,,q1_graph4,2026-01-01 00:00:00,2026-01-01,1,1,1,0,financial,1,person,4,financial_category
516873,5,632961,31536000,314.77,,,,,,,q1_graph4,2026-01-01 00:00:00,2026-01-01,1,1,1,0,financial,1,person,4,financial_category
516873,5,473173,31536000,1459.69,,,,,,,q1_graph4,2026-01-01 00:00:00,2026-01-01,1,1,1,0,financial,1,person,4,financial_category
516873,5,620120,31536000,97608.4,,,,,,,q1_graph4,2026-01-01 00:00:00,2026-01-01,1,1,1,0,financial,1,person,4,financial_category
516873,5,575030,31536000,10798.3,,,,,,,q1_graph4,2026-01-01 00:00:00,2026-01-01,1,1,1,0,financial,1,person,4,financial_category
516873,5,621924,31536000,31264.8,,,,,,,q1_graph4,2026-01-01 00:00:00,2026-01-01,1,1,1,0,financial,1,person,4,financial_category
552988,5,516873,31536000,67163.2,,,,,,,q1_graph4,2026-01-01 00:00:00,2026-01-01,1,1,1,0,financial,4,financial_category,1,person
566580,5,640784,31536000,132.44,,,,,,,q1_graph4,2026-01-01 00:00:00,2026-01-01,1,1,1,0,financial,1,person,4,financial_category
566580,5,630626,31536000,1740.54,,,,,,,q1_graph4,2026-01-01 00:00:00,2026-01-01,1,1,1,0,financial,1,person,4,financial_category
566580,5,527449,31536000,103.7,,,,,,,q1_graph4,2026-01-01 00:00:00,2026-01-01,1,1,1,0,financial,1,person,4,financial_category
566580,5,459381,31536000,81.43,,,,,,,q1_graph4,2026-01-01 00:00:00,2026-01-01,1,1,1,0,financial,1,person,4,financial_category
566580,5,595298,31536000,1583.24,,,,,,,q1_graph4,2026-01-01 00:00:00,2026-01-01,1,1,1,0,financial,1,person,4,financial_category
566580,5,466907,31536000,49.59,,,,,,,q1_graph4,2026-01-01 00:00:00,2026-01-01,1,1,1,0,financial,1,person,4,financial_category
566580,5,577992,31536000,1649.44,,,,,,,q1_graph4,2026-01-01 00:00:00,2026-01-01,1,1,1,0,financial,1,person,4,financial_category
566580,5,523927,31536000,2275.25,,,,,,,q1_graph4,2026-01-01 00:00:00,2026-01-01,1,1,1,0,financial,1,person,4,financial_category
566580,5,616315,31536000,1188.57,,,,,,,q1_graph4,2026-01-01 00:00:00,2026-01-01,1,1,1,0,financial,1,person,4,financial_category
566580,5,632961,31536000,221.39,,,,,,,q1_graph4,2026-01-01 00:00:00,2026-01-01,1,1,1,0,financial,1,person,4,financial_category
566580,5,473173,31536000,584.72,,,,,,,q1_graph4,2026-01-01 00:00:00,2026-01-01,1,1,1,0,financial,1,person,4,financial_category
566580,5,620120,31536000,106.88,,,,,,,q1_graph4,2026-01-01 00:00:00,2026-01-01,1,1,1,0,financial,1,person,4,financial_category
566580,5,575030,31536000,3687.2,,,,,,,q1_graph4,2026-01-01 00:00:00,2026-01-01,1,1,1,0,financial,1,person,4,financial_category
566580,5,621924,31536000,788.91,,,,,,,q1_graph4,2026-01-01 00:00:00,2026-01-01,1,1,1,0,financial,1,person,4,financial_category
510031,5,566580,31536000,19.13,,,,,,,q1_graph4,2026-01-01 00:00:00,2026-01-01,1,1,1,0,financial,4,financial_category,1,person
552988,5,566580,31536000,3158.36,,,,,,,q1_graph4,2026-01-01 00:00:00,2026-01-01,1,1,1,0,financial,4,financial_category,1,person
477374,5,640784,31536000,146.83,,,,,,,q1_graph4,2026-01-01 00:00:00,2026-01-01,1,1,1,0,financial,1,person,4,financial_category
477374,5,536346,31536000,715.96,,,,,,,q1_graph4,2026-01-01 00:00:00,2026-01-01,1,1,1,0,financial,1,person,4,financial_category
477374,5,567195,31536000,1045.51,,,,,,,q1_graph4,2026-01-01 00:00:00,2026-01-01,1,1,1,0,financial,1,person,4,financial_category
477374,5,527449,31536000,272.05,,,,,,,q1_graph4,2026-01-01 00:00:00,2026-01-01,1,1,1,0,financial,1,person,4,financial_category
477374,5,459381,31536000,330.65,,,,,,,q1_graph4,2026-01-01 00:00:00,2026-01-01,1,1,1,0,financial,1,person,4,financial_category
477374,5,595298,31536000,692.91,,,,,,,q1_graph4,2026-01-01 00:00:00,2026-01-01,1,1,1,0,financial,1,person,4,financial_category
477374,5,466907,31536000,56.24,,,,,,,q1_graph4,2026-01-01 00:00:00,2026-01-01,1,1,1,0,financial,1,person,4,financial_category
477374,5,589943,31536000,191.21,,,,,,,q1_graph4,2026-01-01 00:00:00,2026-01-01,1,1,1,0,financial,1,person,4,financial_category
477374,5,537281,31536000,34.71,,,,,,,q1_graph4,2026-01-01 00:00:00,2026-01-01,1,1,1,0,financial,1,person,4,financial_category
477374,5,523927,31536000,897.96,,,,,,,q1_graph4,2026-01-01 00:00:00,2026-01-01,1,1,1,0,financial,1,person,4,financial_category
477374,5,580426,31536000,24.56,,,,,,,q1_graph4,2026-01-01 00:00:00,2026-01-01,1,1,1,0,financial,1,person,4,financial_category
477374,5,595581,31536000,1136.23,,,,,,,q1_graph4,2026-01-01 00:00:00,2026-01-01,1,1,1,0,financial,1,person,4,financial_category
477374,5,642329,31536000,180.66,,,,,,,q1_graph4,2026-01-01 00:00:00,2026-01-01,1,1,1,0,financial,1,person,4,financial_category
477374,5,503701,31536000,2295.07,,,,,,,q1_graph4,2026-01-01 00:00:00,2026-01-01,1,1,1,0,financial,1,person,4,financial_category
477374,5,571970,31536000,64.76,,,,,,,q1_graph4,2026-01-01 00:00:00,2026-01-01,1,1,1,0,financial,1,person,4,financial_category
477374,5,644226,31536000,622.83,,,,,,,q1_graph4,2026-01-01 00:00:00,2026-01-01,1,1,1,0,financial,1,person,4,financial_category
477374,5,473173,31536000,710.23,,,,,,,q1_graph4,2026-01-01 00:00:00,2026-01-01,1,1,1,0,financial,1,person,4,financial_category
477374,5,620120,31536000,1198.06,,,,,,,q1_graph4,2026-01-01 00:00:00,2026-01-01,1,1,1,0,financial,1,person,4,financial_category
477374,5,575030,31536000,333.32,,,,,,,q1_graph4,2026-01-01 00:00:00,2026-01-01,1,1,1,0,financial,1,person,4,financial_category
477374,5,621924,31536000,272.08,,,,,,,q1_graph4,2026-01-01 00:00:00,2026-01-01,1,1,1,0,financial,1,person,4,financial_category
552988,5,477374,31536000,13703.4,,,,,,,q1_graph4,2026-01-01 00:00:00,2026-01-01,1,1,1,0,financial,4,financial_category,1,person
584457,5,640784,31536000,383.6,,,,,,,q1_graph4,2026-01-01 00:00:00,2026-01-01,1,1,1,0,financial,1,person,4,financial_category
584457,5,536346,31536000,1488.77,,,,,,,q1_graph4,2026-01-01 00:00:00,2026-01-01,1,1,1,0,financial,1,person,4,financial_category
584457,5,567195,31536000,1088.44,,,,,,,q1_graph4,2026-01-01 00:00:00,2026-01-01,1,1,1,0,financial,1,person,4,financial_category
584457,5,527449,31536000,61.59,,,,,,,q1_graph4,2026-01-01 00:00:00,2026-01-01,1,1,1,0,financial,1,person,4,financial_category
584457,5,459381,31536000,301.58,,,,,,,q1_graph4,2026-01-01 00:00:00,2026-01-01,1,1,1,0,financial,1,person,4,financial_category
584457,5,595298,31536000,137.73,,,,,,,q1_graph4,2026-01-01 00:00:00,2026-01-01,1,1,1,0,financial,1,person,4,financial_category
584457,5,589943,31536000,2064.53,,,,,,,q1_graph4,2026-01-01 00:00:00,2026-01-01,1,1,1,0,financial,1,person,4,financial_category
584457,5,537281,31536000,111.43,,,,,,,q1_graph4,2026-01-01 00:00:00,2026-01-01,1,1,1,0,financial,1,person,4,financial_category
584457,5,523927,31536000,1285.34,,,,,,,q1_graph4,2026-01-01 00:00:00,2026-01-01,1,1,1,0,financial,1,person,4,financial_category
584457,5,580426,31536000,53.76,,,,,,,q1_graph4,2026-01-01 00:00:00,2026-01-01,1,1,1,0,financial,1,person,4,financial_category
584457,5,595581,31536000,31.71,,,,,,,q1_graph4,2026-01-01 00:00:00,2026-01-01,1,1,1,0,financial,1,person,4,financial_category
584457,5,616315,31536000,843.95,,,,,,,q1_graph4,2026-01-01 00:00:00,2026-01-01,1,1,1,0,financial,1,person,4,financial_category
584457,5,503701,31536000,1347.57,,,,,,,q1_graph4,2026-01-01 00:00:00,2026-01-01,1,1,1,0,financial,1,person,4,financial_category
584457,5,571970,31536000,123.98,,,,,,,q1_graph4,2026-01-01 00:00:00,2026-01-01,1,1,1,0,financial,1,person,4,financial_category
584457,5,644226,31536000,594.22,,,,,,,q1_graph4,2026-01-01 00:00:00,2026-01-01,1,1,1,0,financial,1,person,4,financial_category
584457,5,473173,31536000,127.35,,,,,,,q1_graph4,2026-01-01 00:00:00,2026-01-01,1,1,1,0,financial,1,person,4,financial_category
584457,5,620120,31536000,736.57,,,,,,,q1_graph4,2026-01-01 00:00:00,2026-01-01,1,1,1,0,financial,1,person,4,financial_category
584457,5,575030,31536000,2645.89,,,,,,,q1_graph4,2026-01-01 00:00:00,2026-01-01,1,1,1,0,financial,1,person,4,financial_category
510031,5,584457,31536000,326.38,,,,,,,q1_graph4,2026-01-01 00:00:00,2026-01-01,1,1,1,0,financial,4,financial_category,1,person
552988,5,584457,31536000,4963.3,,,,,,,q1_graph4,2026-01-01 00:00:00,2026-01-01,1,1,1,0,financial,4,financial_category,1,person
544636,5,640784,31536000,648.85,,,,,,,q1_graph4,2026-01-01 00:00:00,2026-01-01,1,1,1,0,financial,1,person,4,financial_category
544636,5,503218,31536000,826.9,,,,,,,q1_graph4,2026-01-01 00:00:00,2026-01-01,1,1,1,0,financial,1,person,4,financial_category
544636,5,630626,31536000,6870.03,,,,,,,q1_graph4,2026-01-01 00:00:00,2026-01-01,1,1,1,0,financial,1,person,4,financial_category
544636,5,567195,31536000,11603.1,,,,,,,q1_graph4,2026-01-01 00:00:00,2026-01-01,1,1,1,0,financial,1,person,4,financial_category
544636,5,527449,31536000,157.01,,,,,,,q1_graph4,2026-01-01 00:00:00,2026-01-01,1,1,1,0,financial,1,person,4,financial_category
544636,5,459381,31536000,408.08,,,,,,,q1_graph4,2026-01-01 00:00:00,2026-01-01,1,1,1,0,financial,1,person,4,financial_category
544636,5,595298,31536000,781.41,,,,,,,q1_graph4,2026-01-01 00:00:00,2026-01-01,1,1,1,0,financial,1,person,4,financial_category
544636,5,466907,31536000,585.1,,,,,,,q1_graph4,2026-01-01 00:00:00,2026-01-01,1,1,1,0,financial,1,person,4,financial_category
544636,5,577992,31536000,1345.64,,,,,,,q1_graph4,2026-01-01 00:00:00,2026-01-01,1,1,1,0,financial,1,person,4,financial_category
544636,5,537281,31536000,482.61,,,,,,,q1_graph4,2026-01-01 00:00:00,2026-01-01,1,1,1,0,financial,1,person,4,financial_category
544636,5,523927,31536000,1823.33,,,,,,,q1_graph4,2026-01-01 00:00:00,2026-01-01,1,1,1,0,financial,1,person,4,financial_category
544636,5,580426,31536000,266.98,,,,,,,q1_graph4,2026-01-01 00:00:00,2026-01-01,1,1,1,0,financial,1,person,4,financial_category
544636,5,595581,31536000,3506.07,,,,,,,q1_graph4,2026-01-01 00:00:00,2026-01-01,1,1,1,0,financial,1,person,4,financial_category
544636,5,616315,31536000,1135.68,,,,,,,q1_graph4,2026-01-01 00:00:00,2026-01-01,1,1,1,0,financial,1,person,4,financial_category
544636,5,503701,31536000,1866.86,,,,,,,q1_graph4,2026-01-01 00:00:00,2026-01-01,1,1,1,0,financial,1,person,4,financial_category
544636,5,571970,31536000,78.41,,,,,,,q1_graph4,2026-01-01 00:00:00,2026-01-01,1,1,1,0,financial,1,person,4,financial_category
544636,5,632961,31536000,31.31,,,,,,,q1_graph4,2026-01-01 00:00:00,2026-01-01,1,1,1,0,financial,1,person,4,financial_category
544636,5,473173,31536000,362.15,,,,,,,q1_graph4,2026-01-01 00:00:00,2026-01-01,1,1,1,0,financial,1,person,4,financial_category
544636,5,620120,31536000,7595.77,,,,,,,q1_graph4,2026-01-01 00:00:00,2026-01-01,1,1,1,0,financial,1,person,4,financial_category
544636,5,575030,31536000,1166.13,,,,,,,q1_graph4,2026-01-01 00:00:00,2026-01-01,1,1,1,0,financial,1,person,4,financial_category
510031,5,544636,31536000,777.87,,,,,,,q1_graph4,2026-01-01 00:00:00,2026-01-01,1,1,1,0,financial,4,financial_category,1,person
552988,5,544636,31536000,38582.0,,,,,,,q1_graph4,2026-01-01 00:00:00,2026-01-01,1,1,1,0,financial,4,financial_category,1,person
483005,5,640784,31536000,304.09,,,,,,,q1_graph4,2026-01-01 00:00:00,2026-01-01,1,1,1,0,financial,1,person,4,financial_category
483005,5,503218,31536000,309.77,,,,,,,q1_graph4,2026-01-01 00:00:00,2026-01-01,1,1,1,0,financial,1,person,4,financial_category
483005,5,536346,31536000,562.84,,,,,,,q1_graph4,2026-01-01 00:00:00,2026-01-01,1,1,1,0,financial,1,person,4,financial_category
483005,5,567195,31536000,743.14,,,,,,,q1_graph4,2026-01-01 00:00:00,2026-01-01,1,1,1,0,financial,1,person,4,financial_category
483005,5,527449,31536000,273.13,,,,,,,q1_graph4,2026-01-01 00:00:00,2026-01-01,1,1,1,0,financial,1,person,4,financial_category
483005,5,459381,31536000,424.78,,,,,,,q1_graph4,2026-01-01 00:00:00,2026-01-01,1,1,1,0,financial,1,person,4,financial_category
483005,5,595298,31536000,1796.07,,,,,,,q1_graph4,2026-01-01 00:00:00,2026-01-01,1,1,1,0,financial,1,person,4,financial_category
483005,5,466907,31536000,265.53,,,,,,,q1_graph4,2026-01-01 00:00:00,2026-01-01,1,1,1,0,financial,1,person,4,financial_category
483005,5,577992,31536000,2077.39,,,,,,,q1_graph4,2026-01-01 00:00:00,2026-01-01,1,1,1,0,financial,1,person,4,financial_category
483005,5,537281,31536000,339.53,,,,,,,q1_graph4,2026-01-01 00:00:00,2026-01-01,1,1,1,0,financial,1,person,4,financial_category
483005,5,523927,31536000,147.51,,,,,,,q1_graph4,2026-01-01 00:00:00,2026-01-01,1,1,1,0,financial,1,person,4,financial_category
483005,5,580426,31536000,576.65,,,,,,,q1_graph4,2026-01-01 00:00:00,2026-01-01,1,1,1,0,financial,1,person,4,financial_category
483005,5,595581,31536000,138.96,,,,,,,q1_graph4,2026-01-01 00:00:00,2026-01-01,1,1,1,0,financial,1,person,4,financial_category
483005,5,616315,31536000,578.05,,,,,,,q1_graph4,2026-01-01 00:00:00,2026-01-01,1,1,1,0,financial,1,person,4,financial_category
483005,5,642329,31536000,856.97,,,,,,,q1_graph4,2026-01-01 00:00:00,2026-01-01,1,1,1,0,financial,1,person,4,financial_category
483005,5,503701,31536000,839.07,,,,,,,q1_graph4,2026-01-01 00:00:00,2026-01-01,1,1,1,0,financial,1,person,4,financial_category
483005,5,644226,31536000,950.07,,,,,,,q1_graph4,2026-01-01 00:00:00,2026-01-01,1,1,1,0,financial,1,person,4,financial_category
483005,5,473173,31536000,269.26,,,,,,,q1_graph4,2026-01-01 00:00:00,2026-01-01,1,1,1,0,financial,1,person,4,financial_category
483005,5,575030,31536000,1337.98,,,,,,,q1_graph4,2026-01-01 00:00:00,2026-01-01,1,1,1,0,financial,1,person,4,financial_category
483005,5,621924,31536000,3561.76,,,,,,,q1_graph4,2026-01-01 00:00:00,2026-01-01,1,1,1,0,financial,1,person,4,financial_category
552988,5,483005,31536000,4521.72,,,,,,,q1_graph4,2026-01-01 00:00:00,2026-01-01,1,1,1,0,financial,4,financial_category,1,person
620120,5,483005,31536000,415.16,,,,,,,q1_graph4,2026-01-01 00:00:00,2026-01-01,1,1,1,0,financial,4,financial_category,1,person
579305,5,536346,31536000,1610.81,,,,,,,q1_graph4,2026-01-01 00:00:00,2026-01-01,1,1,1,0,financial,1,person,4,financial_category
579305,5,567195,31536000,2358.23,,,,,,,q1_graph4,2026-01-01 00:00:00,2026-01-01,1,1,1,0,financial,1,person,4,financial_category
579305,5,527449,31536000,709.81,,,,,,,q1_graph4,2026-01-01 00:00:00,2026-01-01,1,1,1,0,financial,1,person,4,financial_category
579305,5,459381,31536000,902.26,,,,,,,q1_graph4,2026-01-01 00:00:00,2026-01-01,1,1,1,0,financial,1,person,4,financial_category
579305,5,595298,31536000,5024.56,,,,,,,q1_graph4,2026-01-01 00:00:00,2026-01-01,1,1,1,0,financial,1,person,4,financial_category
579305,5,466907,31536000,1704.0,,,,,,,q1_graph4,2026-01-01 00:00:00,2026-01-01,1,1,1,0,financial,1,person,4,financial_category
579305,5,589943,31536000,2187.16,,,,,,,q1_graph4,2026-01-01 00:00:00,2026-01-01,1,1,1,0,financial,1,person,4,financial_category
579305,5,537281,31536000,181.37,,,,,,,q1_graph4,2026-01-01 00:00:00,2026-01-01,1,1,1,0,financial,1,person,4,financial_category
579305,5,523927,31536000,2968.37,,,,,,,q1_graph4,2026-01-01 00:00:00,2026-01-01,1,1,1,0,financial,1,person,4,financial_category
579305,5,580426,31536000,756.21,,,,,,,q1_graph4,2026-01-01 00:00:00,2026-01-01,1,1,1,0,financial,1,person,4,financial_category
579305,5,595581,31536000,4096.56,,,,,,,q1_graph4,2026-01-01 00:00:00,2026-01-01,1,1,1,0,financial,1,person,4,financial_category
579305,5,616315,31536000,3014.6,,,,,,,q1_graph4,2026-01-01 00:00:00,2026-01-01,1,1,1,0,financial,1,person,4,financial_category
579305,5,642329,31536000,3210.12,,,,,,,q1_graph4,2026-01-01 00:00:00,2026-01-01,1,1,1,0,financial,1,person,4,financial_category
579305,5,571970,31536000,271.1,,,,,,,q1_graph4,2026-01-01 00:00:00,2026-01-01,1,1,1,0,financial,1,person,4,financial_category
579305,5,644226,31536000,3653.69,,,,,,,q1_graph4,2026-01-01 00:00:00,2026-01-01,1,1,1,0,financial,1,person,4,financial_category
579305,5,632961,31536000,301.26,,,,,,,q1_graph4,2026-01-01 00:00:00,2026-01-01,1,1,1,0,financial,1,person,4,financial_category
579305,5,473173,31536000,80.93,,,,,,,q1_graph4,2026-01-01 00:00:00,2026-01-01,1,1,1,0,financial,1,person,4,financial_category
579305,5,620120,31536000,874.84,,,,,,,q1_graph4,2026-01-01 00:00:00,2026-01-01,1,1,1,0,financial,1,person,4,financial_category
579305,5,575030,31536000,17251.3,,,,,,,q1_graph4,2026-01-01 00:00:00,2026-01-01,1,1,1,0,financial,1,person,4,financial_category
579305,5,621924,31536000,14454.6,,,,,,,q1_graph4,2026-01-01 00:00:00,2026-01-01,1,1,1,0,financial,1,person,4,financial_category
510031,5,579305,31536000,1119.39,,,,,,,q1_graph4,2026-01-01 00:00:00,2026-01-01,1,1,1,0,financial,4,financial_category,1,person
552988,5,579305,31536000,27376.1,,,,,,,q1_graph4,2026-01-01 00:00:00,2026-01-01,1,1,1,0,financial,4,financial_category,1,person
601496,5,630626,31536000,4789.41,,,,,,,q1_graph4,2026-01-01 00:00:00,2026-01-01,1,1,1,0,financial,1,person,4,financial_category
601496,5,567195,31536000,483.42,,,,,,,q1_graph4,2026-01-01 00:00:00,2026-01-01,1,1,1,0,financial,1,person,4,financial_category
601496,5,527449,31536000,430.54,,,,,,,q1_graph4,2026-01-01 00:00:00,2026-01-01,1,1,1,0,financial,1,person,4,financial_category
601496,5,459381,31536000,466.44,,,,,,,q1_graph4,2026-01-01 00:00:00,2026-01-01,1,1,1,0,financial,1,person,4,financial_category
601496,5,595298,31536000,813.91,,,,,,,q1_graph4,2026-01-01 00:00:00,2026-01-01,1,1,1,0,financial,1,person,4,financial_category
601496,5,466907,31536000,513.06,,,,,,,q1_graph4,2026-01-01 00:00:00,2026-01-01,1,1,1,0,financial,1,person,4,financial_category
601496,5,606730,31536000,400.64,,,,,,,q1_graph4,2026-01-01 00:00:00,2026-01-01,1,1,1,0,financial,1,person,4,financial_category
601496,5,589943,31536000,875.81,,,,,,,q1_graph4,2026-01-01 00:00:00,2026-01-01,1,1,1,0,financial,1,person,4,financial_category
601496,5,577992,31536000,468.27,,,,,,,q1_graph4,2026-01-01 00:00:00,2026-01-01,1,1,1,0,financial,1,person,4,financial_category
601496,5,537281,31536000,111.51,,,,,,,q1_graph4,2026-01-01 00:00:00,2026-01-01,1,1,1,0,financial,1,person,4,financial_category
601496,5,523927,31536000,1547.32,,,,,,,q1_graph4,2026-01-01 00:00:00,2026-01-01,1,1,1,0,financial,1,person,4,financial_category
601496,5,580426,31536000,391.11,,,,,,,q1_graph4,2026-01-01 00:00:00,2026-01-01,1,1,1,0,financial,1,person,4,financial_category
601496,5,595581,31536000,331.23,,,,,,,q1_graph4,2026-01-01 00:00:00,2026-01-01,1,1,1,0,financial,1,person,4,financial_category
601496,5,616315,31536000,1009.57,,,,,,,q1_graph4,2026-01-01 00:00:00,2026-01-01,1,1,1,0,financial,1,person,4,financial_category
601496,5,642329,31536000,168.6,,,,,,,q1_graph4,2026-01-01 00:00:00,2026-01-01,1,1,1,0,financial,1,person,4,financial_category
601496,5,503701,31536000,1997.14,,,,,,,q1_graph4,2026-01-01 00:00:00,2026-01-01,1,1,1,0,financial,1,person,4,financial_category
601496,5,571970,31536000,66.41,,,,,,,q1_graph4,2026-01-01 00:00:00,2026-01-01,1,1,1,0,financial,1,person,4,financial_category
601496,5,632961,31536000,47.31,,,,,,,q1_graph4,2026-01-01 00:00:00,2026-01-01,1,1,1,0,financial,1,person,4,financial_category
601496,5,473173,31536000,1078.45,,,,,,,q1_graph4,2026-01-01 00:00:00,2026-01-01,1,1,1,0,financial,1,person,4,financial_category
601496,5,620120,31536000,206.88,,,,,,,q1_graph4,2026-01-01 00:00:00,2026-01-01,1,1,1,0,financial,1,person,4,financial_category
601496,5,575030,31536000,1817.39,,,,,,,q1_graph4,2026-01-01 00:00:00,2026-01-01,1,1,1,0,financial,1,person,4,financial_category
552988,5,601496,31536000,8395.12,,,,,,,q1_graph4,2026-01-01 00:00:00,2026-01-01,1,1,1,0,financial,4,financial_category,1,person
628320,5,640784,31536000,198.72,,,,,,,q1_graph4,2026-01-01 00:00:00,2026-01-01,1,1,1,0,financial,1,person,4,financial_category
628320,5,536346,31536000,48.44,,,,,,,q1_graph4,2026-01-01 00:00:00,2026-01-01,1,1,1,0,financial,1,person,4,financial_category
628320,5,520660,31536000,1444.23,,,,,,,q1_graph4,2026-01-01 00:00:00,2026-01-01,1,1,1,0,financial,1,person,4,financial_category
628320,5,567195,31536000,414.14,,,,,,,q1_graph4,2026-01-01 00:00:00,2026-01-01,1,1,1,0,financial,1,person,4,financial_category
628320,5,527449,31536000,162.71,,,,,,,q1_graph4,2026-01-01 00:00:00,2026-01-01,1,1,1,0,financial,1,person,4,financial_category
628320,5,459381,31536000,284.91,,,,,,,q1_graph4,2026-01-01 00:00:00,2026-01-01,1,1,1,0,financial,1,person,4,financial_category
628320,5,595298,31536000,1626.88,,,,,,,q1_graph4,2026-01-01 00:00:00,2026-01-01,1,1,1,0,financial,1,person,4,financial_category
628320,5,466907,31536000,235.4,,,,,,,q1_graph4,2026-01-01 00:00:00,2026-01-01,1,1,1,0,financial,1,person,4,financial_category
628320,5,577992,31536000,597.67,,,,,,,q1_graph4,2026-01-01 00:00:00,2026-01-01,1,1,1,0,financial,1,person,4,financial_category
628320,5,537281,31536000,151.93,,,,,,,q1_graph4,2026-01-01 00:00:00,2026-01-01,1,1,1,0,financial,1,person,4,financial_category
628320,5,523927,31536000,940.97,,,,,,,q1_graph4,2026-01-01 00:00:00,2026-01-01,1,1,1,0,financial,1,person,4,financial_category
628320,5,580426,31536000,430.79,,,,,,,q1_graph4,2026-01-01 00:00:00,2026-01-01,1,1,1,0,financial,1,person,4,financial_category
628320,5,595581,31536000,964.22,,,,,,,q1_graph4,2026-01-01 00:00:00,2026-01-01,1,1,1,0,financial,1,person,4,financial_category
628320,5,616315,31536000,1019.65,,,,,,,q1_graph4,2026-01-01 00:00:00,2026-01-01,1,1,1,0,financial,1,person,4,financial_category
628320,5,642329,31536000,669.5,,,,,,,q1_graph4,2026-01-01 00:00:00,2026-01-01,1,1,1,0,financial,1,person,4,financial_category
628320,5,503701,31536000,2076.09,,,,,,,q1_graph4,2026-01-01 00:00:00,2026-01-01,1,1,1,0,financial,1,person,4,financial_category
628320,5,571970,31536000,64.94,,,,,,,q1_graph4,2026-01-01 00:00:00,2026-01-01,1,1,1,0,financial,1,person,4,financial_category
628320,5,644226,31536000,422.27,,,,,,,q1_graph4,2026-01-01 00:00:00,2026-01-01,1,1,1,0,financial,1,person,4,financial_category
628320,5,632961,31536000,208.23,,,,,,,q1_graph4,2026-01-01 00:00:00,2026-01-01,1,1,1,0,financial,1,person,4,financial_category
628320,5,473173,31536000,335.43,,,,,,,q1_graph4,2026-01-01 00:00:00,2026-01-01,1,1,1,0,financial,1,person,4,financial_category
628320,5,620120,31536000,356.86,,,,,,,q1_graph4,2026-01-01 00:00:00,2026-01-01,1,1,1,0,financial,1,person,4,financial_category
628320,5,575030,31536000,1687.09,,,,,,,q1_graph4,2026-01-01 00:00:00,2026-01-01,1,1,1,0,financial,1,person,4,financial_category
510031,5,628320,31536000,369.59,,,,,,,q1_graph4,2026-01-01 00:00:00,2026-01-01,1,1,1,0,financial,4,financial_category,1,person
552988,5,628320,31536000,10065.5,,,,,,,q1_graph4,2026-01-01 00:00:00,2026-01-01,1,1,1,0,financial,4,financial_category,1,person
541907,5,630626,31536000,2670.87,,,,,,,q1_graph4,2026-01-01 00:00:00,2026-01-01,1,1,1,0,financial,1,person,4,financial_category
541907,5,567195,31536000,1097.67,,,,,,,q1_graph4,2026-01-01 00:00:00,2026-01-01,1,1,1,0,financial,1,person,4,financial_category
541907,5,527449,31536000,3.66,,,,,,,q1_graph4,2026-01-01 00:00:00,2026-01-01,1,1,1,0,financial,1,person,4,financial_category
541907,5,459381,31536000,195.12,,,,,,,q1_graph4,2026-01-01 00:00:00,2026-01-01,1,1,1,0,financial,1,person,4,financial_category
541907,5,595298,31536000,733.14,,,,,,,q1_graph4,2026-01-01 00:00:00,2026-01-01,1,1,1,0,financial,1,person,4,financial_category
541907,5,466907,31536000,206.59,,,,,,,q1_graph4,2026-01-01 00:00:00,2026-01-01,1,1,1,0,financial,1,person,4,financial_category
541907,5,606730,31536000,332.15,,,,,,,q1_graph4,2026-01-01 00:00:00,2026-01-01,1,1,1,0,financial,1,person,4,financial_category
541907,5,589943,31536000,461.43,,,,,,,q1_graph4,2026-01-01 00:00:00,2026-01-01,1,1,1,0,financial,1,person,4,financial_category
541907,5,537281,31536000,245.0,,,,,,,q1_graph4,2026-01-01 00:00:00,2026-01-01,1,1,1,0,financial,1,person,4,financial_category
541907,5,580426,31536000,371.91,,,,,,,q1_graph4,2026-01-01 00:00:00,2026-01-01,1,1,1,0,financial,1,person,4,financial_category
541907,5,595581,31536000,465.34,,,,,,,q1_graph4,2026-01-01 00:00:00,2026-01-01,1,1,1,0,financial,1,person,4,financial_category
541907,5,616315,31536000,492.28,,,,,,,q1_graph4,2026-01-01 00:00:00,2026-01-01,1,1,1,0,financial,1,person,4,financial_category
541907,5,642329,31536000,120.76,,,,,,,q1_graph4,2026-01-01 00:00:00,2026-01-01,1,1,1,0,financial,1,person,4,financial_category
541907,5,503701,31536000,435.81,,,,,,,q1_graph4,2026-01-01 00:00:00,2026-01-01,1,1,1,0,financial,1,person,4,financial_category
541907,5,632961,31536000,114.54,,,,,,,q1_graph4,2026-01-01 00:00:00,2026-01-01,1,1,1,0,financial,1,person,4,financial_category
541907,5,473173,31536000,43.82,,,,,,,q1_graph4,2026-01-01 00:00:00,2026-01-01,1,1,1,0,financial,1,person,4,financial_category
510031,5,541907,31536000,357.94,,,,,,,q1_graph4,2026-01-01 00:00:00,2026-01-01,1,1,1,0,financial,4,financial_category,1,person
552988,5,541907,31536000,7219.68,,,,,,,q1_graph4,2026-01-01 00:00:00,2026-01-01,1,1,1,0,financial,4,financial_category,1,person
620120,5,541907,31536000,7.79,,,,,,,q1_graph4,2026-01-01 00:00:00,2026-01-01,1,1,1,0,financial,4,financial_category,1,person
619322,3,590442,96346,17.0,,,,,,,q1_graph5,2025-01-02 02:45:46,2025-01-02,2,1,1,2,buy,1,person,2,product_category
594308,0,549840,105656,1.0,,,,,,,q1_graph5,2025-01-02 05:20:56,2025-01-02,2,1,1,5,email,1,person,1,person
524153,3,629769,307922,4.0,,,,,,,q1_graph5,2025-01-04 13:32:02,2025-01-04,4,1,1,13,buy,1,person,2,product_category
524153,3,461577,449990,1923.0,,,,,,,q1_graph5,2025-01-06 04:59:50,2025-01-06,6,2,1,4,buy,1,person,2,product_category
619322,3,547205,634562,242.0,,,,,,,q1_graph5,2025-01-08 08:16:02,2025-01-08,8,2,1,8,buy,1,person,2,product_category
483784,0,631903,975525,1.0,,,,,,,q1_graph5,2025-01-12 06:58:45,2025-01-12,12,2,1,6,email,1,person,1,person
619322,2,549891,1445076,6663.0,,,,,,,q1_graph5,2025-01-17 17:24:36,2025-01-17,17,3,1,17,sell,1,person,2,product_category
524153,3,632485,1665011,108.0,,,,,,,q1_graph5,2025-01-20 06:30:11,2025-01-20,20,4,1,6,buy,1,person,2,product_category
549840,0,619322,1674004,1.0,,,,,,,q1_graph5,2025-01-20 09:00:04,2025-01-20,20,4,1,9,email,1,person,1,person
619322,6,657173,1987200,8.0,5.0,1.0,22.0,156.0,-29.0,-13.0,q1_graph5,2025-01-24 00:00:00,2025-01-24,24,4,1,0,travels_to,1,person,5,country
619322,6,657173,1987200,8.0,5.0,1.0,22.0,156.0,-29.0,-13.0,q1_graph5,2025-01-24 00:00:00,2025-01-24,24,4,1,0,travels_to,1,person,5,country
619322,6,657173,1987200,8.0,5.0,1.0,22.0,156.0,-29.0,-13.0,q1_graph5,2025-01-24 00:00:00,2025-01-24,24,4,1,0,travels_to,1,person,5,country
619322,6,657173,1987200,8.0,5.0,1.0,22.0,156.0,-29.0,-13.0,q1_graph5,2025-01-24 00:00:00,2025-01-24,24,4,1,0,travels_to,1,person,5,country
619322,6,657173,1987200,8.0,5.0,1.0,22.0,156.0,-29.0,-13.0,q1_graph5,2025-01-24 00:00:00,2025-01-24,24,4,1,0,travels_to,1,person,5,country
594308,1,477657,2053209,1.0,2.0,4.0,-24.1761,93.8902,-1.17279,-170.646,q1_graph5,2025-01-24 18:20:09,2025-01-24,24,4,1,18,phone,1,person,1,person
524153,2,620947,3116332,821.0,,,,,,,q1_graph5,2025-02-06 01:38:52,2025-02-06,37,6,2,1,sell,1,person,2,product_category
524153,3,492039,3142346,1.0,,,,,,,q1_graph5,2025-02-06 08:52:26,2025-02-06,37,6,2,8,buy,1,person,2,product_category
594308,6,616453,3283200,1.0,2.0,5.0,-22.0,91.0,22.0,156.0,q1_graph5,2025-02-08 00:00:00,2025-02-08,39,6,2,0,travels_to,1,person,5,country
594308,6,616453,3283200,1.0,2.0,5.0,-22.0,91.0,22.0,156.0,q1_graph5,2025-02-08 00:00:00,2025-02-08,39,6,2,0,travels_to,1,person,5,country
594308,6,616453,3283200,1.0,2.0,5.0,-22.0,91.0,22.0,156.0,q1_graph5,2025-02-08 00:00:00,2025-02-08,39,6,2,0,travels_to,1,person,5,country
594308,6,616453,3283200,1.0,2.0,5.0,-22.0,91.0,22.0,156.0,q1_graph5,2025-02-08 00:00:00,2025-02-08,39,6,2,0,travels_to,1,person,5,country
594308,6,616453,3283200,1.0,2.0,5.0,-22.0,91.0,22.0,156.0,q1_graph5,2025-02-08 00:00:00,2025-02-08,39,6,2,0,travels_to,1,person,5,country
524153,3,483999,3402295,39.0,,,,,,,q1_graph5,2025-02-09 09:04:55,2025-02-09,40,6,2,9,buy,1,person,2,product_category
524153,3,644754,4504258,72.0,,,,,,,q1_graph5,2025-02-22 03:10:58,2025-02-22,53,8,2,3,buy,1,person,2,product_category
524153,3,525263,4680024,719.0,,,,,,,q1_graph5,2025-02-24 04:00:24,2025-02-24,55,9,2,4,buy,1,person,2,product_category
483784,1,619322,4699152,1.0,0.0,3.0,32.2503,-40.4067,-24.2286,-111.129,q1_graph5,2025-02-24 09:19:12,2025-02-24,55,9,2,9,phone,1,person,1,person
477657,6,616453,4924800,0.0,0.0,5.0,33.0,-41.0,22.0,156.0,q1_graph5,2025-02-27 00:00:00,2025-02-27,58,9,2,0,travels_to,1,person,5,country
477657,6,616453,4924800,0.0,0.0,5.0,33.0,-41.0,22.0,156.0,q1_graph5,2025-02-27 00:00:00,2025-02-27,58,9,2,0,travels_to,1,person,5,country
477657,6,616453,4924800,0.0,0.0,5.0,33.0,-41.0,22.0,156.0,q1_graph5,2025-02-27 00:00:00,2025-02-27,58,9,2,0,travels_to,1,person,5,country
477657,6,616453,4924800,0.0,0.0,5.0,33.0,-41.0,22.0,156.0,q1_graph5,2025-02-27 00:00:00,2025-02-27,58,9,2,0,travels_to,1,person,5,country
477657,6,616453,4924800,0.0,0.0,5.0,33.0,-41.0,22.0,156.0,q1_graph5,2025-02-27 00:00:00,2025-02-27,58,9,2,0,travels_to,1,person,5,country
619322,3,532852,5485356,1927.0,,,,,,,q1_graph5,2025-03-05 11:42:36,2025-03-05,64,10,3,11,buy,1,person,2,product_category
477657,6,625756,5702400,3.0,2.0,3.0,-22.0,91.0,-25.0,-111.0,q1_graph5,2025-03-08 00:00:00,2025-03-08,67,10,3,0,travels_to,1,person,5,country
477657,6,625756,5702400,3.0,2.0,3.0,-22.0,91.0,-25.0,-111.0,q1_graph5,2025-03-08 00:00:00,2025-03-08,67,10,3,0,travels_to,1,person,5,country
477657,6,625756,5702400,3.0,2.0,3.0,-22.0,91.0,-25.0,-111.0,q1_graph5,2025-03-08 00:00:00,2025-03-08,67,10,3,0,travels_to,1,person,5,country
477657,6,625756,5702400,3.0,2.0,3.0,-22.0,91.0,-25.0,-111.0,q1_graph5,2025-03-08 00:00:00,2025-03-08,67,10,3,0,travels_to,1,person,5,country
477657,6,625756,5702400,3.0,2.0,3.0,-22.0,91.0,-25.0,-111.0,q1_graph5,2025-03-08 00:00:00,2025-03-08,67,10,3,0,travels_to,1,person,5,country
524153,3,517649,6308560,165.0,,,,,,,q1_graph5,2025-03-15 00:22:40,2025-03-15,74,11,3,0,buy,1,person,2,product_category
619322,6,509607,6652800,3.0,3.0,4.0,-25.0,-111.0,1.0,-165.0,q1_graph5,2025-03-19 00:00:00,2025-03-19,78,12,3,0,travels_to,1,person,5,country
619322,6,509607,6652800,3.0,3.0,4.0,-25.0,-111.0,1.0,-165.0,q1_graph5,2025-03-19 00:00:00,2025-03-19,78,12,3,0,travels_to,1,person,5,country
619322,6,509607,6652800,3.0,3.0,4.0,-25.0,-111.0,1.0,-165.0,q1_graph5,2025-03-19 00:00:00,2025-03-19,78,12,3,0,travels_to,1,person,5,country
619322,6,509607,6652800,3.0,3.0,4.0,-25.0,-111.0,1.0,-165.0,q1_graph5,2025-03-19 00:00:00,2025-03-19,78,12,3,0,travels_to,1,person,5,country
619322,6,509607,6652800,3.0,3.0,4.0,-25.0,-111.0,1.0,-165.0,q1_graph5,2025-03-19 00:00:00,2025-03-19,78,12,3,0,travels_to,1,person,5,country
524153,3,587437,6748571,85.0,,,,,,,q1_graph5,2025-03-20 02:36:11,2025-03-20,79,12,3,2,buy,1,person,2,product_category
619322,2,549891,6950206,520.0,,,,,,,q1_graph5,2025-03-22 10:36:46,2025-03-22,81,12,3,10,sell,1,person,2,product_category
524153,3,623736,7431853,198.0,,,,,,,q1_graph5,2025-03-28 00:24:13,2025-03-28,87,13,3,0,buy,1,person,2,product_category
631903,2,493358,7577296,427.0,,,,,,,q1_graph5,2025-03-29 16:48:16,2025-03-29,88,13,3,16,sell,1,person,2,product_category
477657,6,616453,7603200,0.0,4.0,5.0,1.0,-165.0,22.0,156.0,q1_graph5,2025-03-30 00:00:00,2025-03-30,89,13,3,0,travels_to,1,person,5,country
477657,6,616453,7603200,0.0,4.0,5.0,1.0,-165.0,22.0,156.0,q1_graph5,2025-03-30 00:00:00,2025-03-30,89,13,3,0,travels_to,1,person,5,country
477657,6,616453,7603200,0.0,4.0,5.0,1.0,-165.0,22.0,156.0,q1_graph5,2025-03-30 00:00:00,2025-03-30,89,13,3,0,travels_to,1,person,5,country
477657,6,616453,7603200,0.0,4.0,5.0,1.0,-165.0,22.0,156.0,q1_graph5,2025-03-30 00:00:00,2025-03-30,89,13,3,0,travels_to,1,person,5,country
477657,6,616453,7603200,0.0,4.0,5.0,1.0,-165.0,22.0,156.0,q1_graph5,2025-03-30 00:00:00,2025-03-30,89,13,3,0,travels_to,1,person,5,country
483784,1,561819,7920737,1.0,0.0,1.0,32.2503,-40.4067,-27.4766,-14.6148,q1_graph5,2025-04-02 16:12:17,2025-04-02,92,14,4,16,phone,1,person,1,person
483784,6,561157,7948800,-1.0,3.0,0.0,-25.0,-111.0,33.0,-41.0,q1_graph5,2025-04-03 00:00:00,2025-04-03,93,14,4,0,travels_to,1,person,5,country
483784,6,561157,7948800,-1.0,3.0,0.0,-25.0,-111.0,33.0,-41.0,q1_graph5,2025-04-03 00:00:00,2025-04-03,93,14,4,0,travels_to,1,person,5,country
483784,6,561157,7948800,-1.0,3.0,0.0,-25.0,-111.0,33.0,-41.0,q1_graph5,2025-04-03 00:00:00,2025-04-03,93,14,4,0,travels_to,1,person,5,country
483784,6,561157,7948800,-1.0,3.0,0.0,-25.0,-111.0,33.0,-41.0,q1_graph5,2025-04-03 00:00:00,2025-04-03,93,14,4,0,travels_to,1,person,5,country
483784,6,561157,7948800,-1.0,3.0,0.0,-25.0,-111.0,33.0,-41.0,q1_graph5,2025-04-03 00:00:00,2025-04-03,93,14,4,0,travels_to,1,person,5,country
619322,6,509607,8294400,3.0,3.0,4.0,-25.0,-111.0,1.0,-165.0,q1_graph5,2025-04-07 00:00:00,2025-04-07,97,15,4,0,travels_to,1,person,5,country
619322,6,509607,8294400,3.0,3.0,4.0,-25.0,-111.0,1.0,-165.0,q1_graph5,2025-04-07 00:00:00,2025-04-07,97,15,4,0,travels_to,1,person,5,country
619322,6,509607,8294400,3.0,3.0,4.0,-25.0,-111.0,1.0,-165.0,q1_graph5,2025-04-07 00:00:00,2025-04-07,97,15,4,0,travels_to,1,person,5,country
619322,6,509607,8294400,3.0,3.0,4.0,-25.0,-111.0,1.0,-165.0,q1_graph5,2025-04-07 00:00:00,2025-04-07,97,15,4,0,travels_to,1,person,5,country
619322,6,509607,8294400,3.0,3.0,4.0,-25.0,-111.0,1.0,-165.0,q1_graph5,2025-04-07 00:00:00,2025-04-07,97,15,4,0,travels_to,1,person,5,country
477657,1,561819,8308267,1.0,4.0,1.0,-1.17279,-170.646,-27.4766,-14.6148,q1_graph5,2025-04-07 03:51:07,2025-04-07,97,15,4,3,phone,1,person,1,person
619322,1,530990,8590844,1.0,3.0,3.0,-24.2286,-111.129,-25.0313,-110.738,q1_graph5,2025-04-10 10:20:44,2025-04-10,100,15,4,10,phone,1,person,1,person
524153,3,643087,8747572,8.0,,,,,,,q1_graph5,2025-04-12 05:52:52,2025-04-12,102,15,4,5,buy,1,person,2,product_category
619322,3,569044,9078959,1.0,,,,,,,q1_graph5,2025-04-16 01:55:59,2025-04-16,106,16,4,1,buy,1,person,2,product_category
524153,3,556592,9287027,11.0,,,,,,,q1_graph5,2025-04-18 11:43:47,2025-04-18,108,16,4,11,buy,1,person,2,product_category
619322,6,616453,9504000,2.0,3.0,5.0,-25.0,-111.0,22.0,156.0,q1_graph5,2025-04-21 00:00:00,2025-04-21,111,17,4,0,travels_to,1,person,5,country
619322,6,616453,9504000,2.0,3.0,5.0,-25.0,-111.0,22.0,156.0,q1_graph5,2025-04-21 00:00:00,2025-04-21,111,17,4,0,travels_to,1,person,5,country
619322,6,616453,9504000,2.0,3.0,5.0,-25.0,-111.0,22.0,156.0,q1_graph5,2025-04-21 00:00:00,2025-04-21,111,17,4,0,travels_to,1,person,5,country
619322,6,616453,9504000,2.0,3.0,5.0,-25.0,-111.0,22.0,156.0,q1_graph5,2025-04-21 00:00:00,2025-04-21,111,17,4,0,travels_to,1,person,5,country
619322,6,616453,9504000,2.0,3.0,5.0,-25.0,-111.0,22.0,156.0,q1_graph5,2025-04-21 00:00:00,2025-04-21,111,17,4,0,travels_to,1,person,5,country
594308,1,631903,9699658,1.0,2.0,5.0,-24.1761,93.8902,25.5535,153.235,q1_graph5,2025-04-23 06:20:58,2025-04-23,113,17,4,6,phone,1,person,1,person
594308,6,509607,10713600,1.0,2.0,4.0,-22.0,91.0,1.0,-165.0,q1_graph5,2025-05-05 00:00:00,2025-05-05,125,19,5,0,travels_to,1,person,5,country
594308,6,509607,10713600,1.0,2.0,4.0,-22.0,91.0,1.0,-165.0,q1_graph5,2025-05-05 00:00:00,2025-05-05,125,19,5,0,travels_to,1,person,5,country
594308,6,509607,10713600,1.0,2.0,4.0,-22.0,91.0,1.0,-165.0,q1_graph5,2025-05-05 00:00:00,2025-05-05,125,19,5,0,travels_to,1,person,5,country
594308,6,509607,10713600,1.0,2.0,4.0,-22.0,91.0,1.0,-165.0,q1_graph5,2025-05-05 00:00:00,2025-05-05,125,19,5,0,travels_to,1,person,5,country
594308,6,509607,10713600,1.0,2.0,4.0,-22.0,91.0,1.0,-165.0,q1_graph5,2025-05-05 00:00:00,2025-05-05,125,19,5,0,travels_to,1,person,5,country
483784,1,549840,10909120,1.0,0.0,5.0,32.2503,-40.4067,22.5232,151.855,q1_graph5,2025-05-07 06:18:40,2025-05-07,127,19,5,6,phone,1,person,1,person
524153,3,585589,12134886,278.0,,,,,,,q1_graph5,2025-05-21 10:48:06,2025-05-21,141,21,5,10,buy,1,person,2,product_category
619322,3,579218,12199256,155.0,,,,,,,q1_graph5,2025-05-22 04:40:56,2025-05-22,142,21,5,4,buy,1,person,2,product_category
524153,0,594308,12269175,1.0,,,,,,,q1_graph5,2025-05-23 00:06:15,2025-05-23,143,21,5,0,email,1,person,1,person
524153,0,530990,12457852,1.0,,,,,,,q1_graph5,2025-05-25 04:30:52,2025-05-25,145,21,5,4,email,1,person,1,person
573137,1,530990,12960538,1.0,4.0,3.0,0.259451,-165.576,-25.0313,-110.738,q1_graph5,2025-05-31 00:08:58,2025-05-31,151,22,5,0,phone,1,person,1,person
524153,3,567281,13406101,934.0,,,,,,,q1_graph5,2025-06-05 03:55:01,2025-06-05,156,23,6,3,buy,1,person,2,product_category
573137,0,594308,13494250,1.0,,,,,,,q1_graph5,2025-06-06 04:24:10,2025-06-06,157,23,6,4,email,1,person,1,person
619322,3,624532,13595044,80.0,,,,,,,q1_graph5,2025-06-07 08:24:04,2025-06-07,158,23,6,8,buy,1,person,2,product_category
631903,2,493358,14192663,1056.0,,,,,,,q1_graph5,2025-06-14 06:24:23,2025-06-14,165,24,6,6,sell,1,person,2,product_category
561819,2,499177,14353245,1.0,,,,,,,q1_graph5,2025-06-16 03:00:45,2025-06-16,167,25,6,3,sell,1,person,2,product_category
483784,6,561157,14515200,-1.0,1.0,0.0,-29.0,-13.0,33.0,-41.0,q1_graph5,2025-06-18 00:00:00,2025-06-18,169,25,6,0,travels_to,1,person,5,country
483784,6,561157,14515200,-1.0,1.0,0.0,-29.0,-13.0,33.0,-41.0,q1_graph5,2025-06-18 00:00:00,2025-06-18,169,25,6,0,travels_to,1,person,5,country
483784,6,561157,14515200,-1.0,1.0,0.0,-29.0,-13.0,33.0,-41.0,q1_graph5,2025-06-18 00:00:00,2025-06-18,169,25,6,0,travels_to,1,person,5,country
483784,6,561157,14515200,-1.0,1.0,0.0,-29.0,-13.0,33.0,-41.0,q1_graph5,2025-06-18 00:00:00,2025-06-18,169,25,6,0,travels_to,1,person,5,country
483784,6,561157,14515200,-1.0,1.0,0.0,-29.0,-13.0,33.0,-41.0,q1_graph5,2025-06-18 00:00:00,2025-06-18,169,25,6,0,travels_to,1,person,5,country
619322,6,625756,14947200,-1.0,2.0,3.0,-22.0,91.0,-25.0,-111.0,q1_graph5,2025-06-23 00:00:00,2025-06-23,174,26,6,0,travels_to,1,person,5,country
619322,6,625756,14947200,-1.0,2.0,3.0,-22.0,91.0,-25.0,-111.0,q1_graph5,2025-06-23 00:00:00,2025-06-23,174,26,6,0,travels_to,1,person,5,country
619322,6,625756,14947200,-1.0,2.0,3.0,-22.0,91.0,-25.0,-111.0,q1_graph5,2025-06-23 00:00:00,2025-06-23,174,26,6,0,travels_to,1,person,5,country
619322,6,625756,14947200,-1.0,2.0,3.0,-22.0,91.0,-25.0,-111.0,q1_graph5,2025-06-23 00:00:00,2025-06-23,174,26,6,0,travels_to,1,person,5,country
619322,6,625756,14947200,-1.0,2.0,3.0,-22.0,91.0,-25.0,-111.0,q1_graph5,2025-06-23 00:00:00,2025-06-23,174,26,6,0,travels_to,1,person,5,country
483784,6,561157,15120000,-1.0,0.0,0.0,33.0,-41.0,33.0,-41.0,q1_graph5,2025-06-25 00:00:00,2025-06-25,176,26,6,0,travels_to,1,person,5,country
483784,6,561157,15120000,-1.0,0.0,0.0,33.0,-41.0,33.0,-41.0,q1_graph5,2025-06-25 00:00:00,2025-06-25,176,26,6,0,travels_to,1,person,5,country
483784,6,561157,15120000,-1.0,0.0,0.0,33.0,-41.0,33.0,-41.0,q1_graph5,2025-06-25 00:00:00,2025-06-25,176,26,6,0,travels_to,1,person,5,country
483784,6,561157,15120000,-1.0,0.0,0.0,33.0,-41.0,33.0,-41.0,q1_graph5,2025-06-25 00:00:00,2025-06-25,176,26,6,0,travels_to,1,person,5,country
483784,6,561157,15120000,-1.0,0.0,0.0,33.0,-41.0,33.0,-41.0,q1_graph5,2025-06-25 00:00:00,2025-06-25,176,26,6,0,travels_to,1,person,5,country
477657,6,616453,15120000,1.0,0.0,5.0,33.0,-41.0,22.0,156.0,q1_graph5,2025-06-25 00:00:00,2025-06-25,176,26,6,0,travels_to,1,person,5,country
477657,6,616453,15120000,1.0,0.0,5.0,33.0,-41.0,22.0,156.0,q1_graph5,2025-06-25 00:00:00,2025-06-25,176,26,6,0,travels_to,1,person,5,country
477657,6,616453,15120000,1.0,0.0,5.0,33.0,-41.0,22.0,156.0,q1_graph5,2025-06-25 00:00:00,2025-06-25,176,26,6,0,travels_to,1,person,5,country
477657,6,616453,15120000,1.0,0.0,5.0,33.0,-41.0,22.0,156.0,q1_graph5,2025-06-25 00:00:00,2025-06-25,176,26,6,0,travels_to,1,person,5,country
477657,6,616453,15120000,1.0,0.0,5.0,33.0,-41.0,22.0,156.0,q1_graph5,2025-06-25 00:00:00,2025-06-25,176,26,6,0,travels_to,1,person,5,country
524153,3,605235,15507864,1.0,,,,,,,q1_graph5,2025-06-29 11:44:24,2025-06-29,180,26,6,11,buy,1,person,2,product_category
561819,2,499177,16072818,1.0,,,,,,,q1_graph5,2025-07-06 00:40:18,2025-07-06,187,27,7,0,sell,1,person,2,product_category
524153,3,641131,17044303,439.0,,,,,,,q1_graph5,2025-07-17 06:31:43,2025-07-17,198,29,7,6,buy,1,person,2,product_category
477657,6,499467,17107200,5.0,4.0,2.0,1.0,-165.0,-22.0,91.0,q1_graph5,2025-07-18 00:00:00,2025-07-18,199,29,7,0,travels_to,1,person,5,country
477657,6,499467,17107200,5.0,4.0,2.0,1.0,-165.0,-22.0,91.0,q1_graph5,2025-07-18 00:00:00,2025-07-18,199,29,7,0,travels_to,1,person,5,country
477657,6,499467,17107200,5.0,4.0,2.0,1.0,-165.0,-22.0,91.0,q1_graph5,2025-07-18 00:00:00,2025-07-18,199,29,7,0,travels_to,1,person,5,country
477657,6,499467,17107200,5.0,4.0,2.0,1.0,-165.0,-22.0,91.0,q1_graph5,2025-07-18 00:00:00,2025-07-18,199,29,7,0,travels_to,1,person,5,country
477657,6,499467,17107200,5.0,4.0,2.0,1.0,-165.0,-22.0,91.0,q1_graph5,2025-07-18 00:00:00,2025-07-18,199,29,7,0,travels_to,1,person,5,country
594308,1,549840,17145053,1.0,2.0,5.0,-24.1761,93.8902,22.5232,151.855,q1_graph5,2025-07-18 10:30:53,2025-07-18,199,29,7,10,phone,1,person,1,person
549840,0,477657,17222207,1.0,,,,,,,q1_graph5,2025-07-19 07:56:47,2025-07-19,200,29,7,7,email,1,person,1,person
477657,1,619322,17631014,1.0,4.0,3.0,-1.17279,-170.646,-24.2286,-111.129,q1_graph5,2025-07-24 01:30:14,2025-07-24,205,30,7,1,phone,1,person,1,person
524153,3,654641,17645450,964.0,,,,,,,q1_graph5,2025-07-24 05:30:50,2025-07-24,205,30,7,5,buy,1,person,2,product_category
619322,2,549891,18864052,33.0,,,,,,,q1_graph5,2025-08-07 08:00:52,2025-08-07,219,32,8,8,sell,1,person,2,product_category
530990,1,561819,19289575,1.0,3.0,1.0,-25.0313,-110.738,-27.4766,-14.6148,q1_graph5,2025-08-12 06:12:55,2025-08-12,224,33,8,6,phone,1,person,1,person
530990,1,561819,19519615,1.0,3.0,1.0,-25.0313,-110.738,-27.4766,-14.6148,q1_graph5,2025-08-14 22:06:55,2025-08-14,226,33,8,22,phone,1,person,1,person
524153,3,620076,19883146,877.0,,,,,,,q1_graph5,2025-08-19 03:05:46,2025-08-19,231,34,8,3,buy,1,person,2,product_category
631903,0,524153,19962775,1.0,,,,,,,q1_graph5,2025-08-20 01:12:55,2025-08-20,232,34,8,1,email,1,person,1,person
561819,2,499177,20000430,1.0,,,,,,,q1_graph5,2025-08-20 11:40:30,2025-08-20,232,34,8,11,sell,1,person,2,product_category
631903,0,530990,20238675,1.0,,,,,,,q1_graph5,2025-08-23 05:51:15,2025-08-23,235,34,8,5,email,1,person,1,person
619322,3,492039,20305242,1.0,,,,,,,q1_graph5,2025-08-24 00:20:42,2025-08-24,236,34,8,0,buy,1,person,2,product_category
524153,3,652996,20420670,76.0,,,,,,,q1_graph5,2025-08-25 08:24:30,2025-08-25,237,35,8,8,buy,1,person,2,product_category
619322,0,631903,20434873,1.0,,,,,,,q1_graph5,2025-08-25 12:21:13,2025-08-25,237,35,8,12,email,1,person,1,person
594308,0,631903,20774327,1.0,,,,,,,q1_graph5,2025-08-29 10:38:47,2025-08-29,241,35,8,10,email,1,person,1,person
524153,3,558930,20830850,393.0,,,,,,,q1_graph5,2025-08-30 02:20:50,2025-08-30,242,35,8,2,buy,1,person,2,product_category
561819,3,469675,21090980,99.0,,,,,,,q1_graph5,2025-09-02 02:36:20,2025-09-02,245,36,9,2,buy,1,person,2,product_category
619322,6,657173,21168000,3.0,3.0,1.0,-25.0,-111.0,-29.0,-13.0,q1_graph5,2025-09-03 00:00:00,2025-09-03,246,36,9,0,travels_to,1,person,5,country
619322,6,657173,21168000,3.0,3.0,1.0,-25.0,-111.0,-29.0,-13.0,q1_graph5,2025-09-03 00:00:00,2025-09-03,246,36,9,0,travels_to,1,person,5,country
619322,6,657173,21168000,3.0,3.0,1.0,-25.0,-111.0,-29.0,-13.0,q1_graph5,2025-09-03 00:00:00,2025-09-03,246,36,9,0,travels_to,1,person,5,country
619322,6,657173,21168000,3.0,3.0,1.0,-25.0,-111.0,-29.0,-13.0,q1_graph5,2025-09-03 00:00:00,2025-09-03,246,36,9,0,travels_to,1,person,5,country
619322,6,657173,21168000,3.0,3.0,1.0,-25.0,-111.0,-29.0,-13.0,q1_graph5,2025-09-03 00:00:00,2025-09-03,246,36,9,0,travels_to,1,person,5,country
483784,0,549840,22591259,1.0,,,,,,,q1_graph5,2025-09-19 11:20:59,2025-09-19,262,38,9,11,email,1,person,1,person
524153,3,657035,23120130,2116.0,,,,,,,q1_graph5,2025-09-25 14:15:30,2025-09-25,268,39,9,14,buy,1,person,2,product_category
524153,3,590595,23349631,309.0,,,,,,,q1_graph5,2025-09-28 06:00:31,2025-09-28,271,39,9,6,buy,1,person,2,product_category
631903,2,493358,23424003,74.0,,,,,,,q1_graph5,2025-09-29 02:40:03,2025-09-29,272,40,9,2,sell,1,person,2,product_category
524153,3,529694,23440334,390.0,,,,,,,q1_graph5,2025-09-29 07:12:14,2025-09-29,272,40,9,7,buy,1,person,2,product_category
594308,6,561157,23587200,4.0,2.0,0.0,-22.0,91.0,33.0,-41.0,q1_graph5,2025-10-01 00:00:00,2025-10-01,274,40,10,0,travels_to,1,person,5,country
594308,6,561157,23587200,4.0,2.0,0.0,-22.0,91.0,33.0,-41.0,q1_graph5,2025-10-01 00:00:00,2025-10-01,274,40,10,0,travels_to,1,person,5,country
594308,6,561157,23587200,4.0,2.0,0.0,-22.0,91.0,33.0,-41.0,q1_graph5,2025-10-01 00:00:00,2025-10-01,274,40,10,0,travels_to,1,person,5,country
594308,6,561157,23587200,4.0,2.0,0.0,-22.0,91.0,33.0,-41.0,q1_graph5,2025-10-01 00:00:00,2025-10-01,274,40,10,0,travels_to,1,person,5,country
594308,6,561157,23587200,4.0,2.0,0.0,-22.0,91.0,33.0,-41.0,q1_graph5,2025-10-01 00:00:00,2025-10-01,274,40,10,0,travels_to,1,person,5,country
483784,6,561157,24105600,-1.0,0.0,0.0,33.0,-41.0,33.0,-41.0,q1_graph5,2025-10-07 00:00:00,2025-10-07,280,41,10,0,travels_to,1,person,5,country
483784,6,561157,24105600,-1.0,0.0,0.0,33.0,-41.0,33.0,-41.0,q1_graph5,2025-10-07 00:00:00,2025-10-07,280,41,10,0,travels_to,1,person,5,country
483784,6,561157,24105600,-1.0,0.0,0.0,33.0,-41.0,33.0,-41.0,q1_graph5,2025-10-07 00:00:00,2025-10-07,280,41,10,0,travels_to,1,person,5,country
483784,6,561157,24105600,-1.0,0.0,0.0,33.0,-41.0,33.0,-41.0,q1_graph5,2025-10-07 00:00:00,2025-10-07,280,41,10,0,travels_to,1,person,5,country
483784,6,561157,24105600,-1.0,0.0,0.0,33.0,-41.0,33.0,-41.0,q1_graph5,2025-10-07 00:00:00,2025-10-07,280,41,10,0,travels_to,1,person,5,country
594308,6,509607,24710400,1.0,2.0,4.0,-22.0,91.0,1.0,-165.0,q1_graph5,2025-10-14 00:00:00,2025-10-14,287,42,10,0,travels_to,1,person,5,country
594308,6,509607,24710400,1.0,2.0,4.0,-22.0,91.0,1.0,-165.0,q1_graph5,2025-10-14 00:00:00,2025-10-14,287,42,10,0,travels_to,1,person,5,country
594308,6,509607,24710400,1.0,2.0,4.0,-22.0,91.0,1.0,-165.0,q1_graph5,2025-10-14 00:00:00,2025-10-14,287,42,10,0,travels_to,1,person,5,country
594308,6,509607,24710400,1.0,2.0,4.0,-22.0,91.0,1.0,-165.0,q1_graph5,2025-10-14 00:00:00,2025-10-14,287,42,10,0,travels_to,1,person,5,country
594308,6,509607,24710400,1.0,2.0,4.0,-22.0,91.0,1.0,-165.0,q1_graph5,2025-10-14 00:00:00,2025-10-14,287,42,10,0,travels_to,1,person,5,country
477657,6,561157,26006400,1.0,4.0,0.0,1.0,-165.0,33.0,-41.0,q1_graph5,2025-10-29 00:00:00,2025-10-29,302,44,10,0,travels_to,1,person,5,country
477657,6,561157,26006400,1.0,4.0,0.0,1.0,-165.0,33.0,-41.0,q1_graph5,2025-10-29 00:00:00,2025-10-29,302,44,10,0,travels_to,1,person,5,country
477657,6,561157,26006400,1.0,4.0,0.0,1.0,-165.0,33.0,-41.0,q1_graph5,2025-10-29 00:00:00,2025-10-29,302,44,10,0,travels_to,1,person,5,country
477657,6,561157,26006400,1.0,4.0,0.0,1.0,-165.0,33.0,-41.0,q1_graph5,2025-10-29 00:00:00,2025-10-29,302,44,10,0,travels_to,1,person,5,country
477657,6,561157,26006400,1.0,4.0,0.0,1.0,-165.0,33.0,-41.0,q1_graph5,2025-10-29 00:00:00,2025-10-29,302,44,10,0,travels_to,1,person,5,country
619322,2,549891,26018195,41.0,,,,,,,q1_graph5,2025-10-29 03:16:35,2025-10-29,302,44,10,3,sell,1,person,2,product_category
594308,1,561819,26279498,1.0,2.0,1.0,-24.1761,93.8902,-27.4766,-14.6148,q1_graph5,2025-11-01 03:51:38,2025-11-01,305,44,11,3,phone,1,person,1,person
631903,0,477657,26548331,1.0,,,,,,,q1_graph5,2025-11-04 06:32:11,2025-11-04,308,45,11,6,email,1,person,1,person
524153,3,528019,27055650,147.0,,,,,,,q1_graph5,2025-11-10 03:27:30,2025-11-10,314,46,11,3,buy,1,person,2,product_category
477657,0,573137,27310421,1.0,,,,,,,q1_graph5,2025-11-13 02:13:41,2025-11-13,317,46,11,2,email,1,person,1,person
549840,0,524153,28001444,1.0,,,,,,,q1_graph5,2025-11-21 02:10:44,2025-11-21,325,47,11,2,email,1,person,1,person
619322,0,530990,28392298,1.0,,,,,,,q1_graph5,2025-11-25 14:44:58,2025-11-25,329,48,11,14,email,1,person,1,person
573137,6,616453,28598400,0.0,4.0,5.0,1.0,-165.0,22.0,156.0,q1_graph5,2025-11-28 00:00:00,2025-11-28,332,48,11,0,travels_to,1,person,5,country
573137,6,616453,28598400,0.0,4.0,5.0,1.0,-165.0,22.0,156.0,q1_graph5,2025-11-28 00:00:00,2025-11-28,332,48,11,0,travels_to,1,person,5,country
573137,6,616453,28598400,0.0,4.0,5.0,1.0,-165.0,22.0,156.0,q1_graph5,2025-11-28 00:00:00,2025-11-28,332,48,11,0,travels_to,1,person,5,country
573137,6,616453,28598400,0.0,4.0,5.0,1.0,-165.0,22.0,156.0,q1_graph5,2025-11-28 00:00:00,2025-11-28,332,48,11,0,travels_to,1,person,5,country
573137,6,616453,28598400,0.0,4.0,5.0,1.0,-165.0,22.0,156.0,q1_graph5,2025-11-28 00:00:00,2025-11-28,332,48,11,0,travels_to,1,person,5,country
573137,6,509607,28684800,-1.0,3.0,4.0,-25.0,-111.0,1.0,-165.0,q1_graph5,2025-11-29 00:00:00,2025-11-29,333,48,11,0,travels_to,1,person,5,country
573137,6,509607,28684800,-1.0,3.0,4.0,-25.0,-111.0,1.0,-165.0,q1_graph5,2025-11-29 00:00:00,2025-11-29,333,48,11,0,travels_to,1,person,5,country
573137,6,509607,28684800,-1.0,3.0,4.0,-25.0,-111.0,1.0,-165.0,q1_graph5,2025-11-29 00:00:00,2025-11-29,333,48,11,0,travels_to,1,person,5,country
573137,6,509607,28684800,-1.0,3.0,4.0,-25.0,-111.0,1.0,-165.0,q1_graph5,2025-11-29 00:00:00,2025-11-29,333,48,11,0,travels_to,1,person,5,country
573137,6,509607,28684800,-1.0,3.0,4.0,-25.0,-111.0,1.0,-165.0,q1_graph5,2025-11-29 00:00:00,2025-11-29,333,48,11,0,travels_to,1,person,5,country
619322,3,472749,28685663,6.0,,,,,,,q1_graph5,2025-11-29 00:14:23,2025-11-29,333,48,11,0,buy,1,person,2,product_category
524153,3,550251,28788464,118.0,,,,,,,q1_graph5,2025-11-30 04:47:44,2025-11-30,334,48,11,4,buy,1,person,2,product_category
561819,0,619322,29126902,1.0,,,,,,,q1_graph5,2025-12-04 02:48:22,2025-12-04,338,49,12,2,email,1,person,1,person
524153,3,641131,29210124,1.0,,,,,,,q1_graph5,2025-12-05 01:55:24,2025-12-05,339,49,12,1,buy,1,person,2,product_category
619322,3,483999,29398600,279.0,,,,,,,q1_graph5,2025-12-07 06:16:40,2025-12-07,341,49,12,6,buy,1,person,2,product_category
619322,3,619245,29810175,159.0,,,,,,,q1_graph5,2025-12-12 00:36:15,2025-12-12,346,50,12,0,buy,1,person,2,product_category
524153,3,584229,30162020,1.0,,,,,,,q1_graph5,2025-12-16 02:20:20,2025-12-16,350,51,12,2,buy,1,person,2,product_category
561819,3,544444,30711819,60.0,,,,,,,q1_graph5,2025-12-22 11:03:39,2025-12-22,356,52,12,11,buy,1,person,2,product_category
530990,1,561819,31198737,1.0,3.0,1.0,-25.0313,-110.738,-27.4766,-14.6148,q1_graph5,2025-12-28 02:18:57,2025-12-28,362,52,12,2,phone,1,person,1,person
524153,3,555931,31363222,685.0,,,,,,,q1_graph5,2025-12-30 00:00:22,2025-12-30,364,1,12,0,buy,1,person,2,product_category
483784,5,503218,31536000,5148.59,,,,,,,q1_graph5,2026-01-01 00:00:00,2026-01-01,1,1,1,0,financial,1,person,4,financial_category
483784,5,536346,31536000,12802.8,,,,,,,q1_graph5,2026-01-01 00:00:00,2026-01-01,1,1,1,0,financial,1,person,4,financial_category
483784,5,520660,31536000,31733.8,,,,,,,q1_graph5,2026-01-01 00:00:00,2026-01-01,1,1,1,0,financial,1,person,4,financial_category
483784,5,567195,31536000,29938.6,,,,,,,q1_graph5,2026-01-01 00:00:00,2026-01-01,1,1,1,0,financial,1,person,4,financial_category
483784,5,527449,31536000,983.85,,,,,,,q1_graph5,2026-01-01 00:00:00,2026-01-01,1,1,1,0,financial,1,person,4,financial_category
483784,5,459381,31536000,1728.16,,,,,,,q1_graph5,2026-01-01 00:00:00,2026-01-01,1,1,1,0,financial,1,person,4,financial_category
483784,5,595298,31536000,6120.39,,,,,,,q1_graph5,2026-01-01 00:00:00,2026-01-01,1,1,1,0,financial,1,person,4,financial_category
483784,5,466907,31536000,2657.09,,,,,,,q1_graph5,2026-01-01 00:00:00,2026-01-01,1,1,1,0,financial,1,person,4,financial_category
483784,5,589943,31536000,10303.1,,,,,,,q1_graph5,2026-01-01 00:00:00,2026-01-01,1,1,1,0,financial,1,person,4,financial_category
483784,5,577992,31536000,18663.5,,,,,,,q1_graph5,2026-01-01 00:00:00,2026-01-01,1,1,1,0,financial,1,person,4,financial_category
483784,5,537281,31536000,1956.93,,,,,,,q1_graph5,2026-01-01 00:00:00,2026-01-01,1,1,1,0,financial,1,person,4,financial_category
483784,5,523927,31536000,5330.29,,,,,,,q1_graph5,2026-01-01 00:00:00,2026-01-01,1,1,1,0,financial,1,person,4,financial_category
483784,5,580426,31536000,18354.9,,,,,,,q1_graph5,2026-01-01 00:00:00,2026-01-01,1,1,1,0,financial,1,person,4,financial_category
483784,5,595581,31536000,8666.52,,,,,,,q1_graph5,2026-01-01 00:00:00,2026-01-01,1,1,1,0,financial,1,person,4,financial_category
483784,5,616315,31536000,36827.8,,,,,,,q1_graph5,2026-01-01 00:00:00,2026-01-01,1,1,1,0,financial,1,person,4,financial_category
483784,5,642329,31536000,8277.9,,,,,,,q1_graph5,2026-01-01 00:00:00,2026-01-01,1,1,1,0,financial,1,person,4,financial_category
483784,5,503701,31536000,17303.8,,,,,,,q1_graph5,2026-01-01 00:00:00,2026-01-01,1,1,1,0,financial,1,person,4,financial_category
483784,5,571970,31536000,1340.05,,,,,,,q1_graph5,2026-01-01 00:00:00,2026-01-01,1,1,1,0,financial,1,person,4,financial_category
483784,5,644226,31536000,7333.98,,,,,,,q1_graph5,2026-01-01 00:00:00,2026-01-01,1,1,1,0,financial,1,person,4,financial_category
483784,5,632961,31536000,2588.25,,,,,,,q1_graph5,2026-01-01 00:00:00,2026-01-01,1,1,1,0,financial,1,person,4,financial_category
483784,5,473173,31536000,572.69,,,,,,,q1_graph5,2026-01-01 00:00:00,2026-01-01,1,1,1,0,financial,1,person,4,financial_category
510031,5,483784,31536000,1201.05,,,,,,,q1_graph5,2026-01-01 00:00:00,2026-01-01,1,1,1,0,financial,4,financial_category,1,person
552988,5,483784,31536000,441206.0,,,,,,,q1_graph5,2026-01-01 00:00:00,2026-01-01,1,1,1,0,financial,4,financial_category,1,person
620120,5,483784,31536000,2356.79,,,,,,,q1_graph5,2026-01-01 00:00:00,2026-01-01,1,1,1,0,financial,4,financial_category,1,person
561819,5,536346,31536000,729.34,,,,,,,q1_graph5,2026-01-01 00:00:00,2026-01-01,1,1,1,0,financial,1,person,4,financial_category
561819,5,567195,31536000,1268.58,,,,,,,q1_graph5,2026-01-01 00:00:00,2026-01-01,1,1,1,0,financial,1,person,4,financial_category
561819,5,527449,31536000,109.98,,,,,,,q1_graph5,2026-01-01 00:00:00,2026-01-01,1,1,1,0,financial,1,person,4,financial_category
561819,5,459381,31536000,61.95,,,,,,,q1_graph5,2026-01-01 00:00:00,2026-01-01,1,1,1,0,financial,1,person,4,financial_category
561819,5,595298,31536000,699.05,,,,,,,q1_graph5,2026-01-01 00:00:00,2026-01-01,1,1,1,0,financial,1,person,4,financial_category
561819,5,466907,31536000,303.21,,,,,,,q1_graph5,2026-01-01 00:00:00,2026-01-01,1,1,1,0,financial,1,person,4,financial_category
561819,5,589943,31536000,541.51,,,,,,,q1_graph5,2026-01-01 00:00:00,2026-01-01,1,1,1,0,financial,1,person,4,financial_category
561819,5,577992,31536000,366.28,,,,,,,q1_graph5,2026-01-01 00:00:00,2026-01-01,1,1,1,0,financial,1,person,4,financial_category
561819,5,537281,31536000,1011.27,,,,,,,q1_graph5,2026-01-01 00:00:00,2026-01-01,1,1,1,0,financial,1,person,4,financial_category
561819,5,523927,31536000,922.76,,,,,,,q1_graph5,2026-01-01 00:00:00,2026-01-01,1,1,1,0,financial,1,person,4,financial_category
561819,5,595581,31536000,982.87,,,,,,,q1_graph5,2026-01-01 00:00:00,2026-01-01,1,1,1,0,financial,1,person,4,financial_category
561819,5,616315,31536000,418.66,,,,,,,q1_graph5,2026-01-01 00:00:00,2026-01-01,1,1,1,0,financial,1,person,4,financial_category
561819,5,642329,31536000,421.73,,,,,,,q1_graph5,2026-01-01 00:00:00,2026-01-01,1,1,1,0,financial,1,person,4,financial_category
561819,5,503701,31536000,661.68,,,,,,,q1_graph5,2026-01-01 00:00:00,2026-01-01,1,1,1,0,financial,1,person,4,financial_category
561819,5,644226,31536000,1027.12,,,,,,,q1_graph5,2026-01-01 00:00:00,2026-01-01,1,1,1,0,financial,1,person,4,financial_category
561819,5,632961,31536000,262.73,,,,,,,q1_graph5,2026-01-01 00:00:00,2026-01-01,1,1,1,0,financial,1,person,4,financial_category
561819,5,473173,31536000,2435.24,,,,,,,q1_graph5,2026-01-01 00:00:00,2026-01-01,1,1,1,0,financial,1,person,4,financial_category
561819,5,620120,31536000,460.37,,,,,,,q1_graph5,2026-01-01 00:00:00,2026-01-01,1,1,1,0,financial,1,person,4,financial_category
561819,5,575030,31536000,2497.95,,,,,,,q1_graph5,2026-01-01 00:00:00,2026-01-01,1,1,1,0,financial,1,person,4,financial_category
561819,5,621924,31536000,417.69,,,,,,,q1_graph5,2026-01-01 00:00:00,2026-01-01,1,1,1,0,financial,1,person,4,financial_category
552988,5,561819,31536000,11074.4,,,,,,,q1_graph5,2026-01-01 00:00:00,2026-01-01,1,1,1,0,financial,4,financial_category,1,person
530990,5,640784,31536000,130.95,,,,,,,q1_graph5,2026-01-01 00:00:00,2026-01-01,1,1,1,0,financial,1,person,4,financial_category
530990,5,536346,31536000,1109.22,,,,,,,q1_graph5,2026-01-01 00:00:00,2026-01-01,1,1,1,0,financial,1,person,4,financial_category
530990,5,567195,31536000,3451.82,,,,,,,q1_graph5,2026-01-01 00:00:00,2026-01-01,1,1,1,0,financial,1,person,4,financial_category
530990,5,527449,31536000,267.97,,,,,,,q1_graph5,2026-01-01 00:00:00,2026-01-01,1,1,1,0,financial,1,person,4,financial_category
530990,5,459381,31536000,216.43,,,,,,,q1_graph5,2026-01-01 00:00:00,2026-01-01,1,1,1,0,financial,1,person,4,financial_category
530990,5,595298,31536000,2126.4,,,,,,,q1_graph5,2026-01-01 00:00:00,2026-01-01,1,1,1,0,financial,1,person,4,financial_category
530990,5,466907,31536000,29.42,,,,,,,q1_graph5,2026-01-01 00:00:00,2026-01-01,1,1,1,0,financial,1,person,4,financial_category
530990,5,589943,31536000,2583.05,,,,,,,q1_graph5,2026-01-01 00:00:00,2026-01-01,1,1,1,0,financial,1,person,4,financial_category
530990,5,537281,31536000,390.48,,,,,,,q1_graph5,2026-01-01 00:00:00,2026-01-01,1,1,1,0,financial,1,person,4,financial_category
530990,5,580426,31536000,749.67,,,,,,,q1_graph5,2026-01-01 00:00:00,2026-01-01,1,1,1,0,financial,1,person,4,financial_category
530990,5,595581,31536000,612.18,,,,,,,q1_graph5,2026-01-01 00:00:00,2026-01-01,1,1,1,0,financial,1,person,4,financial_category
530990,5,616315,31536000,797.33,,,,,,,q1_graph5,2026-01-01 00:00:00,2026-01-01,1,1,1,0,financial,1,person,4,financial_category
530990,5,503701,31536000,2692.27,,,,,,,q1_graph5,2026-01-01 00:00:00,2026-01-01,1,1,1,0,financial,1,person,4,financial_category
530990,5,644226,31536000,134.41,,,,,,,q1_graph5,2026-01-01 00:00:00,2026-01-01,1,1,1,0,financial,1,person,4,financial_category
530990,5,632961,31536000,62.83,,,,,,,q1_graph5,2026-01-01 00:00:00,2026-01-01,1,1,1,0,financial,1,person,4,financial_category
530990,5,473173,31536000,590.84,,,,,,,q1_graph5,2026-01-01 00:00:00,2026-01-01,1,1,1,0,financial,1,person,4,financial_category
530990,5,620120,31536000,3139.99,,,,,,,q1_graph5,2026-01-01 00:00:00,2026-01-01,1,1,1,0,financial,1,person,4,financial_category
530990,5,575030,31536000,7510.12,,,,,,,q1_graph5,2026-01-01 00:00:00,2026-01-01,1,1,1,0,financial,1,person,4,financial_category
510031,5,530990,31536000,325.81,,,,,,,q1_graph5,2026-01-01 00:00:00,2026-01-01,1,1,1,0,financial,4,financial_category,1,person
552988,5,530990,31536000,21534.1,,,,,,,q1_graph5,2026-01-01 00:00:00,2026-01-01,1,1,1,0,financial,4,financial_category,1,person
619322,5,640784,31536000,444.76,,,,,,,q1_graph5,2026-01-01 00:00:00,2026-01-01,1,1,1,0,financial,1,person,4,financial_category
619322,5,536346,31536000,1982.88,,,,,,,q1_graph5,2026-01-01 00:00:00,2026-01-01,1,1,1,0,financial,1,person,4,financial_category
619322,5,567195,31536000,4452.55,,,,,,,q1_graph5,2026-01-01 00:00:00,2026-01-01,1,1,1,0,financial,1,person,4,financial_category
619322,5,527449,31536000,62.8,,,,,,,q1_graph5,2026-01-01 00:00:00,2026-01-01,1,1,1,0,financial,1,person,4,financial_category
619322,5,459381,31536000,379.61,,,,,,,q1_graph5,2026-01-01 00:00:00,2026-01-01,1,1,1,0,financial,1,person,4,financial_category
619322,5,595298,31536000,1133.88,,,,,,,q1_graph5,2026-01-01 00:00:00,2026-01-01,1,1,1,0,financial,1,person,4,financial_category
619322,5,466907,31536000,655.16,,,,,,,q1_graph5,2026-01-01 00:00:00,2026-01-01,1,1,1,0,financial,1,person,4,financial_category
619322,5,577992,31536000,83.88,,,,,,,q1_graph5,2026-01-01 00:00:00,2026-01-01,1,1,1,0,financial,1,person,4,financial_category
619322,5,537281,31536000,235.34,,,,,,,q1_graph5,2026-01-01 00:00:00,2026-01-01,1,1,1,0,financial,1,person,4,financial_category
619322,5,580426,31536000,534.96,,,,,,,q1_graph5,2026-01-01 00:00:00,2026-01-01,1,1,1,0,financial,1,person,4,financial_category
619322,5,595581,31536000,521.92,,,,,,,q1_graph5,2026-01-01 00:00:00,2026-01-01,1,1,1,0,financial,1,person,4,financial_category
619322,5,616315,31536000,1411.22,,,,,,,q1_graph5,2026-01-01 00:00:00,2026-01-01,1,1,1,0,financial,1,person,4,financial_category
619322,5,642329,31536000,1183.04,,,,,,,q1_graph5,2026-01-01 00:00:00,2026-01-01,1,1,1,0,financial,1,person,4,financial_category
619322,5,503701,31536000,253.08,,,,,,,q1_graph5,2026-01-01 00:00:00,2026-01-01,1,1,1,0,financial,1,person,4,financial_category
619322,5,571970,31536000,112.12,,,,,,,q1_graph5,2026-01-01 00:00:00,2026-01-01,1,1,1,0,financial,1,person,4,financial_category
619322,5,644226,31536000,302.5,,,,,,,q1_graph5,2026-01-01 00:00:00,2026-01-01,1,1,1,0,financial,1,person,4,financial_category
619322,5,632961,31536000,248.96,,,,,,,q1_graph5,2026-01-01 00:00:00,2026-01-01,1,1,1,0,financial,1,person,4,financial_category
619322,5,473173,31536000,1504.41,,,,,,,q1_graph5,2026-01-01 00:00:00,2026-01-01,1,1,1,0,financial,1,person,4,financial_category
619322,5,620120,31536000,5634.9,,,,,,,q1_graph5,2026-01-01 00:00:00,2026-01-01,1,1,1,0,financial,1,person,4,financial_category
619322,5,621924,31536000,712.17,,,,,,,q1_graph5,2026-01-01 00:00:00,2026-01-01,1,1,1,0,financial,1,person,4,financial_category
552988,5,619322,31536000,25157.9,,,,,,,q1_graph5,2026-01-01 00:00:00,2026-01-01,1,1,1,0,financial,4,financial_category,1,person
631903,5,640784,31536000,310.16,,,,,,,q1_graph5,2026-01-01 00:00:00,2026-01-01,1,1,1,0,financial,1,person,4,financial_category
631903,5,630626,31536000,3654.46,,,,,,,q1_graph5,2026-01-01 00:00:00,2026-01-01,1,1,1,0,financial,1,person,4,financial_category
631903,5,527449,31536000,236.72,,,,,,,q1_graph5,2026-01-01 00:00:00,2026-01-01,1,1,1,0,financial,1,person,4,financial_category
631903,5,459381,31536000,205.47,,,,,,,q1_graph5,2026-01-01 00:00:00,2026-01-01,1,1,1,0,financial,1,person,4,financial_category
631903,5,595298,31536000,1661.68,,,,,,,q1_graph5,2026-01-01 00:00:00,2026-01-01,1,1,1,0,financial,1,person,4,financial_category
631903,5,466907,31536000,794.81,,,,,,,q1_graph5,2026-01-01 00:00:00,2026-01-01,1,1,1,0,financial,1,person,4,financial_category
631903,5,606730,31536000,268.99,,,,,,,q1_graph5,2026-01-01 00:00:00,2026-01-01,1,1,1,0,financial,1,person,4,financial_category
631903,5,589943,31536000,1605.74,,,,,,,q1_graph5,2026-01-01 00:00:00,2026-01-01,1,1,1,0,financial,1,person,4,financial_category
631903,5,537281,31536000,717.54,,,,,,,q1_graph5,2026-01-01 00:00:00,2026-01-01,1,1,1,0,financial,1,person,4,financial_category
631903,5,523927,31536000,2819.24,,,,,,,q1_graph5,2026-01-01 00:00:00,2026-01-01,1,1,1,0,financial,1,person,4,financial_category
631903,5,580426,31536000,529.93,,,,,,,q1_graph5,2026-01-01 00:00:00,2026-01-01,1,1,1,0,financial,1,person,4,financial_category
631903,5,595581,31536000,355.59,,,,,,,q1_graph5,2026-01-01 00:00:00,2026-01-01,1,1,1,0,financial,1,person,4,financial_category
631903,5,503701,31536000,2988.87,,,,,,,q1_graph5,2026-01-01 00:00:00,2026-01-01,1,1,1,0,financial,1,person,4,financial_category
631903,5,571970,31536000,62.49,,,,,,,q1_graph5,2026-01-01 00:00:00,2026-01-01,1,1,1,0,financial,1,person,4,financial_category
631903,5,473173,31536000,822.66,,,,,,,q1_graph5,2026-01-01 00:00:00,2026-01-01,1,1,1,0,financial,1,person,4,financial_category
631903,5,620120,31536000,3515.59,,,,,,,q1_graph5,2026-01-01 00:00:00,2026-01-01,1,1,1,0,financial,1,person,4,financial_category
631903,5,575030,31536000,5123.35,,,,,,,q1_graph5,2026-01-01 00:00:00,2026-01-01,1,1,1,0,financial,1,person,4,financial_category
552988,5,631903,31536000,23118.1,,,,,,,q1_graph5,2026-01-01 00:00:00,2026-01-01,1,1,1,0,financial,4,financial_category,1,person
524153,5,640784,31536000,229.28,,,,,,,q1_graph5,2026-01-01 00:00:00,2026-01-01,1,1,1,0,financial,1,person,4,financial_category
524153,5,536346,31536000,3631.34,,,,,,,q1_graph5,2026-01-01 00:00:00,2026-01-01,1,1,1,0,financial,1,person,4,financial_category
524153,5,527449,31536000,1348.59,,,,,,,q1_graph5,2026-01-01 00:00:00,2026-01-01,1,1,1,0,financial,1,person,4,financial_category
524153,5,459381,31536000,1171.36,,,,,,,q1_graph5,2026-01-01 00:00:00,2026-01-01,1,1,1,0,financial,1,person,4,financial_category
524153,5,595298,31536000,7740.68,,,,,,,q1_graph5,2026-01-01 00:00:00,2026-01-01,1,1,1,0,financial,1,person,4,financial_category
524153,5,466907,31536000,143.57,,,,,,,q1_graph5,2026-01-01 00:00:00,2026-01-01,1,1,1,0,financial,1,person,4,financial_category
524153,5,589943,31536000,4739.4,,,,,,,q1_graph5,2026-01-01 00:00:00,2026-01-01,1,1,1,0,financial,1,person,4,financial_category
524153,5,537281,31536000,315.31,,,,,,,q1_graph5,2026-01-01 00:00:00,2026-01-01,1,1,1,0,financial,1,person,4,financial_category
524153,5,595581,31536000,507.95,,,,,,,q1_graph5,2026-01-01 00:00:00,2026-01-01,1,1,1,0,financial,1,person,4,financial_category
524153,5,616315,31536000,3609.81,,,,,,,q1_graph5,2026-01-01 00:00:00,2026-01-01,1,1,1,0,financial,1,person,4,financial_category
524153,5,642329,31536000,930.86,,,,,,,q1_graph5,2026-01-01 00:00:00,2026-01-01,1,1,1,0,financial,1,person,4,financial_category
524153,5,503701,31536000,6028.1,,,,,,,q1_graph5,2026-01-01 00:00:00,2026-01-01,1,1,1,0,financial,1,person,4,financial_category
524153,5,571970,31536000,11.03,,,,,,,q1_graph5,2026-01-01 00:00:00,2026-01-01,1,1,1,0,financial,1,person,4,financial_category
524153,5,644226,31536000,2189.28,,,,,,,q1_graph5,2026-01-01 00:00:00,2026-01-01,1,1,1,0,financial,1,person,4,financial_category
524153,5,473173,31536000,21.71,,,,,,,q1_graph5,2026-01-01 00:00:00,2026-01-01,1,1,1,0,financial,1,person,4,financial_category
524153,5,620120,31536000,1807.45,,,,,,,q1_graph5,2026-01-01 00:00:00,2026-01-01,1,1,1,0,financial,1,person,4,financial_category
524153,5,575030,31536000,17503.1,,,,,,,q1_graph5,2026-01-01 00:00:00,2026-01-01,1,1,1,0,financial,1,person,4,financial_category
524153,5,621924,31536000,3196.25,,,,,,,q1_graph5,2026-01-01 00:00:00,2026-01-01,1,1,1,0,financial,1,person,4,financial_category
510031,5,524153,31536000,4561.47,,,,,,,q1_graph5,2026-01-01 00:00:00,2026-01-01,1,1,1,0,financial,4,financial_category,1,person
552988,5,524153,31536000,23069.8,,,,,,,q1_graph5,2026-01-01 00:00:00,2026-01-01,1,1,1,0,financial,4,financial_category,1,person
549840,5,640784,31536000,205.38,,,,,,,q1_graph5,2026-01-01 00:00:00,2026-01-01,1,1,1,0,financial,1,person,4,financial_category
549840,5,536346,31536000,713.73,,,,,,,q1_graph5,2026-01-01 00:00:00,2026-01-01,1,1,1,0,financial,1,person,4,financial_category
549840,5,567195,31536000,2024.76,,,,,,,q1_graph5,2026-01-01 00:00:00,2026-01-01,1,1,1,0,financial,1,person,4,financial_category
549840,5,527449,31536000,223.53,,,,,,,q1_graph5,2026-01-01 00:00:00,2026-01-01,1,1,1,0,financial,1,person,4,financial_category
549840,5,459381,31536000,574.87,,,,,,,q1_graph5,2026-01-01 00:00:00,2026-01-01,1,1,1,0,financial,1,person,4,financial_category
549840,5,595298,31536000,195.71,,,,,,,q1_graph5,2026-01-01 00:00:00,2026-01-01,1,1,1,0,financial,1,person,4,financial_category
549840,5,466907,31536000,386.66,,,,,,,q1_graph5,2026-01-01 00:00:00,2026-01-01,1,1,1,0,financial,1,person,4,financial_category
549840,5,589943,31536000,1291.33,,,,,,,q1_graph5,2026-01-01 00:00:00,2026-01-01,1,1,1,0,financial,1,person,4,financial_category
549840,5,577992,31536000,2987.84,,,,,,,q1_graph5,2026-01-01 00:00:00,2026-01-01,1,1,1,0,financial,1,person,4,financial_category
549840,5,537281,31536000,392.46,,,,,,,q1_graph5,2026-01-01 00:00:00,2026-01-01,1,1,1,0,financial,1,person,4,financial_category
549840,5,523927,31536000,345.49,,,,,,,q1_graph5,2026-01-01 00:00:00,2026-01-01,1,1,1,0,financial,1,person,4,financial_category
549840,5,616315,31536000,216.7,,,,,,,q1_graph5,2026-01-01 00:00:00,2026-01-01,1,1,1,0,financial,1,person,4,financial_category
549840,5,503701,31536000,2683.2,,,,,,,q1_graph5,2026-01-01 00:00:00,2026-01-01,1,1,1,0,financial,1,person,4,financial_category
549840,5,644226,31536000,643.26,,,,,,,q1_graph5,2026-01-01 00:00:00,2026-01-01,1,1,1,0,financial,1,person,4,financial_category
549840,5,632961,31536000,273.58,,,,,,,q1_graph5,2026-01-01 00:00:00,2026-01-01,1,1,1,0,financial,1,person,4,financial_category
549840,5,473173,31536000,1676.57,,,,,,,q1_graph5,2026-01-01 00:00:00,2026-01-01,1,1,1,0,financial,1,person,4,financial_category
549840,5,620120,31536000,653.86,,,,,,,q1_graph5,2026-01-01 00:00:00,2026-01-01,1,1,1,0,financial,1,person,4,financial_category
549840,5,575030,31536000,4156.52,,,,,,,q1_graph5,2026-01-01 00:00:00,2026-01-01,1,1,1,0,financial,1,person,4,financial_category
549840,5,621924,31536000,248.04,,,,,,,q1_graph5,2026-01-01 00:00:00,2026-01-01,1,1,1,0,financial,1,person,4,financial_category
510031,5,549840,31536000,762.06,,,,,,,q1_graph5,2026-01-01 00:00:00,2026-01-01,1,1,1,0,financial,4,financial_category,1,person
552988,5,549840,31536000,10144.0,,,,,,,q1_graph5,2026-01-01 00:00:00,2026-01-01,1,1,1,0,financial,4,financial_category,1,person
477657,5,640784,31536000,101.86,,,,,,,q1_graph5,2026-01-01 00:00:00,2026-01-01,1,1,1,0,financial,1,person,4,financial_category
477657,5,630626,31536000,1164.18,,,,,,,q1_graph5,2026-01-01 00:00:00,2026-01-01,1,1,1,0,financial,1,person,4,financial_category
477657,5,567195,31536000,118.6,,,,,,,q1_graph5,2026-01-01 00:00:00,2026-01-01,1,1,1,0,financial,1,person,4,financial_category
477657,5,527449,31536000,116.35,,,,,,,q1_graph5,2026-01-01 00:00:00,2026-01-01,1,1,1,0,financial,1,person,4,financial_category
477657,5,459381,31536000,146.31,,,,,,,q1_graph5,2026-01-01 00:00:00,2026-01-01,1,1,1,0,financial,1,person,4,financial_category
477657,5,595298,31536000,718.46,,,,,,,q1_graph5,2026-01-01 00:00:00,2026-01-01,1,1,1,0,financial,1,person,4,financial_category
477657,5,466907,31536000,252.01,,,,,,,q1_graph5,2026-01-01 00:00:00,2026-01-01,1,1,1,0,financial,1,person,4,financial_category
477657,5,589943,31536000,565.75,,,,,,,q1_graph5,2026-01-01 00:00:00,2026-01-01,1,1,1,0,financial,1,person,4,financial_category
477657,5,595581,31536000,302.61,,,,,,,q1_graph5,2026-01-01 00:00:00,2026-01-01,1,1,1,0,financial,1,person,4,financial_category
477657,5,616315,31536000,581.82,,,,,,,q1_graph5,2026-01-01 00:00:00,2026-01-01,1,1,1,0,financial,1,person,4,financial_category
477657,5,503701,31536000,513.34,,,,,,,q1_graph5,2026-01-01 00:00:00,2026-01-01,1,1,1,0,financial,1,person,4,financial_category
477657,5,571970,31536000,0.17,,,,,,,q1_graph5,2026-01-01 00:00:00,2026-01-01,1,1,1,0,financial,1,person,4,financial_category
477657,5,473173,31536000,437.04,,,,,,,q1_graph5,2026-01-01 00:00:00,2026-01-01,1,1,1,0,financial,1,person,4,financial_category
477657,5,620120,31536000,162.53,,,,,,,q1_graph5,2026-01-01 00:00:00,2026-01-01,1,1,1,0,financial,1,person,4,financial_category
477657,5,575030,31536000,2123.92,,,,,,,q1_graph5,2026-01-01 00:00:00,2026-01-01,1,1,1,0,financial,1,person,4,financial_category
510031,5,477657,31536000,392.38,,,,,,,q1_graph5,2026-01-01 00:00:00,2026-01-01,1,1,1,0,financial,4,financial_category,1,person
552988,5,477657,31536000,3562.94,,,,,,,q1_graph5,2026-01-01 00:00:00,2026-01-01,1,1,1,0,financial,4,financial_category,1,person
594308,5,536346,31536000,2416.01,,,,,,,q1_graph5,2026-01-01 00:00:00,2026-01-01,1,1,1,0,financial,1,person,4,financial_category
594308,5,520660,31536000,2240.53,,,,,,,q1_graph5,2026-01-01 00:00:00,2026-01-01,1,1,1,0,financial,1,person,4,financial_category
594308,5,567195,31536000,3651.56,,,,,,,q1_graph5,2026-01-01 00:00:00,2026-01-01,1,1,1,0,financial,1,person,4,financial_category
594308,5,527449,31536000,487.49,,,,,,,q1_graph5,2026-01-01 00:00:00,2026-01-01,1,1,1,0,financial,1,person,4,financial_category
594308,5,459381,31536000,298.61,,,,,,,q1_graph5,2026-01-01 00:00:00,2026-01-01,1,1,1,0,financial,1,person,4,financial_category
594308,5,595298,31536000,81.19,,,,,,,q1_graph5,2026-01-01 00:00:00,2026-01-01,1,1,1,0,financial,1,person,4,financial_category
594308,5,466907,31536000,632.36,,,,,,,q1_graph5,2026-01-01 00:00:00,2026-01-01,1,1,1,0,financial,1,person,4,financial_category
594308,5,589943,31536000,71.01,,,,,,,q1_graph5,2026-01-01 00:00:00,2026-01-01,1,1,1,0,financial,1,person,4,financial_category
594308,5,523927,31536000,2959.18,,,,,,,q1_graph5,2026-01-01 00:00:00,2026-01-01,1,1,1,0,financial,1,person,4,financial_category
594308,5,580426,31536000,247.67,,,,,,,q1_graph5,2026-01-01 00:00:00,2026-01-01,1,1,1,0,financial,1,person,4,financial_category
594308,5,595581,31536000,3002.98,,,,,,,q1_graph5,2026-01-01 00:00:00,2026-01-01,1,1,1,0,financial,1,person,4,financial_category
594308,5,616315,31536000,2958.78,,,,,,,q1_graph5,2026-01-01 00:00:00,2026-01-01,1,1,1,0,financial,1,person,4,financial_category
594308,5,642329,31536000,571.12,,,,,,,q1_graph5,2026-01-01 00:00:00,2026-01-01,1,1,1,0,financial,1,person,4,financial_category
594308,5,503701,31536000,1019.14,,,,,,,q1_graph5,2026-01-01 00:00:00,2026-01-01,1,1,1,0,financial,1,person,4,financial_category
594308,5,644226,31536000,974.96,,,,,,,q1_graph5,2026-01-01 00:00:00,2026-01-01,1,1,1,0,financial,1,person,4,financial_category
594308,5,632961,31536000,284.64,,,,,,,q1_graph5,2026-01-01 00:00:00,2026-01-01,1,1,1,0,financial,1,person,4,financial_category
594308,5,473173,31536000,657.17,,,,,,,q1_graph5,2026-01-01 00:00:00,2026-01-01,1,1,1,0,financial,1,person,4,financial_category
594308,5,620120,31536000,3468.46,,,,,,,q1_graph5,2026-01-01 00:00:00,2026-01-01,1,1,1,0,financial,1,person,4,financial_category
594308,5,575030,31536000,6971.99,,,,,,,q1_graph5,2026-01-01 00:00:00,2026-01-01,1,1,1,0,financial,1,person,4,financial_category
594308,5,621924,31536000,190.0,,,,,,,q1_graph5,2026-01-01 00:00:00,2026-01-01,1,1,1,0,financial,1,person,4,financial_category
510031,5,594308,31536000,1693.86,,,,,,,q1_graph5,2026-01-01 00:00:00,2026-01-01,1,1,1,0,financial,4,financial_category,1,person
552988,5,594308,31536000,33720.8,,,,,,,q1_graph5,2026-01-01 00:00:00,2026-01-01,1,1,1,0,financial,4,financial_category,1,person
573137,5,640784,31536000,581.83,,,,,,,q1_graph5,2026-01-01 00:00:00,2026-01-01,1,1,1,0,financial,1,person,4,financial_category
573137,5,630626,31536000,254.74,,,,,,,q1_graph5,2026-01-01 00:00:00,2026-01-01,1,1,1,0,financial,1,person,4,financial_category
573137,5,567195,31536000,1357.29,,,,,,,q1_graph5,2026-01-01 00:00:00,2026-01-01,1,1,1,0,financial,1,person,4,financial_category
573137,5,527449,31536000,45.68,,,,,,,q1_graph5,2026-01-01 00:00:00,2026-01-01,1,1,1,0,financial,1,person,4,financial_category
573137,5,459381,31536000,210.35,,,,,,,q1_graph5,2026-01-01 00:00:00,2026-01-01,1,1,1,0,financial,1,person,4,financial_category
573137,5,595298,31536000,1725.25,,,,,,,q1_graph5,2026-01-01 00:00:00,2026-01-01,1,1,1,0,financial,1,person,4,financial_category
573137,5,466907,31536000,322.4,,,,,,,q1_graph5,2026-01-01 00:00:00,2026-01-01,1,1,1,0,financial,1,person,4,financial_category
573137,5,589943,31536000,2555.9,,,,,,,q1_graph5,2026-01-01 00:00:00,2026-01-01,1,1,1,0,financial,1,person,4,financial_category
573137,5,577992,31536000,83.46,,,,,,,q1_graph5,2026-01-01 00:00:00,2026-01-01,1,1,1,0,financial,1,person,4,financial_category
573137,5,537281,31536000,426.33,,,,,,,q1_graph5,2026-01-01 00:00:00,2026-01-01,1,1,1,0,financial,1,person,4,financial_category
573137,5,580426,31536000,53.93,,,,,,,q1_graph5,2026-01-01 00:00:00,2026-01-01,1,1,1,0,financial,1,person,4,financial_category
573137,5,595581,31536000,625.06,,,,,,,q1_graph5,2026-01-01 00:00:00,2026-01-01,1,1,1,0,financial,1,person,4,financial_category
573137,5,503701,31536000,1210.4,,,,,,,q1_graph5,2026-01-01 00:00:00,2026-01-01,1,1,1,0,financial,1,person,4,financial_category
573137,5,632961,31536000,297.91,,,,,,,q1_graph5,2026-01-01 00:00:00,2026-01-01,1,1,1,0,financial,1,person,4,financial_category
573137,5,473173,31536000,248.56,,,,,,,q1_graph5,2026-01-01 00:00:00,2026-01-01,1,1,1,0,financial,1,person,4,financial_category
573137,5,620120,31536000,1295.19,,,,,,,q1_graph5,2026-01-01 00:00:00,2026-01-01,1,1,1,0,financial,1,person,4,financial_category
573137,5,575030,31536000,4835.03,,,,,,,q1_graph5,2026-01-01 00:00:00,2026-01-01,1,1,1,0,financial,1,person,4,financial_category
573137,5,621924,31536000,328.93,,,,,,,q1_graph5,2026-01-01 00:00:00,2026-01-01,1,1,1,0,financial,1,person,4,financial_category
552988,5,573137,31536000,11488.3,,,,,,,q1_graph5,2026-01-01 00:00:00,2026-01-01,1,1,1,0,financial,4,financial_category,1,person
